21:21:31 INFO               [App] SnowLuma starting
21:21:32 INFO               [WebUI] ════════════════════════════════════════════════════════════════
21:21:32 INFO               [WebUI]   ★ WebUI 初始登录凭据 / Initial WebUI Credentials ★
21:21:32 INFO               [WebUI]   请立即登录并修改密码 —— 关闭程序后此密码无法找回。
21:21:32 INFO               [WebUI]   若跳过初始改密，下次启动将自动生成新的随机密码。
21:21:32 INFO               [WebUI]   Log in and change the password now; it will not be shown again.
21:21:32 INFO               [WebUI] ────────────────────────────────────────────────────────────────
21:21:32 INFO               [WebUI] ════════════════════════════════════════════════════════════════
21:21:32 INFO               [WebUI] login rate-limit keyed by: socket peer (default)
21:21:32 INFO               [WebUI] awaiting EULA/PRIVACY consent before the panel unlocks
21:21:32 INFO               [WebUI] listening http://127.0.0.1:5099
21:23:40 INFO               [WebUI] agreements consent recorded (version=dcb31a7b03a0b64d)
21:23:58 INFO               [WebUI] password updated; all sessions invalidated
21:24:59 DEBUG              [Bridge] session started: UIN=3868978960
21:24:59 OK                 [Hook] login detected: PID=14468 UIN=3868978960
21:24:59 INFO               [Hook] pipe connected: PID=14468
21:24:59 INFO               [SysFace] system face catalog refreshed: entries=393 uniqueFaces=357 overlaps=36 packs=11 elapsedMs=181
21:24:59 INFO               [Bridge] friends loaded: UIN=3868978960 count=2
21:24:59 DEBUG              [Bridge] self info: UIN=3868978960 uid=u_jZJgPsdnXIKKkbBRm7oOyQ nickname=(ㆀ˘･з･˘)
21:25:00 INFO               [OneBot] session started: UIN=3868978960
21:25:00 OK    [3868978960] [OneBot.HTTP] [http-default] listening 127.0.0.1:3000/
21:25:00 OK    [3868978960] [OneBot.WS-Server] [ws-default] listening 127.0.0.1:3001/
21:25:00 INFO               [OneBot] network startup applied: UIN=3868978960 adapters=2
21:25:00 INFO               [Bridge] groups loaded: UIN=3868978960 count=1
21:25:00 INFO               [OneBot] rkeys loaded: UIN=3868978960 count=2
21:25:00 INFO               [Bridge.Contacts] loaded robot UIN ranges uin=3868978960 version=206 count=5
21:25:00 INFO               [Bridge] member warmup completed: UIN=3868978960 groups=1/1 members=254 failed=0
21:25:00 DEBUG [3868978960] [Event] login history sync disabled for this account lifecycle
21:25:52 DEBUG [3868978960] [OneBot.WS-Server] [ws-default] rejected unauthorized WebSocket upgrade
21:25:52 DEBUG [3868978960] [OneBot.WS-Server] [ws-default] rejected unauthorized WebSocket upgrade
21:26:22 DEBUG              [MsgPush.UnknownElement] wire element ignored unknownTag=1 wireType=2 count=1 bytes=33 reason=no schema decoder path=body.richText
21:26:22 DEBUG              [MsgPush.UnknownElement] wire element ignored unknownTag=10 wireType=0 count=1 bytes=1 reason=no schema decoder path=elem.generalFlags
21:26:22 DEBUG              [MsgPush.UnknownElement] wire element ignored unknownTag=12 wireType=0 count=1 bytes=1 reason=no schema decoder path=elem.generalFlags
21:26:22 DEBUG              [MsgPush.UnknownElement] wire element ignored unknownTag=13 wireType=0 count=1 bytes=1 reason=no schema decoder path=elem.generalFlags
21:26:22 DEBUG              [MsgPush.UnknownElement] wire element ignored unknownTag=17 wireType=0 count=1 bytes=1 reason=no schema decoder path=elem.generalFlags
21:26:22 DEBUG              [MsgPush.UnknownElement] wire element ignored unknownTag=19 wireType=2 count=1 bytes=107 reason=no schema decoder path=elem.generalFlags
21:26:22 DEBUG              [MsgPush.UnknownElement] wire element ignored unknownTag=9 wireType=2 count=1 bytes=8 reason=no schema decoder path=elem
21:26:22 OK    [3868978960] [Event] 群 [NSUK模组-高级用户群(455415527)] | [我是梦蓝咯(3630797734)]: ID:-412182269 npm start
node src/bridge.js
21:26:57 DEBUG [3868978960] [OneBot.WS-Server] [ws-default] rejected unauthorized WebSocket upgrade
21:26:57 DEBUG [3868978960] [OneBot.WS-Server] [ws-default] rejected unauthorized WebSocket upgrade
21:30:02 DEBUG              [MsgPush.UnknownElement] wire element ignored unknownTag=1 wireType=2 count=1 bytes=34 reason=no schema decoder path=body.richText
21:30:02 DEBUG              [MsgPush.UnknownElement] wire element ignored unknownTag=10 wireType=0 count=1 bytes=1 reason=no schema decoder path=elem.generalFlags
21:30:02 DEBUG              [MsgPush.UnknownElement] wire element ignored unknownTag=12 wireType=0 count=1 bytes=1 reason=no schema decoder path=elem.generalFlags
21:30:02 DEBUG              [MsgPush.UnknownElement] wire element ignored unknownTag=13 wireType=0 count=1 bytes=1 reason=no schema decoder path=elem.generalFlags
21:30:02 DEBUG              [MsgPush.UnknownElement] wire element ignored unknownTag=16 wireType=0 count=1 bytes=1 reason=no schema decoder path=elem.generalFlags
21:30:02 DEBUG              [MsgPush.UnknownElement] wire element ignored unknownTag=17 wireType=0 count=1 bytes=1 reason=no schema decoder path=elem.generalFlags
21:30:02 DEBUG              [MsgPush.UnknownElement] wire element ignored unknownTag=19 wireType=2 count=1 bytes=107 reason=no schema decoder path=elem.generalFlags
21:30:02 DEBUG              [MsgPush.UnknownElement] wire element ignored unknownTag=9 wireType=2 count=1 bytes=3 reason=no schema decoder path=elem
21:30:02 DEBUG              [MsgPush.UnknownElement] wire element ignored unknownTag=2 wireType=2 count=1 bytes=21 reason=no schema decoder path=commonElem.msgInfo.msgInfoBody[0].hashSum
21:30:02 DEBUG              [MsgPush.UnknownElement] wire element ignored unknownTag=4 wireType=2 count=1 bytes=3 reason=no schema decoder path=commonElem.msgInfo.extBizInfo
21:30:02 OK    [3868978960] [Event] 群 [NSUK模组-高级用户群(455415527)] | [昔(2706130400)]: ID:1966480206 [图片]
21:30:12 DEBUG              [MsgPush.UnknownElement] wire element ignored unknownTag=1 wireType=2 count=1 bytes=34 reason=no schema decoder path=body.richText
21:30:12 DEBUG              [MsgPush.UnknownElement] wire element ignored unknownTag=2 wireType=2 count=1 bytes=21 reason=no schema decoder path=commonElem.msgInfo.msgInfoBody[0].hashSum
21:30:12 DEBUG              [MsgPush.UnknownElement] wire element ignored unknownTag=4 wireType=2 count=1 bytes=3 reason=no schema decoder path=commonElem.msgInfo.extBizInfo
21:30:12 DEBUG              [MsgPush.UnknownElement] wire element ignored unknownTag=9 wireType=2 count=1 bytes=3 reason=no schema decoder path=elem
21:30:12 DEBUG              [MsgPush.UnknownElement] wire element ignored unknownTag=10 wireType=0 count=1 bytes=1 reason=no schema decoder path=elem.generalFlags
21:30:12 DEBUG              [MsgPush.UnknownElement] wire element ignored unknownTag=12 wireType=0 count=1 bytes=1 reason=no schema decoder path=elem.generalFlags
21:30:12 DEBUG              [MsgPush.UnknownElement] wire element ignored unknownTag=13 wireType=0 count=1 bytes=1 reason=no schema decoder path=elem.generalFlags
21:30:12 DEBUG              [MsgPush.UnknownElement] wire element ignored unknownTag=19 wireType=2 count=1 bytes=89 reason=no schema decoder path=elem.generalFlags
21:30:12 OK    [3868978960] [Event] [自身] 群 [NSUK模组-高级用户群(455415527)] | [机器人测试账号(3868978960)]: ID:604311858 [图片]
21:30:14 DEBUG [3868978960] [OneBot.WS-Server] [ws-default] rejected unauthorized WebSocket upgrade
21:30:14 DEBUG [3868978960] [OneBot.WS-Server] [ws-default] rejected unauthorized WebSocket upgrade
21:30:14 DEBUG [3868978960] [OneBot.WS-Server] [ws-default] rejected unauthorized WebSocket upgrade
21:30:14 DEBUG [3868978960] [OneBot.WS-Server] [ws-default] rejected unauthorized WebSocket upgrade
21:30:14 DEBUG [3868978960] [OneBot.WS-Server] [ws-default] rejected unauthorized WebSocket upgrade
21:30:14 DEBUG [3868978960] [OneBot.WS-Server] [ws-default] rejected unauthorized WebSocket upgrade
21:30:15 DEBUG [3868978960] [OneBot.WS-Server] [ws-default] rejected unauthorized WebSocket upgrade
21:30:15 DEBUG [3868978960] [OneBot.WS-Server] [ws-default] rejected unauthorized WebSocket upgrade
21:30:17 DEBUG [3868978960] [OneBot.WS-Server] [ws-default] rejected unauthorized WebSocket upgrade
21:30:17 DEBUG [3868978960] [OneBot.WS-Server] [ws-default] rejected unauthorized WebSocket upgrade
21:30:21 DEBUG [3868978960] [OneBot.WS-Server] [ws-default] rejected unauthorized WebSocket upgrade
21:30:21 DEBUG [3868978960] [OneBot.WS-Server] [ws-default] rejected unauthorized WebSocket upgrade
21:30:29 DEBUG [3868978960] [OneBot.WS-Server] [ws-default] rejected unauthorized WebSocket upgrade
21:30:29 DEBUG [3868978960] [OneBot.WS-Server] [ws-default] rejected unauthorized WebSocket upgrade
21:30:45 DEBUG [3868978960] [OneBot.WS-Server] [ws-default] rejected unauthorized WebSocket upgrade
21:30:45 DEBUG [3868978960] [OneBot.WS-Server] [ws-default] rejected unauthorized WebSocket upgrade
21:30:50 DEBUG              [Hook] receive health armed by QQ heartbeat: PID=14468 UIN=3868978960
21:31:15 DEBUG [3868978960] [OneBot.WS-Server] [ws-default] rejected unauthorized WebSocket upgrade
21:31:15 DEBUG [3868978960] [OneBot.WS-Server] [ws-default] rejected unauthorized WebSocket upgrade
21:31:45 DEBUG [3868978960] [OneBot.WS-Server] [ws-default] rejected unauthorized WebSocket upgrade
21:31:45 DEBUG [3868978960] [OneBot.WS-Server] [ws-default] rejected unauthorized WebSocket upgrade
21:32:15 DEBUG [3868978960] [OneBot.WS-Server] [ws-default] rejected unauthorized WebSocket upgrade
21:32:15 DEBUG [3868978960] [OneBot.WS-Server] [ws-default] rejected unauthorized WebSocket upgrade
21:32:45 DEBUG [3868978960] [OneBot.WS-Server] [ws-default] rejected unauthorized WebSocket upgrade
21:32:45 DEBUG [3868978960] [OneBot.WS-Server] [ws-default] rejected unauthorized WebSocket upgrade
21:32:47 DEBUG [3868978960] [OneBot.WS-Server] [ws-default] rejected unauthorized WebSocket upgrade
21:32:47 DEBUG [3868978960] [OneBot.WS-Server] [ws-default] rejected unauthorized WebSocket upgrade
21:32:47 DEBUG [3868978960] [OneBot.WS-Server] [ws-default] rejected unauthorized WebSocket upgrade
21:32:47 DEBUG [3868978960] [OneBot.WS-Server] [ws-default] rejected unauthorized WebSocket upgrade
21:33:18 DEBUG [3868978960] [OneBot.WS-Server] [ws-default] rejected unauthorized WebSocket upgrade
21:33:18 DEBUG [3868978960] [OneBot.WS-Server] [ws-default] rejected unauthorized WebSocket upgrade
21:33:18 DEBUG [3868978960] [OneBot.WS-Server] [ws-default] rejected unauthorized WebSocket upgrade
21:33:18 DEBUG [3868978960] [OneBot.WS-Server] [ws-default] rejected unauthorized WebSocket upgrade
21:33:18 DEBUG [3868978960] [OneBot.WS-Server] [ws-default] rejected unauthorized WebSocket upgrade
21:33:18 DEBUG [3868978960] [OneBot.WS-Server] [ws-default] rejected unauthorized WebSocket upgrade
21:33:19 DEBUG [3868978960] [OneBot.WS-Server] [ws-default] rejected unauthorized WebSocket upgrade
21:33:19 DEBUG [3868978960] [OneBot.WS-Server] [ws-default] rejected unauthorized WebSocket upgrade
21:33:21 DEBUG [3868978960] [OneBot.WS-Server] [ws-default] rejected unauthorized WebSocket upgrade
21:33:21 DEBUG [3868978960] [OneBot.WS-Server] [ws-default] rejected unauthorized WebSocket upgrade
21:33:25 DEBUG [3868978960] [OneBot.WS-Server] [ws-default] rejected unauthorized WebSocket upgrade
21:33:25 DEBUG [3868978960] [OneBot.WS-Server] [ws-default] rejected unauthorized WebSocket upgrade
21:33:33 DEBUG [3868978960] [OneBot.WS-Server] [ws-default] rejected unauthorized WebSocket upgrade
21:33:33 DEBUG [3868978960] [OneBot.WS-Server] [ws-default] rejected unauthorized WebSocket upgrade
21:33:49 DEBUG [3868978960] [OneBot.WS-Server] [ws-default] rejected unauthorized WebSocket upgrade
21:33:49 DEBUG [3868978960] [OneBot.WS-Server] [ws-default] rejected unauthorized WebSocket upgrade
21:34:19 DEBUG [3868978960] [OneBot.WS-Server] [ws-default] rejected unauthorized WebSocket upgrade
21:34:19 DEBUG [3868978960] [OneBot.WS-Server] [ws-default] rejected unauthorized WebSocket upgrade
21:34:49 DEBUG [3868978960] [OneBot.WS-Server] [ws-default] rejected unauthorized WebSocket upgrade
21:34:49 DEBUG [3868978960] [OneBot.WS-Server] [ws-default] rejected unauthorized WebSocket upgrade
21:35:19 DEBUG [3868978960] [OneBot.WS-Server] [ws-default] rejected unauthorized WebSocket upgrade
21:35:19 DEBUG [3868978960] [OneBot.WS-Server] [ws-default] rejected unauthorized WebSocket upgrade
21:35:49 DEBUG [3868978960] [OneBot.WS-Server] [ws-default] rejected unauthorized WebSocket upgrade
21:35:49 DEBUG [3868978960] [OneBot.WS-Server] [ws-default] rejected unauthorized WebSocket upgrade
21:36:19 DEBUG [3868978960] [OneBot.WS-Server] [ws-default] rejected unauthorized WebSocket upgrade
21:36:19 DEBUG [3868978960] [OneBot.WS-Server] [ws-default] rejected unauthorized WebSocket upgrade
21:36:43 DEBUG [3868978960] [Bridge.Action] get_group_list params=
21:36:49 DEBUG [3868978960] [OneBot.WS-Server] [ws-default] rejected unauthorized WebSocket upgrade
21:36:49 DEBUG [3868978960] [OneBot.WS-Server] [ws-default] rejected unauthorized WebSocket upgrade
21:37:19 DEBUG [3868978960] [OneBot.WS-Server] [ws-default] rejected unauthorized WebSocket upgrade
21:37:19 DEBUG [3868978960] [OneBot.WS-Server] [ws-default] rejected unauthorized WebSocket upgrade
21:37:49 DEBUG [3868978960] [OneBot.WS-Server] [ws-default] rejected unauthorized WebSocket upgrade
21:37:49 DEBUG [3868978960] [OneBot.WS-Server] [ws-default] rejected unauthorized WebSocket upgrade
21:38:19 DEBUG [3868978960] [OneBot.WS-Server] [ws-default] rejected unauthorized WebSocket upgrade
21:38:19 DEBUG [3868978960] [OneBot.WS-Server] [ws-default] rejected unauthorized WebSocket upgrade
21:38:49 DEBUG [3868978960] [OneBot.WS-Server] [ws-default] rejected unauthorized WebSocket upgrade
21:38:49 DEBUG [3868978960] [OneBot.WS-Server] [ws-default] rejected unauthorized WebSocket upgrade
21:39:19 DEBUG [3868978960] [OneBot.WS-Server] [ws-default] rejected unauthorized WebSocket upgrade
21:39:19 DEBUG [3868978960] [OneBot.WS-Server] [ws-default] rejected unauthorized WebSocket upgrade
21:39:49 DEBUG [3868978960] [OneBot.WS-Server] [ws-default] rejected unauthorized WebSocket upgrade
21:39:49 DEBUG [3868978960] [OneBot.WS-Server] [ws-default] rejected unauthorized WebSocket upgrade
21:40:19 DEBUG [3868978960] [OneBot.WS-Server] [ws-default] rejected unauthorized WebSocket upgrade
21:40:19 DEBUG [3868978960] [OneBot.WS-Server] [ws-default] rejected unauthorized WebSocket upgrade
21:40:49 DEBUG [3868978960] [OneBot.WS-Server] [ws-default] rejected unauthorized WebSocket upgrade
21:40:49 DEBUG [3868978960] [OneBot.WS-Server] [ws-default] rejected unauthorized WebSocket upgrade
21:41:19 DEBUG [3868978960] [OneBot.WS-Server] [ws-default] rejected unauthorized WebSocket upgrade
21:41:19 DEBUG [3868978960] [OneBot.WS-Server] [ws-default] rejected unauthorized WebSocket upgrade
21:41:49 DEBUG [3868978960] [OneBot.WS-Server] [ws-default] rejected unauthorized WebSocket upgrade
21:41:49 DEBUG [3868978960] [OneBot.WS-Server] [ws-default] rejected unauthorized WebSocket upgrade
21:42:19 DEBUG [3868978960] [OneBot.WS-Server] [ws-default] rejected unauthorized WebSocket upgrade
21:42:19 DEBUG [3868978960] [OneBot.WS-Server] [ws-default] rejected unauthorized WebSocket upgrade
21:42:49 DEBUG [3868978960] [OneBot.WS-Server] [ws-default] rejected unauthorized WebSocket upgrade
21:42:49 DEBUG [3868978960] [OneBot.WS-Server] [ws-default] rejected unauthorized WebSocket upgrade
21:43:19 DEBUG [3868978960] [OneBot.WS-Server] [ws-default] rejected unauthorized WebSocket upgrade
21:43:19 DEBUG [3868978960] [OneBot.WS-Server] [ws-default] rejected unauthorized WebSocket upgrade
21:43:49 DEBUG [3868978960] [OneBot.WS-Server] [ws-default] rejected unauthorized WebSocket upgrade
21:43:49 DEBUG [3868978960] [OneBot.WS-Server] [ws-default] rejected unauthorized WebSocket upgrade
21:44:19 DEBUG [3868978960] [OneBot.WS-Server] [ws-default] rejected unauthorized WebSocket upgrade
21:44:19 DEBUG [3868978960] [OneBot.WS-Server] [ws-default] rejected unauthorized WebSocket upgrade
21:45:11 DEBUG              [MsgPush.Unknown] Event0x210 unknown subType=332
21:45:12 DEBUG              [MsgPush.Unknown] Event0x210 unknown subType=382
21:48:47 WARN               [App] Shutting down (SIGINT)...
21:48:47 INFO  [3868978960] [Bridge.Action] Action ingress quiesced
21:49:18 INFO               [App] SnowLuma starting
21:49:19 INFO               [WebUI] login rate-limit keyed by: socket peer (default)
21:49:19 INFO               [WebUI] listening http://127.0.0.1:5099
21:49:19 DEBUG              [Bridge] session started: UIN=3868978960
21:49:19 OK                 [Hook] login detected: PID=14468 UIN=3868978960
21:49:19 INFO               [SysFace] system face catalog restored: entries=393 uniqueFaces=357 overlaps=36 packs=11 fetchedAt=1790083499936 elapsedMs=5
21:49:19 INFO               [Hook] pipe connected: PID=14468
21:49:19 INFO               [Bridge] friends loaded: UIN=3868978960 count=2
21:49:19 DEBUG              [Bridge] self info: UIN=3868978960 uid=u_jZJgPsdnXIKKkbBRm7oOyQ nickname=(ㆀ˘･з･˘)
21:49:19 INFO               [OneBot] session started: UIN=3868978960
21:49:19 OK    [3868978960] [OneBot.HTTP] [http-default] listening 127.0.0.1:3000/
21:49:19 OK    [3868978960] [OneBot.WS-Server] [ws-default] listening 127.0.0.1:3001/
21:49:19 INFO               [OneBot] network startup applied: UIN=3868978960 adapters=2
21:49:19 INFO               [SysFace] system face catalog refreshed: entries=393 uniqueFaces=357 overlaps=36 packs=11 elapsedMs=223
21:49:19 INFO               [OneBot] rkeys loaded: UIN=3868978960 count=2
21:49:19 INFO               [Bridge] groups loaded: UIN=3868978960 count=1
21:49:19 INFO               [Bridge.Contacts] loaded robot UIN ranges uin=3868978960 version=206 count=5
21:49:19 INFO               [Bridge] member warmup completed: UIN=3868978960 groups=1/1 members=254 failed=0
21:49:19 DEBUG [3868978960] [Event] login history sync disabled for this account lifecycle
21:49:29 DEBUG              [Update] update check failed: fetch failed
21:50:25 DEBUG [3868978960] [OneBot.WS-Server] [ws-default] rejected unauthorized WebSocket upgrade
21:50:25 DEBUG [3868978960] [OneBot.WS-Server] [ws-default] rejected unauthorized WebSocket upgrade
21:50:25 DEBUG [3868978960] [OneBot.WS-Server] [ws-default] rejected unauthorized WebSocket upgrade
21:50:25 DEBUG [3868978960] [OneBot.WS-Server] [ws-default] rejected unauthorized WebSocket upgrade
21:50:25 DEBUG [3868978960] [OneBot.WS-Server] [ws-default] rejected unauthorized WebSocket upgrade
21:50:25 DEBUG [3868978960] [OneBot.WS-Server] [ws-default] rejected unauthorized WebSocket upgrade
21:50:26 DEBUG [3868978960] [OneBot.WS-Server] [ws-default] rejected unauthorized WebSocket upgrade
21:50:26 DEBUG [3868978960] [OneBot.WS-Server] [ws-default] rejected unauthorized WebSocket upgrade
21:50:28 DEBUG [3868978960] [OneBot.WS-Server] [ws-default] rejected unauthorized WebSocket upgrade
21:50:28 DEBUG [3868978960] [OneBot.WS-Server] [ws-default] rejected unauthorized WebSocket upgrade
21:50:32 DEBUG [3868978960] [OneBot.WS-Server] [ws-default] rejected unauthorized WebSocket upgrade
21:50:32 DEBUG [3868978960] [OneBot.WS-Server] [ws-default] rejected unauthorized WebSocket upgrade
21:50:40 DEBUG [3868978960] [OneBot.WS-Server] [ws-default] rejected unauthorized WebSocket upgrade
21:50:40 DEBUG [3868978960] [OneBot.WS-Server] [ws-default] rejected unauthorized WebSocket upgrade
21:50:56 DEBUG [3868978960] [OneBot.WS-Server] [ws-default] rejected unauthorized WebSocket upgrade
21:50:56 DEBUG [3868978960] [OneBot.WS-Server] [ws-default] rejected unauthorized WebSocket upgrade
21:51:11 DEBUG              [Hook] receive health armed by QQ heartbeat: PID=14468 UIN=3868978960
21:53:29 DEBUG              [MsgPush.UnknownElement] wire element ignored unknownTag=1 wireType=2 count=1 bytes=34 reason=no schema decoder path=body.richText
21:53:29 DEBUG              [MsgPush.UnknownElement] wire element ignored unknownTag=10 wireType=0 count=1 bytes=1 reason=no schema decoder path=elem.generalFlags
21:53:29 DEBUG              [MsgPush.UnknownElement] wire element ignored unknownTag=12 wireType=0 count=1 bytes=1 reason=no schema decoder path=elem.generalFlags
21:53:29 DEBUG              [MsgPush.UnknownElement] wire element ignored unknownTag=13 wireType=0 count=1 bytes=1 reason=no schema decoder path=elem.generalFlags
21:53:29 DEBUG              [MsgPush.UnknownElement] wire element ignored unknownTag=16 wireType=0 count=1 bytes=1 reason=no schema decoder path=elem.generalFlags
21:53:29 DEBUG              [MsgPush.UnknownElement] wire element ignored unknownTag=17 wireType=0 count=1 bytes=3 reason=no schema decoder path=elem.generalFlags
21:53:29 DEBUG              [MsgPush.UnknownElement] wire element ignored unknownTag=19 wireType=2 count=1 bytes=115 reason=no schema decoder path=elem.generalFlags
21:53:29 DEBUG              [MsgPush.UnknownElement] wire element ignored unknownTag=9 wireType=2 count=1 bytes=8 reason=no schema decoder path=elem
21:53:29 DEBUG              [MsgPush.UnknownElement] wire element ignored unknownTag=11 wireType=0 count=1 bytes=1 reason=no schema decoder path=text.pbReserve
21:53:29 OK    [3868978960] [Event] 群 [NSUK模组-高级用户群(455415527)] | [我是梦蓝咯(3630797734)]: ID:-2067741636 @3868978960 /Command Prompt 绘制
21:54:27 DEBUG [3868978960] [OneBot.WS-Server] [ws-default] rejected unauthorized WebSocket upgrade
21:54:27 DEBUG [3868978960] [OneBot.WS-Server] [ws-default] rejected unauthorized WebSocket upgrade
21:54:27 DEBUG [3868978960] [OneBot.WS-Server] [ws-default] rejected unauthorized WebSocket upgrade
21:54:27 DEBUG [3868978960] [OneBot.WS-Server] [ws-default] rejected unauthorized WebSocket upgrade
21:54:27 DEBUG [3868978960] [OneBot.WS-Server] [ws-default] rejected unauthorized WebSocket upgrade
21:54:27 DEBUG [3868978960] [OneBot.WS-Server] [ws-default] rejected unauthorized WebSocket upgrade
21:54:28 DEBUG [3868978960] [OneBot.WS-Server] [ws-default] rejected unauthorized WebSocket upgrade
21:54:28 DEBUG [3868978960] [OneBot.WS-Server] [ws-default] rejected unauthorized WebSocket upgrade
21:54:30 DEBUG [3868978960] [OneBot.WS-Server] [ws-default] rejected unauthorized WebSocket upgrade
21:54:30 DEBUG [3868978960] [OneBot.WS-Server] [ws-default] rejected unauthorized WebSocket upgrade
21:54:33 DEBUG              [MsgPush.UnknownElement] wire element ignored unknownTag=1 wireType=2 count=1 bytes=34 reason=no schema decoder path=body.richText
21:54:33 DEBUG              [MsgPush.UnknownElement] wire element ignored unknownTag=2 wireType=2 count=1 bytes=21 reason=no schema decoder path=commonElem.msgInfo.msgInfoBody[0].hashSum
21:54:33 DEBUG              [MsgPush.UnknownElement] wire element ignored unknownTag=4 wireType=2 count=1 bytes=3 reason=no schema decoder path=commonElem.msgInfo.extBizInfo
21:54:33 DEBUG              [MsgPush.UnknownElement] wire element ignored unknownTag=3 wireType=0 count=1 bytes=1 reason=no schema decoder path=commonElem.msgInfo.extBizInfo.pic.extData
21:54:33 DEBUG              [MsgPush.UnknownElement] wire element ignored unknownTag=4 wireType=0 count=1 bytes=1 reason=no schema decoder path=commonElem.msgInfo.extBizInfo.pic.extData
21:54:33 DEBUG              [MsgPush.UnknownElement] wire element ignored unknownTag=10 wireType=0 count=1 bytes=1 reason=no schema decoder path=commonElem.msgInfo.extBizInfo.pic.extData
21:54:33 DEBUG              [MsgPush.UnknownElement] wire element ignored unknownTag=12 wireType=2 count=1 bytes=1 reason=no schema decoder path=commonElem.msgInfo.extBizInfo.pic.extData
21:54:33 DEBUG              [MsgPush.UnknownElement] wire element ignored unknownTag=18 wireType=2 count=1 bytes=1 reason=no schema decoder path=commonElem.msgInfo.extBizInfo.pic.extData
21:54:33 DEBUG              [MsgPush.UnknownElement] wire element ignored unknownTag=19 wireType=2 count=1 bytes=1 reason=no schema decoder path=commonElem.msgInfo.extBizInfo.pic.extData
21:54:33 DEBUG              [MsgPush.UnknownElement] wire element ignored unknownTag=21 wireType=2 count=1 bytes=13 reason=no schema decoder path=commonElem.msgInfo.extBizInfo.pic.extData
21:54:33 DEBUG              [MsgPush.UnknownElement] wire element ignored unknownTag=30 wireType=2 count=1 bytes=87 reason=no schema decoder path=commonElem.msgInfo.extBizInfo.pic.extData
21:54:33 DEBUG              [MsgPush.UnknownElement] wire element ignored unknownTag=31 wireType=2 count=1 bytes=33 reason=no schema decoder path=commonElem.msgInfo.extBizInfo.pic.extData
21:54:33 DEBUG              [MsgPush.UnknownElement] wire element ignored unknownTag=34 wireType=0 count=1 bytes=1 reason=no schema decoder path=commonElem.msgInfo.extBizInfo.pic.extData
21:54:33 DEBUG              [MsgPush.UnknownElement] wire element ignored unknownTag=9 wireType=2 count=1 bytes=3 reason=no schema decoder path=elem
21:54:33 DEBUG              [MsgPush.UnknownElement] wire element ignored unknownTag=10 wireType=0 count=1 bytes=1 reason=no schema decoder path=elem.generalFlags
21:54:33 DEBUG              [MsgPush.UnknownElement] wire element ignored unknownTag=12 wireType=0 count=1 bytes=1 reason=no schema decoder path=elem.generalFlags
21:54:33 DEBUG              [MsgPush.UnknownElement] wire element ignored unknownTag=13 wireType=0 count=1 bytes=1 reason=no schema decoder path=elem.generalFlags
21:54:33 DEBUG              [MsgPush.UnknownElement] wire element ignored unknownTag=19 wireType=2 count=1 bytes=104 reason=no schema decoder path=elem.generalFlags
21:54:33 OK    [3868978960] [Event] 群 [NSUK模组-高级用户群(455415527)] | [咖啡Coffee🏳️‍⚧️🍥(1780412693)]: ID:365954982 [图片]
21:54:34 DEBUG [3868978960] [OneBot.WS-Server] [ws-default] rejected unauthorized WebSocket upgrade
21:54:34 DEBUG [3868978960] [OneBot.WS-Server] [ws-default] rejected unauthorized WebSocket upgrade
21:54:36 DEBUG              [MsgPush.UnknownElement] wire element ignored unknownTag=1 wireType=2 count=1 bytes=34 reason=no schema decoder path=body.richText
21:54:36 DEBUG              [MsgPush.UnknownElement] wire element ignored unknownTag=10 wireType=0 count=1 bytes=1 reason=no schema decoder path=elem.generalFlags
21:54:36 DEBUG              [MsgPush.UnknownElement] wire element ignored unknownTag=12 wireType=0 count=1 bytes=1 reason=no schema decoder path=elem.generalFlags
21:54:36 DEBUG              [MsgPush.UnknownElement] wire element ignored unknownTag=13 wireType=0 count=1 bytes=1 reason=no schema decoder path=elem.generalFlags
21:54:36 DEBUG              [MsgPush.UnknownElement] wire element ignored unknownTag=16 wireType=0 count=1 bytes=1 reason=no schema decoder path=elem.generalFlags
21:54:36 DEBUG              [MsgPush.UnknownElement] wire element ignored unknownTag=17 wireType=0 count=1 bytes=1 reason=no schema decoder path=elem.generalFlags
21:54:36 DEBUG              [MsgPush.UnknownElement] wire element ignored unknownTag=19 wireType=2 count=1 bytes=109 reason=no schema decoder path=elem.generalFlags
21:54:36 DEBUG              [MsgPush.UnknownElement] wire element ignored unknownTag=9 wireType=2 count=1 bytes=5 reason=no schema decoder path=elem
21:54:36 OK    [3868978960] [Event] 群 [NSUK模组-高级用户群(455415527)] | [咖啡Coffee🏳️‍⚧️🍥(1780412693)]: ID:-1421671843 谁家办公室
21:54:42 DEBUG [3868978960] [OneBot.WS-Server] [ws-default] rejected unauthorized WebSocket upgrade
21:54:42 DEBUG [3868978960] [OneBot.WS-Server] [ws-default] rejected unauthorized WebSocket upgrade
21:55:48 DEBUG [3868978960] [OneBot.WS-Server] [ws-default] rejected unauthorized WebSocket upgrade
21:55:48 DEBUG [3868978960] [OneBot.WS-Server] [ws-default] rejected unauthorized WebSocket upgrade
21:55:48 DEBUG [3868978960] [OneBot.WS-Server] [ws-default] rejected unauthorized WebSocket upgrade
21:55:48 DEBUG [3868978960] [OneBot.WS-Server] [ws-default] rejected unauthorized WebSocket upgrade
21:55:48 DEBUG [3868978960] [OneBot.WS-Server] [ws-default] rejected unauthorized WebSocket upgrade
21:55:48 DEBUG [3868978960] [OneBot.WS-Server] [ws-default] rejected unauthorized WebSocket upgrade
21:55:49 DEBUG [3868978960] [OneBot.WS-Server] [ws-default] rejected unauthorized WebSocket upgrade
21:55:49 DEBUG [3868978960] [OneBot.WS-Server] [ws-default] rejected unauthorized WebSocket upgrade
21:55:51 DEBUG [3868978960] [OneBot.WS-Server] [ws-default] rejected unauthorized WebSocket upgrade
21:55:51 DEBUG [3868978960] [OneBot.WS-Server] [ws-default] rejected unauthorized WebSocket upgrade
21:55:55 DEBUG [3868978960] [OneBot.WS-Server] [ws-default] rejected unauthorized WebSocket upgrade
21:55:55 DEBUG [3868978960] [OneBot.WS-Server] [ws-default] rejected unauthorized WebSocket upgrade
21:56:03 DEBUG [3868978960] [OneBot.WS-Server] [ws-default] rejected unauthorized WebSocket upgrade
21:56:03 DEBUG [3868978960] [OneBot.WS-Server] [ws-default] rejected unauthorized WebSocket upgrade
21:56:19 DEBUG [3868978960] [OneBot.WS-Server] [ws-default] rejected unauthorized WebSocket upgrade
21:56:19 DEBUG [3868978960] [OneBot.WS-Server] [ws-default] rejected unauthorized WebSocket upgrade
21:56:49 DEBUG [3868978960] [OneBot.WS-Server] [ws-default] rejected unauthorized WebSocket upgrade
21:56:49 DEBUG [3868978960] [OneBot.WS-Server] [ws-default] rejected unauthorized WebSocket upgrade
21:57:19 DEBUG [3868978960] [OneBot.WS-Server] [ws-default] rejected unauthorized WebSocket upgrade
21:57:19 DEBUG [3868978960] [OneBot.WS-Server] [ws-default] rejected unauthorized WebSocket upgrade
21:57:49 DEBUG [3868978960] [OneBot.WS-Server] [ws-default] rejected unauthorized WebSocket upgrade
21:57:49 DEBUG [3868978960] [OneBot.WS-Server] [ws-default] rejected unauthorized WebSocket upgrade
21:57:56 DEBUG              [MsgPush.UnknownElement] wire element ignored unknownTag=1 wireType=2 count=1 bytes=34 reason=no schema decoder path=body.richText
21:57:56 DEBUG              [MsgPush.UnknownElement] wire element ignored unknownTag=10 wireType=0 count=1 bytes=1 reason=no schema decoder path=elem.generalFlags
21:57:56 DEBUG              [MsgPush.UnknownElement] wire element ignored unknownTag=12 wireType=0 count=1 bytes=1 reason=no schema decoder path=elem.generalFlags
21:57:56 DEBUG              [MsgPush.UnknownElement] wire element ignored unknownTag=13 wireType=0 count=1 bytes=1 reason=no schema decoder path=elem.generalFlags
21:57:56 DEBUG              [MsgPush.UnknownElement] wire element ignored unknownTag=16 wireType=0 count=1 bytes=1 reason=no schema decoder path=elem.generalFlags
21:57:56 DEBUG              [MsgPush.UnknownElement] wire element ignored unknownTag=17 wireType=0 count=1 bytes=3 reason=no schema decoder path=elem.generalFlags
21:57:56 DEBUG              [MsgPush.UnknownElement] wire element ignored unknownTag=19 wireType=2 count=1 bytes=116 reason=no schema decoder path=elem.generalFlags
21:57:56 DEBUG              [MsgPush.UnknownElement] wire element ignored unknownTag=9 wireType=2 count=1 bytes=8 reason=no schema decoder path=elem
21:57:56 DEBUG              [MsgPush.UnknownElement] wire element ignored unknownTag=11 wireType=0 count=1 bytes=1 reason=no schema decoder path=text.pbReserve
21:57:56 OK    [3868978960] [Event] 群 [NSUK模组-高级用户群(455415527)] | [我是梦蓝咯(3630797734)]: ID:1191735922 @3868978960 你好
21:58:02 DEBUG              [MsgPush.UnknownElement] wire element ignored unknownTag=1 wireType=2 count=1 bytes=34 reason=no schema decoder path=body.richText
21:58:02 DEBUG              [MsgPush.UnknownElement] wire element ignored unknownTag=10 wireType=0 count=1 bytes=1 reason=no schema decoder path=elem.generalFlags
21:58:02 DEBUG              [MsgPush.UnknownElement] wire element ignored unknownTag=12 wireType=0 count=1 bytes=1 reason=no schema decoder path=elem.generalFlags
21:58:02 DEBUG              [MsgPush.UnknownElement] wire element ignored unknownTag=13 wireType=0 count=1 bytes=1 reason=no schema decoder path=elem.generalFlags
21:58:02 DEBUG              [MsgPush.UnknownElement] wire element ignored unknownTag=16 wireType=0 count=1 bytes=1 reason=no schema decoder path=elem.generalFlags
21:58:02 DEBUG              [MsgPush.UnknownElement] wire element ignored unknownTag=17 wireType=0 count=1 bytes=3 reason=no schema decoder path=elem.generalFlags
21:58:02 DEBUG              [MsgPush.UnknownElement] wire element ignored unknownTag=19 wireType=2 count=1 bytes=123 reason=no schema decoder path=elem.generalFlags
21:58:02 DEBUG              [MsgPush.UnknownElement] wire element ignored unknownTag=9 wireType=2 count=1 bytes=7 reason=no schema decoder path=elem
21:58:02 DEBUG              [MsgPush.UnknownElement] wire element ignored unknownTag=11 wireType=0 count=1 bytes=1 reason=no schema decoder path=text.pbReserve
21:58:02 OK    [3868978960] [Event] 群 [NSUK模组-高级用户群(455415527)] | [沐涵(2066047450)]: ID:674904615 @3868978960 你好
21:58:06 DEBUG              [MsgPush.UnknownElement] wire element ignored unknownTag=1 wireType=2 count=1 bytes=34 reason=no schema decoder path=body.richText
21:58:06 DEBUG              [MsgPush.UnknownElement] wire element ignored unknownTag=10 wireType=0 count=1 bytes=1 reason=no schema decoder path=elem.generalFlags
21:58:06 DEBUG              [MsgPush.UnknownElement] wire element ignored unknownTag=12 wireType=0 count=1 bytes=1 reason=no schema decoder path=elem.generalFlags
21:58:06 DEBUG              [MsgPush.UnknownElement] wire element ignored unknownTag=13 wireType=0 count=1 bytes=1 reason=no schema decoder path=elem.generalFlags
21:58:06 DEBUG              [MsgPush.UnknownElement] wire element ignored unknownTag=16 wireType=0 count=1 bytes=1 reason=no schema decoder path=elem.generalFlags
21:58:06 DEBUG              [MsgPush.UnknownElement] wire element ignored unknownTag=17 wireType=0 count=1 bytes=3 reason=no schema decoder path=elem.generalFlags
21:58:06 DEBUG              [MsgPush.UnknownElement] wire element ignored unknownTag=19 wireType=2 count=1 bytes=116 reason=no schema decoder path=elem.generalFlags
21:58:06 DEBUG              [MsgPush.UnknownElement] wire element ignored unknownTag=9 wireType=2 count=1 bytes=8 reason=no schema decoder path=elem
21:58:06 OK    [3868978960] [Event] 群 [NSUK模组-高级用户群(455415527)] | [我是梦蓝咯(3630797734)]: ID:-2083722256 。。。
21:58:12 DEBUG              [MsgPush.UnknownElement] wire element ignored unknownTag=1 wireType=2 count=1 bytes=34 reason=no schema decoder path=body.richText
21:58:12 DEBUG              [MsgPush.UnknownElement] wire element ignored unknownTag=10 wireType=0 count=1 bytes=1 reason=no schema decoder path=elem.generalFlags
21:58:12 DEBUG              [MsgPush.UnknownElement] wire element ignored unknownTag=12 wireType=0 count=1 bytes=1 reason=no schema decoder path=elem.generalFlags
21:58:12 DEBUG              [MsgPush.UnknownElement] wire element ignored unknownTag=13 wireType=0 count=1 bytes=1 reason=no schema decoder path=elem.generalFlags
21:58:12 DEBUG              [MsgPush.UnknownElement] wire element ignored unknownTag=16 wireType=0 count=1 bytes=1 reason=no schema decoder path=elem.generalFlags
21:58:12 DEBUG              [MsgPush.UnknownElement] wire element ignored unknownTag=17 wireType=0 count=1 bytes=3 reason=no schema decoder path=elem.generalFlags
21:58:12 DEBUG              [MsgPush.UnknownElement] wire element ignored unknownTag=19 wireType=2 count=1 bytes=123 reason=no schema decoder path=elem.generalFlags
21:58:12 DEBUG              [MsgPush.UnknownElement] wire element ignored unknownTag=9 wireType=2 count=1 bytes=7 reason=no schema decoder path=elem
21:58:12 OK    [3868978960] [Event] 群 [NSUK模组-高级用户群(455415527)] | [沐涵(2066047450)]: ID:460976671 。。。
21:58:19 DEBUG [3868978960] [OneBot.WS-Server] [ws-default] rejected unauthorized WebSocket upgrade
21:58:19 DEBUG [3868978960] [OneBot.WS-Server] [ws-default] rejected unauthorized WebSocket upgrade
21:58:49 DEBUG [3868978960] [OneBot.WS-Server] [ws-default] rejected unauthorized WebSocket upgrade
21:58:49 DEBUG [3868978960] [OneBot.WS-Server] [ws-default] rejected unauthorized WebSocket upgrade
21:59:19 DEBUG [3868978960] [OneBot.WS-Server] [ws-default] rejected unauthorized WebSocket upgrade
21:59:19 DEBUG [3868978960] [OneBot.WS-Server] [ws-default] rejected unauthorized WebSocket upgrade
21:59:49 DEBUG [3868978960] [OneBot.WS-Server] [ws-default] rejected unauthorized WebSocket upgrade
21:59:49 DEBUG [3868978960] [OneBot.WS-Server] [ws-default] rejected unauthorized WebSocket upgrade
22:00:19 DEBUG [3868978960] [OneBot.WS-Server] [ws-default] rejected unauthorized WebSocket upgrade
22:00:19 DEBUG [3868978960] [OneBot.WS-Server] [ws-default] rejected unauthorized WebSocket upgrade
22:00:49 DEBUG [3868978960] [OneBot.WS-Server] [ws-default] rejected unauthorized WebSocket upgrade
22:00:49 DEBUG [3868978960] [OneBot.WS-Server] [ws-default] rejected unauthorized WebSocket upgrade
22:00:51 DEBUG              [MsgPush.UnknownElement] wire element ignored unknownTag=1 wireType=2 count=1 bytes=34 reason=no schema decoder path=body.richText
22:00:51 DEBUG              [MsgPush.UnknownElement] wire element ignored unknownTag=10 wireType=0 count=1 bytes=1 reason=no schema decoder path=elem.generalFlags
22:00:51 DEBUG              [MsgPush.UnknownElement] wire element ignored unknownTag=12 wireType=0 count=1 bytes=1 reason=no schema decoder path=elem.generalFlags
22:00:51 DEBUG              [MsgPush.UnknownElement] wire element ignored unknownTag=13 wireType=0 count=1 bytes=1 reason=no schema decoder path=elem.generalFlags
22:00:51 DEBUG              [MsgPush.UnknownElement] wire element ignored unknownTag=16 wireType=0 count=1 bytes=1 reason=no schema decoder path=elem.generalFlags
22:00:51 DEBUG              [MsgPush.UnknownElement] wire element ignored unknownTag=17 wireType=0 count=1 bytes=3 reason=no schema decoder path=elem.generalFlags
22:00:51 DEBUG              [MsgPush.UnknownElement] wire element ignored unknownTag=19 wireType=2 count=1 bytes=116 reason=no schema decoder path=elem.generalFlags
22:00:51 DEBUG              [MsgPush.UnknownElement] wire element ignored unknownTag=9 wireType=2 count=1 bytes=8 reason=no schema decoder path=elem
22:00:51 OK    [3868978960] [Event] 群 [NSUK模组-高级用户群(455415527)] | [我是梦蓝咯(3630797734)]: ID:-94858627 你好
22:01:10 DEBUG              [MsgPush.UnknownElement] wire element ignored unknownTag=1 wireType=2 count=1 bytes=34 reason=no schema decoder path=body.richText
22:01:10 DEBUG              [MsgPush.UnknownElement] wire element ignored unknownTag=10 wireType=0 count=1 bytes=1 reason=no schema decoder path=elem.generalFlags
22:01:10 DEBUG              [MsgPush.UnknownElement] wire element ignored unknownTag=12 wireType=0 count=1 bytes=1 reason=no schema decoder path=elem.generalFlags
22:01:10 DEBUG              [MsgPush.UnknownElement] wire element ignored unknownTag=13 wireType=0 count=1 bytes=1 reason=no schema decoder path=elem.generalFlags
22:01:10 DEBUG              [MsgPush.UnknownElement] wire element ignored unknownTag=16 wireType=0 count=1 bytes=1 reason=no schema decoder path=elem.generalFlags
22:01:10 DEBUG              [MsgPush.UnknownElement] wire element ignored unknownTag=17 wireType=0 count=1 bytes=3 reason=no schema decoder path=elem.generalFlags
22:01:10 DEBUG              [MsgPush.UnknownElement] wire element ignored unknownTag=19 wireType=2 count=1 bytes=123 reason=no schema decoder path=elem.generalFlags
22:01:10 DEBUG              [MsgPush.UnknownElement] wire element ignored unknownTag=9 wireType=2 count=1 bytes=7 reason=no schema decoder path=elem
22:01:10 OK    [3868978960] [Event] 群 [NSUK模组-高级用户群(455415527)] | [沐涵(2066047450)]: ID:208386766 你好
22:01:13 DEBUG              [MsgPush.UnknownElement] wire element ignored unknownTag=1 wireType=2 count=1 bytes=34 reason=no schema decoder path=body.richText
22:01:13 DEBUG              [MsgPush.UnknownElement] wire element ignored unknownTag=10 wireType=0 count=1 bytes=1 reason=no schema decoder path=elem.generalFlags
22:01:13 DEBUG              [MsgPush.UnknownElement] wire element ignored unknownTag=12 wireType=0 count=1 bytes=1 reason=no schema decoder path=elem.generalFlags
22:01:13 DEBUG              [MsgPush.UnknownElement] wire element ignored unknownTag=13 wireType=0 count=1 bytes=1 reason=no schema decoder path=elem.generalFlags
22:01:13 DEBUG              [MsgPush.UnknownElement] wire element ignored unknownTag=17 wireType=0 count=1 bytes=1 reason=no schema decoder path=elem.generalFlags
22:01:13 DEBUG              [MsgPush.UnknownElement] wire element ignored unknownTag=19 wireType=2 count=1 bytes=105 reason=no schema decoder path=elem.generalFlags
22:01:13 DEBUG              [MsgPush.UnknownElement] wire element ignored unknownTag=9 wireType=2 count=1 bytes=8 reason=no schema decoder path=elem
22:01:13 OK    [3868978960] [Event] 群 [NSUK模组-高级用户群(455415527)] | [犹大sama(729930928)]: ID:-493658993 你好
22:01:19 DEBUG [3868978960] [OneBot.WS-Server] [ws-default] rejected unauthorized WebSocket upgrade
22:01:19 DEBUG [3868978960] [OneBot.WS-Server] [ws-default] rejected unauthorized WebSocket upgrade
22:01:25 DEBUG              [MsgPush.UnknownElement] wire element ignored unknownTag=1 wireType=2 count=1 bytes=34 reason=no schema decoder path=body.richText
22:01:25 DEBUG              [MsgPush.UnknownElement] wire element ignored unknownTag=10 wireType=0 count=1 bytes=1 reason=no schema decoder path=elem.generalFlags
22:01:25 DEBUG              [MsgPush.UnknownElement] wire element ignored unknownTag=12 wireType=0 count=1 bytes=1 reason=no schema decoder path=elem.generalFlags
22:01:25 DEBUG              [MsgPush.UnknownElement] wire element ignored unknownTag=13 wireType=0 count=1 bytes=1 reason=no schema decoder path=elem.generalFlags
22:01:25 DEBUG              [MsgPush.UnknownElement] wire element ignored unknownTag=17 wireType=0 count=1 bytes=1 reason=no schema decoder path=elem.generalFlags
22:01:25 DEBUG              [MsgPush.UnknownElement] wire element ignored unknownTag=19 wireType=2 count=1 bytes=107 reason=no schema decoder path=elem.generalFlags
22:01:25 DEBUG              [MsgPush.UnknownElement] wire element ignored unknownTag=9 wireType=2 count=1 bytes=8 reason=no schema decoder path=elem
22:01:25 OK    [3868978960] [Event] 群 [NSUK模组-高级用户群(455415527)] | [我是梦蓝咯(3630797734)]: ID:932910571 你好呀！我现在是离线模式。
22:01:30 DEBUG              [MsgPush.UnknownElement] wire element ignored unknownTag=1 wireType=2 count=1 bytes=34 reason=no schema decoder path=body.richText
22:01:30 DEBUG              [MsgPush.UnknownElement] wire element ignored unknownTag=10 wireType=0 count=1 bytes=1 reason=no schema decoder path=elem.generalFlags
22:01:30 DEBUG              [MsgPush.UnknownElement] wire element ignored unknownTag=12 wireType=0 count=1 bytes=1 reason=no schema decoder path=elem.generalFlags
22:01:30 DEBUG              [MsgPush.UnknownElement] wire element ignored unknownTag=13 wireType=0 count=1 bytes=1 reason=no schema decoder path=elem.generalFlags
22:01:30 DEBUG              [MsgPush.UnknownElement] wire element ignored unknownTag=17 wireType=0 count=1 bytes=1 reason=no schema decoder path=elem.generalFlags
22:01:30 DEBUG              [MsgPush.UnknownElement] wire element ignored unknownTag=19 wireType=2 count=1 bytes=108 reason=no schema decoder path=elem.generalFlags
22:01:30 DEBUG              [MsgPush.UnknownElement] wire element ignored unknownTag=9 wireType=2 count=1 bytes=8 reason=no schema decoder path=elem
22:01:30 OK    [3868978960] [Event] 群 [NSUK模组-高级用户群(455415527)] | [我是梦蓝咯(3630797734)]: ID:-908310874 ?
22:01:36 DEBUG              [MsgPush.UnknownElement] wire element ignored unknownTag=1 wireType=2 count=1 bytes=33 reason=no schema decoder path=body.richText
22:01:36 DEBUG              [MsgPush.UnknownElement] wire element ignored unknownTag=10 wireType=0 count=1 bytes=1 reason=no schema decoder path=elem.generalFlags
22:01:36 DEBUG              [MsgPush.UnknownElement] wire element ignored unknownTag=12 wireType=0 count=1 bytes=1 reason=no schema decoder path=elem.generalFlags
22:01:36 DEBUG              [MsgPush.UnknownElement] wire element ignored unknownTag=13 wireType=0 count=1 bytes=1 reason=no schema decoder path=elem.generalFlags
22:01:36 DEBUG              [MsgPush.UnknownElement] wire element ignored unknownTag=17 wireType=0 count=1 bytes=1 reason=no schema decoder path=elem.generalFlags
22:01:36 DEBUG              [MsgPush.UnknownElement] wire element ignored unknownTag=19 wireType=2 count=1 bytes=104 reason=no schema decoder path=elem.generalFlags
22:01:36 DEBUG              [MsgPush.UnknownElement] wire element ignored unknownTag=9 wireType=2 count=1 bytes=8 reason=no schema decoder path=elem
22:01:36 OK    [3868978960] [Event] 群 [NSUK模组-高级用户群(455415527)] | [我是梦蓝咯(3630797734)]: ID:-1926538907 注入错帐号了
22:01:37 DEBUG              [MsgPush.UnknownElement] wire element ignored unknownTag=1 wireType=2 count=1 bytes=34 reason=no schema decoder path=body.richText
22:01:37 DEBUG              [MsgPush.UnknownElement] wire element ignored unknownTag=10 wireType=0 count=1 bytes=1 reason=no schema decoder path=elem.generalFlags
22:01:37 DEBUG              [MsgPush.UnknownElement] wire element ignored unknownTag=12 wireType=0 count=1 bytes=1 reason=no schema decoder path=elem.generalFlags
22:01:37 DEBUG              [MsgPush.UnknownElement] wire element ignored unknownTag=13 wireType=0 count=1 bytes=1 reason=no schema decoder path=elem.generalFlags
22:01:37 DEBUG              [MsgPush.UnknownElement] wire element ignored unknownTag=17 wireType=0 count=1 bytes=1 reason=no schema decoder path=elem.generalFlags
22:01:37 DEBUG              [MsgPush.UnknownElement] wire element ignored unknownTag=19 wireType=2 count=1 bytes=103 reason=no schema decoder path=elem.generalFlags
22:01:37 DEBUG              [MsgPush.UnknownElement] wire element ignored unknownTag=9 wireType=2 count=1 bytes=8 reason=no schema decoder path=elem
22:01:37 OK    [3868978960] [Event] 群 [NSUK模组-高级用户群(455415527)] | [【仅受理建筑相关】-苏晴晴在此-(2639131152)]: ID:11225430 ？
22:01:38 DEBUG              [MsgPush.UnknownElement] wire element ignored unknownTag=1 wireType=2 count=1 bytes=34 reason=no schema decoder path=body.richText
22:01:38 DEBUG              [MsgPush.UnknownElement] wire element ignored unknownTag=10 wireType=0 count=1 bytes=1 reason=no schema decoder path=elem.generalFlags
22:01:38 DEBUG              [MsgPush.UnknownElement] wire element ignored unknownTag=12 wireType=0 count=1 bytes=1 reason=no schema decoder path=elem.generalFlags
22:01:38 DEBUG              [MsgPush.UnknownElement] wire element ignored unknownTag=13 wireType=0 count=1 bytes=1 reason=no schema decoder path=elem.generalFlags
22:01:38 DEBUG              [MsgPush.UnknownElement] wire element ignored unknownTag=17 wireType=0 count=1 bytes=1 reason=no schema decoder path=elem.generalFlags
22:01:38 DEBUG              [MsgPush.UnknownElement] wire element ignored unknownTag=19 wireType=2 count=1 bytes=105 reason=no schema decoder path=elem.generalFlags
22:01:38 DEBUG              [MsgPush.UnknownElement] wire element ignored unknownTag=9 wireType=2 count=1 bytes=8 reason=no schema decoder path=elem
22:01:38 OK    [3868978960] [Event] 群 [NSUK模组-高级用户群(455415527)] | [我是梦蓝咯(3630797734)]: ID:-790863465 c
22:01:42 DEBUG              [MsgPush.UnknownElement] wire element ignored unknownTag=1 wireType=2 count=1 bytes=34 reason=no schema decoder path=body.richText
22:01:42 DEBUG              [MsgPush.UnknownElement] wire element ignored unknownTag=10 wireType=0 count=1 bytes=1 reason=no schema decoder path=elem.generalFlags
22:01:42 DEBUG              [MsgPush.UnknownElement] wire element ignored unknownTag=12 wireType=0 count=1 bytes=1 reason=no schema decoder path=elem.generalFlags
22:01:42 DEBUG              [MsgPush.UnknownElement] wire element ignored unknownTag=13 wireType=0 count=1 bytes=1 reason=no schema decoder path=elem.generalFlags
22:01:42 DEBUG              [MsgPush.UnknownElement] wire element ignored unknownTag=17 wireType=0 count=1 bytes=1 reason=no schema decoder path=elem.generalFlags
22:01:42 DEBUG              [MsgPush.UnknownElement] wire element ignored unknownTag=19 wireType=2 count=1 bytes=108 reason=no schema decoder path=elem.generalFlags
22:01:42 DEBUG              [MsgPush.UnknownElement] wire element ignored unknownTag=9 wireType=2 count=1 bytes=8 reason=no schema decoder path=elem
22:01:42 OK    [3868978960] [Event] 群 [NSUK模组-高级用户群(455415527)] | [我是梦蓝咯(3630797734)]: ID:1097135429 等会
22:01:49 DEBUG [3868978960] [OneBot.WS-Server] [ws-default] rejected unauthorized WebSocket upgrade
22:01:49 DEBUG [3868978960] [OneBot.WS-Server] [ws-default] rejected unauthorized WebSocket upgrade
22:02:19 DEBUG [3868978960] [OneBot.WS-Server] [ws-default] rejected unauthorized WebSocket upgrade
22:02:19 DEBUG [3868978960] [OneBot.WS-Server] [ws-default] rejected unauthorized WebSocket upgrade
22:03:08 DEBUG [3868978960] [OneBot.WS-Server] [ws-default] rejected unauthorized WebSocket upgrade
22:03:08 DEBUG [3868978960] [OneBot.WS-Server] [ws-default] rejected unauthorized WebSocket upgrade
22:03:08 DEBUG [3868978960] [OneBot.WS-Server] [ws-default] rejected unauthorized WebSocket upgrade
22:03:08 DEBUG [3868978960] [OneBot.WS-Server] [ws-default] rejected unauthorized WebSocket upgrade
22:03:08 DEBUG [3868978960] [OneBot.WS-Server] [ws-default] rejected unauthorized WebSocket upgrade
22:03:08 DEBUG [3868978960] [OneBot.WS-Server] [ws-default] rejected unauthorized WebSocket upgrade
22:03:09 DEBUG [3868978960] [OneBot.WS-Server] [ws-default] rejected unauthorized WebSocket upgrade
22:03:09 DEBUG [3868978960] [OneBot.WS-Server] [ws-default] rejected unauthorized WebSocket upgrade
22:03:11 DEBUG [3868978960] [OneBot.WS-Server] [ws-default] rejected unauthorized WebSocket upgrade
22:03:11 DEBUG [3868978960] [OneBot.WS-Server] [ws-default] rejected unauthorized WebSocket upgrade
22:03:15 DEBUG [3868978960] [OneBot.WS-Server] [ws-default] rejected unauthorized WebSocket upgrade
22:03:15 DEBUG [3868978960] [OneBot.WS-Server] [ws-default] rejected unauthorized WebSocket upgrade
22:03:23 DEBUG [3868978960] [OneBot.WS-Server] [ws-default] rejected unauthorized WebSocket upgrade
22:03:23 DEBUG [3868978960] [OneBot.WS-Server] [ws-default] rejected unauthorized WebSocket upgrade
22:03:36 DEBUG              [MsgPush.UnknownElement] wire element ignored unknownTag=1 wireType=2 count=1 bytes=34 reason=no schema decoder path=body.richText
22:03:36 DEBUG              [MsgPush.UnknownElement] wire element ignored unknownTag=10 wireType=0 count=1 bytes=1 reason=no schema decoder path=elem.generalFlags
22:03:36 DEBUG              [MsgPush.UnknownElement] wire element ignored unknownTag=12 wireType=0 count=1 bytes=1 reason=no schema decoder path=elem.generalFlags
22:03:36 DEBUG              [MsgPush.UnknownElement] wire element ignored unknownTag=13 wireType=0 count=1 bytes=1 reason=no schema decoder path=elem.generalFlags
22:03:36 DEBUG              [MsgPush.UnknownElement] wire element ignored unknownTag=17 wireType=0 count=1 bytes=1 reason=no schema decoder path=elem.generalFlags
22:03:36 DEBUG              [MsgPush.UnknownElement] wire element ignored unknownTag=19 wireType=2 count=1 bytes=107 reason=no schema decoder path=elem.generalFlags
22:03:36 DEBUG              [MsgPush.UnknownElement] wire element ignored unknownTag=9 wireType=2 count=1 bytes=6 reason=no schema decoder path=elem
22:03:36 DEBUG              [MsgPush.UnknownElement] wire element ignored unknownTag=2 wireType=2 count=1 bytes=21 reason=no schema decoder path=commonElem.msgInfo.msgInfoBody[0].hashSum
22:03:36 DEBUG              [MsgPush.UnknownElement] wire element ignored unknownTag=4 wireType=2 count=1 bytes=3 reason=no schema decoder path=commonElem.msgInfo.extBizInfo
22:03:36 OK    [3868978960] [Event] 群 [NSUK模组-高级用户群(455415527)] | [我是梦蓝咯(3630797734)]: ID:-1606736757 [图片]
22:03:39 DEBUG [3868978960] [OneBot.WS-Server] [ws-default] rejected unauthorized WebSocket upgrade
22:03:39 DEBUG [3868978960] [OneBot.WS-Server] [ws-default] rejected unauthorized WebSocket upgrade
22:04:09 DEBUG [3868978960] [OneBot.WS-Server] [ws-default] rejected unauthorized WebSocket upgrade
22:04:09 DEBUG [3868978960] [OneBot.WS-Server] [ws-default] rejected unauthorized WebSocket upgrade
22:04:39 DEBUG [3868978960] [OneBot.WS-Server] [ws-default] rejected unauthorized WebSocket upgrade
22:04:39 DEBUG [3868978960] [OneBot.WS-Server] [ws-default] rejected unauthorized WebSocket upgrade
22:05:41 DEBUG [3868978960] [OneBot.WS-Server] [ws-default] rejected unauthorized WebSocket upgrade
22:05:41 DEBUG [3868978960] [OneBot.WS-Server] [ws-default] rejected unauthorized WebSocket upgrade
22:05:41 DEBUG [3868978960] [OneBot.WS-Server] [ws-default] rejected unauthorized WebSocket upgrade
22:05:41 DEBUG [3868978960] [OneBot.WS-Server] [ws-default] rejected unauthorized WebSocket upgrade
22:05:41 DEBUG [3868978960] [OneBot.WS-Server] [ws-default] rejected unauthorized WebSocket upgrade
22:05:41 DEBUG [3868978960] [OneBot.WS-Server] [ws-default] rejected unauthorized WebSocket upgrade
22:05:42 DEBUG [3868978960] [OneBot.WS-Server] [ws-default] rejected unauthorized WebSocket upgrade
22:05:42 DEBUG [3868978960] [OneBot.WS-Server] [ws-default] rejected unauthorized WebSocket upgrade
22:05:44 DEBUG [3868978960] [OneBot.WS-Server] [ws-default] rejected unauthorized WebSocket upgrade
22:05:44 DEBUG [3868978960] [OneBot.WS-Server] [ws-default] rejected unauthorized WebSocket upgrade
22:05:48 DEBUG [3868978960] [OneBot.WS-Server] [ws-default] rejected unauthorized WebSocket upgrade
22:05:48 DEBUG [3868978960] [OneBot.WS-Server] [ws-default] rejected unauthorized WebSocket upgrade
22:06:07 WARN               [App] Shutting down (SIGINT)...
22:06:07 INFO  [3868978960] [Bridge.Action] Action ingress quiesced
22:07:42 INFO               [App] SnowLuma starting
22:07:42 INFO               [WebUI] login rate-limit keyed by: socket peer (default)
22:07:42 INFO               [WebUI] listening http://127.0.0.1:5099
22:07:42 DEBUG              [Bridge] session started: UIN=3868978960
22:07:42 OK                 [Hook] login detected: PID=14468 UIN=3868978960
22:07:42 INFO               [SysFace] system face catalog restored: entries=393 uniqueFaces=357 overlaps=36 packs=11 fetchedAt=1790084959301 elapsedMs=6
22:07:42 INFO               [Hook] pipe connected: PID=14468
22:07:42 INFO               [Bridge] friends loaded: UIN=3868978960 count=2
22:07:42 DEBUG              [Bridge] self info: UIN=3868978960 uid=u_jZJgPsdnXIKKkbBRm7oOyQ nickname=(ㆀ˘･з･˘)
22:07:42 INFO               [OneBot] session started: UIN=3868978960
22:07:42 OK    [3868978960] [OneBot.HTTP] [http-default] listening 127.0.0.1:3000/
22:07:42 OK    [3868978960] [OneBot.WS-Server] [ws-default] listening 127.0.0.1:3001/
22:07:42 INFO               [OneBot] network startup applied: UIN=3868978960 adapters=2
22:07:42 INFO               [SysFace] system face catalog refreshed: entries=393 uniqueFaces=357 overlaps=36 packs=11 elapsedMs=227
22:07:42 INFO               [OneBot] rkeys loaded: UIN=3868978960 count=2
22:07:42 INFO               [Bridge] groups loaded: UIN=3868978960 count=1
22:07:42 INFO               [Bridge.Contacts] loaded robot UIN ranges uin=3868978960 version=206 count=5
22:07:42 INFO               [Bridge] member warmup completed: UIN=3868978960 groups=1/1 members=254 failed=0
22:07:42 DEBUG [3868978960] [Event] login history sync disabled for this account lifecycle
22:07:44 DEBUG [3868978960] [OneBot.WS-Server] [ws-default] rejected unauthorized WebSocket upgrade
22:07:44 DEBUG [3868978960] [OneBot.WS-Server] [ws-default] rejected unauthorized WebSocket upgrade
22:07:52 DEBUG [3868978960] [OneBot.WS-Server] [ws-default] rejected unauthorized WebSocket upgrade
22:07:52 DEBUG [3868978960] [OneBot.WS-Server] [ws-default] rejected unauthorized WebSocket upgrade
22:08:08 DEBUG [3868978960] [OneBot.WS-Server] [ws-default] rejected unauthorized WebSocket upgrade
22:08:08 DEBUG [3868978960] [OneBot.WS-Server] [ws-default] rejected unauthorized WebSocket upgrade
22:08:38 DEBUG [3868978960] [OneBot.WS-Server] [ws-default] rejected unauthorized WebSocket upgrade
22:08:38 DEBUG [3868978960] [OneBot.WS-Server] [ws-default] rejected unauthorized WebSocket upgrade
22:09:08 DEBUG [3868978960] [OneBot.WS-Server] [ws-default] rejected unauthorized WebSocket upgrade
22:09:08 DEBUG [3868978960] [OneBot.WS-Server] [ws-default] rejected unauthorized WebSocket upgrade
22:09:11 DEBUG              [Hook] receive health armed by QQ heartbeat: PID=14468 UIN=3868978960
22:09:38 DEBUG [3868978960] [OneBot.WS-Server] [ws-default] rejected unauthorized WebSocket upgrade
22:09:38 DEBUG [3868978960] [OneBot.WS-Server] [ws-default] rejected unauthorized WebSocket upgrade
22:10:08 DEBUG [3868978960] [OneBot.WS-Server] [ws-default] rejected unauthorized WebSocket upgrade
22:10:08 DEBUG [3868978960] [OneBot.WS-Server] [ws-default] rejected unauthorized WebSocket upgrade
22:10:38 DEBUG [3868978960] [OneBot.WS-Server] [ws-default] rejected unauthorized WebSocket upgrade
22:10:38 DEBUG [3868978960] [OneBot.WS-Server] [ws-default] rejected unauthorized WebSocket upgrade
22:10:40 DEBUG [3868978960] [OneBot.WS-Server] [ws-default] rejected unauthorized WebSocket upgrade
22:10:40 DEBUG [3868978960] [OneBot.WS-Server] [ws-default] rejected unauthorized WebSocket upgrade
22:10:40 DEBUG [3868978960] [OneBot.WS-Server] [ws-default] rejected unauthorized WebSocket upgrade
22:10:40 DEBUG [3868978960] [OneBot.WS-Server] [ws-default] rejected unauthorized WebSocket upgrade
22:11:08 DEBUG [3868978960] [OneBot.WS-Server] [ws-default] rejected unauthorized WebSocket upgrade
22:11:08 DEBUG [3868978960] [OneBot.WS-Server] [ws-default] rejected unauthorized WebSocket upgrade
22:11:08 DEBUG [3868978960] [OneBot.WS-Server] [ws-default] rejected unauthorized WebSocket upgrade
22:11:08 DEBUG [3868978960] [OneBot.WS-Server] [ws-default] rejected unauthorized WebSocket upgrade
22:11:08 DEBUG [3868978960] [OneBot.WS-Server] [ws-default] rejected unauthorized WebSocket upgrade
22:11:08 DEBUG [3868978960] [OneBot.WS-Server] [ws-default] rejected unauthorized WebSocket upgrade
22:11:09 DEBUG [3868978960] [OneBot.WS-Server] [ws-default] rejected unauthorized WebSocket upgrade
22:11:09 DEBUG [3868978960] [OneBot.WS-Server] [ws-default] rejected unauthorized WebSocket upgrade
22:11:11 DEBUG [3868978960] [OneBot.WS-Server] [ws-default] rejected unauthorized WebSocket upgrade
22:11:11 DEBUG [3868978960] [OneBot.WS-Server] [ws-default] rejected unauthorized WebSocket upgrade
22:11:15 DEBUG [3868978960] [OneBot.WS-Server] [ws-default] rejected unauthorized WebSocket upgrade
22:11:15 DEBUG [3868978960] [OneBot.WS-Server] [ws-default] rejected unauthorized WebSocket upgrade
22:11:23 DEBUG [3868978960] [OneBot.WS-Server] [ws-default] rejected unauthorized WebSocket upgrade
22:11:23 DEBUG [3868978960] [OneBot.WS-Server] [ws-default] rejected unauthorized WebSocket upgrade
22:11:39 DEBUG [3868978960] [OneBot.WS-Server] [ws-default] rejected unauthorized WebSocket upgrade
22:11:39 DEBUG [3868978960] [OneBot.WS-Server] [ws-default] rejected unauthorized WebSocket upgrade
22:11:48 OK    [3868978960] [OneBot.WS-Server] [ws-default] listening 127.0.0.1:3001/
22:11:48 INFO               [OneBot] configuration applied: UIN=3868978960 adapters=2
22:11:48 INFO               [WebUI] Updated OneBot config for UIN=3868978960 saved=true online=true applied=true failures=0
22:12:40 DEBUG              [MsgPush.UnknownElement] wire element ignored unknownTag=1 wireType=2 count=1 bytes=34 reason=no schema decoder path=body.richText
22:12:40 DEBUG              [MsgPush.UnknownElement] wire element ignored unknownTag=10 wireType=0 count=1 bytes=1 reason=no schema decoder path=elem.generalFlags
22:12:40 DEBUG              [MsgPush.UnknownElement] wire element ignored unknownTag=12 wireType=0 count=1 bytes=1 reason=no schema decoder path=elem.generalFlags
22:12:40 DEBUG              [MsgPush.UnknownElement] wire element ignored unknownTag=13 wireType=0 count=1 bytes=1 reason=no schema decoder path=elem.generalFlags
22:12:40 DEBUG              [MsgPush.UnknownElement] wire element ignored unknownTag=17 wireType=0 count=1 bytes=1 reason=no schema decoder path=elem.generalFlags
22:12:40 DEBUG              [MsgPush.UnknownElement] wire element ignored unknownTag=19 wireType=2 count=1 bytes=107 reason=no schema decoder path=elem.generalFlags
22:12:40 DEBUG              [MsgPush.UnknownElement] wire element ignored unknownTag=9 wireType=2 count=1 bytes=8 reason=no schema decoder path=elem
22:12:40 OK    [3868978960] [Event] 群 [NSUK模组-高级用户群(455415527)] | [我是梦蓝咯(3630797734)]: ID:929756631 abc
22:13:07 WARN  [3868978960] [OneBot.WS-Server] [ws-default] socket error: read ECONNRESET
22:14:31 DEBUG [3868978960] [Bridge.Action] get_login_info params=
22:14:31 DEBUG [3868978960] [Bridge.Action] fetch_custom_face_detail params=count=100
22:14:51 DEBUG              [MsgPush.UnknownElement] wire element ignored unknownTag=1 wireType=2 count=1 bytes=34 reason=no schema decoder path=body.richText
22:14:51 DEBUG              [MsgPush.UnknownElement] wire element ignored unknownTag=10 wireType=0 count=1 bytes=1 reason=no schema decoder path=elem.generalFlags
22:14:51 DEBUG              [MsgPush.UnknownElement] wire element ignored unknownTag=12 wireType=0 count=1 bytes=1 reason=no schema decoder path=elem.generalFlags
22:14:51 DEBUG              [MsgPush.UnknownElement] wire element ignored unknownTag=13 wireType=0 count=1 bytes=1 reason=no schema decoder path=elem.generalFlags
22:14:51 DEBUG              [MsgPush.UnknownElement] wire element ignored unknownTag=17 wireType=0 count=1 bytes=1 reason=no schema decoder path=elem.generalFlags
22:14:51 DEBUG              [MsgPush.UnknownElement] wire element ignored unknownTag=19 wireType=2 count=1 bytes=108 reason=no schema decoder path=elem.generalFlags
22:14:51 DEBUG              [MsgPush.UnknownElement] wire element ignored unknownTag=9 wireType=2 count=1 bytes=8 reason=no schema decoder path=elem
22:14:51 OK    [3868978960] [Event] 群 [NSUK模组-高级用户群(455415527)] | [我是梦蓝咯(3630797734)]: ID:453472083 你好
22:15:05 DEBUG              [MsgPush.UnknownElement] wire element ignored unknownTag=1 wireType=2 count=1 bytes=34 reason=no schema decoder path=body.richText
22:15:05 DEBUG              [MsgPush.UnknownElement] wire element ignored unknownTag=10 wireType=0 count=1 bytes=1 reason=no schema decoder path=elem.generalFlags
22:15:05 DEBUG              [MsgPush.UnknownElement] wire element ignored unknownTag=12 wireType=0 count=1 bytes=1 reason=no schema decoder path=elem.generalFlags
22:15:05 DEBUG              [MsgPush.UnknownElement] wire element ignored unknownTag=13 wireType=0 count=1 bytes=1 reason=no schema decoder path=elem.generalFlags
22:15:05 DEBUG              [MsgPush.UnknownElement] wire element ignored unknownTag=16 wireType=0 count=1 bytes=1 reason=no schema decoder path=elem.generalFlags
22:15:05 DEBUG              [MsgPush.UnknownElement] wire element ignored unknownTag=17 wireType=0 count=1 bytes=3 reason=no schema decoder path=elem.generalFlags
22:15:05 DEBUG              [MsgPush.UnknownElement] wire element ignored unknownTag=19 wireType=2 count=1 bytes=123 reason=no schema decoder path=elem.generalFlags
22:15:05 DEBUG              [MsgPush.UnknownElement] wire element ignored unknownTag=9 wireType=2 count=1 bytes=7 reason=no schema decoder path=elem
22:15:05 OK    [3868978960] [Event] 群 [NSUK模组-高级用户群(455415527)] | [沐涵(2066047450)]: ID:-1270442601 你好
22:15:10 DEBUG              [MsgPush.UnknownElement] wire element ignored unknownTag=1 wireType=2 count=1 bytes=34 reason=no schema decoder path=body.richText
22:15:10 DEBUG              [MsgPush.UnknownElement] wire element ignored unknownTag=9 wireType=2 count=1 bytes=5 reason=no schema decoder path=elem
22:15:10 DEBUG              [MsgPush.UnknownElement] wire element ignored unknownTag=10 wireType=0 count=1 bytes=1 reason=no schema decoder path=elem.generalFlags
22:15:10 DEBUG              [MsgPush.UnknownElement] wire element ignored unknownTag=12 wireType=0 count=1 bytes=1 reason=no schema decoder path=elem.generalFlags
22:15:10 DEBUG              [MsgPush.UnknownElement] wire element ignored unknownTag=13 wireType=0 count=1 bytes=1 reason=no schema decoder path=elem.generalFlags
22:15:10 DEBUG              [MsgPush.UnknownElement] wire element ignored unknownTag=19 wireType=2 count=1 bytes=94 reason=no schema decoder path=elem.generalFlags
22:15:10 OK    [3868978960] [Event] [自身] 群 [NSUK模组-高级用户群(455415527)] | [机器人测试账号(3868978960)]: ID:-920639531 14:14:31 [bridge] SnowLuma 已连接：ws://localhost:3001...
22:15:15 DEBUG              [MsgPush.UnknownElement] wire element ignored unknownTag=1 wireType=2 count=1 bytes=34 reason=no schema decoder path=body.richText
22:15:15 DEBUG              [MsgPush.UnknownElement] wire element ignored unknownTag=10 wireType=0 count=1 bytes=1 reason=no schema decoder path=elem.generalFlags
22:15:15 DEBUG              [MsgPush.UnknownElement] wire element ignored unknownTag=12 wireType=0 count=1 bytes=1 reason=no schema decoder path=elem.generalFlags
22:15:15 DEBUG              [MsgPush.UnknownElement] wire element ignored unknownTag=13 wireType=0 count=1 bytes=1 reason=no schema decoder path=elem.generalFlags
22:15:15 DEBUG              [MsgPush.UnknownElement] wire element ignored unknownTag=16 wireType=0 count=1 bytes=1 reason=no schema decoder path=elem.generalFlags
22:15:15 DEBUG              [MsgPush.UnknownElement] wire element ignored unknownTag=17 wireType=0 count=1 bytes=3 reason=no schema decoder path=elem.generalFlags
22:15:15 DEBUG              [MsgPush.UnknownElement] wire element ignored unknownTag=19 wireType=2 count=1 bytes=124 reason=no schema decoder path=elem.generalFlags
22:15:15 DEBUG              [MsgPush.UnknownElement] wire element ignored unknownTag=9 wireType=2 count=1 bytes=7 reason=no schema decoder path=elem
22:15:15 DEBUG              [MsgPush.UnknownElement] wire element ignored unknownTag=11 wireType=0 count=1 bytes=1 reason=no schema decoder path=text.pbReserve
22:15:15 OK    [3868978960] [Event] 群 [NSUK模组-高级用户群(455415527)] | [沐涵(2066047450)]: ID:222786353 @3868978960 你好
22:15:22 DEBUG              [MsgPush.UnknownElement] wire element ignored unknownTag=1 wireType=2 count=1 bytes=34 reason=no schema decoder path=body.richText
22:15:22 DEBUG              [MsgPush.UnknownElement] wire element ignored unknownTag=10 wireType=0 count=1 bytes=1 reason=no schema decoder path=elem.generalFlags
22:15:22 DEBUG              [MsgPush.UnknownElement] wire element ignored unknownTag=12 wireType=0 count=1 bytes=1 reason=no schema decoder path=elem.generalFlags
22:15:22 DEBUG              [MsgPush.UnknownElement] wire element ignored unknownTag=13 wireType=0 count=1 bytes=1 reason=no schema decoder path=elem.generalFlags
22:15:22 DEBUG              [MsgPush.UnknownElement] wire element ignored unknownTag=16 wireType=0 count=1 bytes=1 reason=no schema decoder path=elem.generalFlags
22:15:22 DEBUG              [MsgPush.UnknownElement] wire element ignored unknownTag=17 wireType=0 count=1 bytes=3 reason=no schema decoder path=elem.generalFlags
22:15:22 DEBUG              [MsgPush.UnknownElement] wire element ignored unknownTag=19 wireType=2 count=1 bytes=124 reason=no schema decoder path=elem.generalFlags
22:15:22 DEBUG              [MsgPush.UnknownElement] wire element ignored unknownTag=9 wireType=2 count=1 bytes=7 reason=no schema decoder path=elem
22:15:22 OK    [3868978960] [Event] 群 [NSUK模组-高级用户群(455415527)] | [沐涵(2066047450)]: ID:1310075881 我去
22:15:24 DEBUG              [MsgPush.UnknownElement] wire element ignored unknownTag=1 wireType=2 count=1 bytes=34 reason=no schema decoder path=body.richText
22:15:24 DEBUG              [MsgPush.UnknownElement] wire element ignored unknownTag=9 wireType=2 count=1 bytes=5 reason=no schema decoder path=elem
22:15:24 DEBUG              [MsgPush.UnknownElement] wire element ignored unknownTag=10 wireType=0 count=1 bytes=1 reason=no schema decoder path=elem.generalFlags
22:15:24 DEBUG              [MsgPush.UnknownElement] wire element ignored unknownTag=12 wireType=0 count=1 bytes=1 reason=no schema decoder path=elem.generalFlags
22:15:24 DEBUG              [MsgPush.UnknownElement] wire element ignored unknownTag=13 wireType=0 count=1 bytes=1 reason=no schema decoder path=elem.generalFlags
22:15:24 DEBUG              [MsgPush.UnknownElement] wire element ignored unknownTag=19 wireType=2 count=1 bytes=93 reason=no schema decoder path=elem.generalFlags
22:15:24 OK    [3868978960] [Event] [自身] 群 [NSUK模组-高级用户群(455415527)] | [机器人测试账号(3868978960)]: ID:388233493 忽略未授权会话 group:455415527（当前模式 chat，来自 2066047450）
22:15:24 DEBUG              [MsgPush.UnknownElement] wire element ignored unknownTag=1 wireType=2 count=1 bytes=34 reason=no schema decoder path=body.richText
22:15:24 DEBUG              [MsgPush.UnknownElement] wire element ignored unknownTag=10 wireType=0 count=1 bytes=1 reason=no schema decoder path=elem.generalFlags
22:15:24 DEBUG              [MsgPush.UnknownElement] wire element ignored unknownTag=12 wireType=0 count=1 bytes=1 reason=no schema decoder path=elem.generalFlags
22:15:24 DEBUG              [MsgPush.UnknownElement] wire element ignored unknownTag=13 wireType=0 count=1 bytes=1 reason=no schema decoder path=elem.generalFlags
22:15:24 DEBUG              [MsgPush.UnknownElement] wire element ignored unknownTag=17 wireType=0 count=1 bytes=1 reason=no schema decoder path=elem.generalFlags
22:15:24 DEBUG              [MsgPush.UnknownElement] wire element ignored unknownTag=19 wireType=2 count=1 bytes=103 reason=no schema decoder path=elem.generalFlags
22:15:24 DEBUG              [MsgPush.UnknownElement] wire element ignored unknownTag=9 wireType=2 count=1 bytes=8 reason=no schema decoder path=elem
22:15:24 OK    [3868978960] [Event] 群 [NSUK模组-高级用户群(455415527)] | [【仅受理建筑相关】-苏晴晴在此-(2639131152)]: ID:-1129526580 666
22:15:25 DEBUG              [MsgPush.UnknownElement] wire element ignored unknownTag=1 wireType=2 count=1 bytes=34 reason=no schema decoder path=body.richText
22:15:25 DEBUG              [MsgPush.UnknownElement] wire element ignored unknownTag=10 wireType=0 count=1 bytes=1 reason=no schema decoder path=elem.generalFlags
22:15:25 DEBUG              [MsgPush.UnknownElement] wire element ignored unknownTag=12 wireType=0 count=1 bytes=1 reason=no schema decoder path=elem.generalFlags
22:15:25 DEBUG              [MsgPush.UnknownElement] wire element ignored unknownTag=13 wireType=0 count=1 bytes=1 reason=no schema decoder path=elem.generalFlags
22:15:25 DEBUG              [MsgPush.UnknownElement] wire element ignored unknownTag=16 wireType=0 count=1 bytes=1 reason=no schema decoder path=elem.generalFlags
22:15:25 DEBUG              [MsgPush.UnknownElement] wire element ignored unknownTag=17 wireType=0 count=1 bytes=3 reason=no schema decoder path=elem.generalFlags
22:15:25 DEBUG              [MsgPush.UnknownElement] wire element ignored unknownTag=19 wireType=2 count=1 bytes=124 reason=no schema decoder path=elem.generalFlags
22:15:25 DEBUG              [MsgPush.UnknownElement] wire element ignored unknownTag=9 wireType=2 count=1 bytes=7 reason=no schema decoder path=elem
22:15:25 OK    [3868978960] [Event] 群 [NSUK模组-高级用户群(455415527)] | [沐涵(2066047450)]: ID:5196078 DSH
22:15:28 DEBUG              [MsgPush.UnknownElement] wire element ignored unknownTag=1 wireType=2 count=1 bytes=34 reason=no schema decoder path=body.richText
22:15:28 DEBUG              [MsgPush.UnknownElement] wire element ignored unknownTag=10 wireType=0 count=1 bytes=1 reason=no schema decoder path=elem.generalFlags
22:15:28 DEBUG              [MsgPush.UnknownElement] wire element ignored unknownTag=12 wireType=0 count=1 bytes=1 reason=no schema decoder path=elem.generalFlags
22:15:28 DEBUG              [MsgPush.UnknownElement] wire element ignored unknownTag=13 wireType=0 count=1 bytes=1 reason=no schema decoder path=elem.generalFlags
22:15:28 DEBUG              [MsgPush.UnknownElement] wire element ignored unknownTag=17 wireType=0 count=1 bytes=1 reason=no schema decoder path=elem.generalFlags
22:15:28 DEBUG              [MsgPush.UnknownElement] wire element ignored unknownTag=19 wireType=2 count=1 bytes=103 reason=no schema decoder path=elem.generalFlags
22:15:28 DEBUG              [MsgPush.UnknownElement] wire element ignored unknownTag=9 wireType=2 count=1 bytes=8 reason=no schema decoder path=elem
22:15:28 OK    [3868978960] [Event] 群 [NSUK模组-高级用户群(455415527)] | [【仅受理建筑相关】-苏晴晴在此-(2639131152)]: ID:583508453 dsh
22:15:38 DEBUG              [MsgPush.UnknownElement] wire element ignored unknownTag=1 wireType=2 count=1 bytes=34 reason=no schema decoder path=body.richText
22:15:38 DEBUG              [MsgPush.UnknownElement] wire element ignored unknownTag=10 wireType=0 count=1 bytes=1 reason=no schema decoder path=elem.generalFlags
22:15:38 DEBUG              [MsgPush.UnknownElement] wire element ignored unknownTag=12 wireType=0 count=1 bytes=1 reason=no schema decoder path=elem.generalFlags
22:15:38 DEBUG              [MsgPush.UnknownElement] wire element ignored unknownTag=13 wireType=0 count=1 bytes=1 reason=no schema decoder path=elem.generalFlags
22:15:38 DEBUG              [MsgPush.UnknownElement] wire element ignored unknownTag=16 wireType=0 count=1 bytes=1 reason=no schema decoder path=elem.generalFlags
22:15:38 DEBUG              [MsgPush.UnknownElement] wire element ignored unknownTag=17 wireType=0 count=1 bytes=3 reason=no schema decoder path=elem.generalFlags
22:15:38 DEBUG              [MsgPush.UnknownElement] wire element ignored unknownTag=19 wireType=2 count=1 bytes=123 reason=no schema decoder path=elem.generalFlags
22:15:38 DEBUG              [MsgPush.UnknownElement] wire element ignored unknownTag=9 wireType=2 count=1 bytes=7 reason=no schema decoder path=elem
22:15:38 OK    [3868978960] [Event] 群 [NSUK模组-高级用户群(455415527)] | [沐涵(2066047450)]: ID:-2113053502 魔了 [表情]
22:15:44 DEBUG              [MsgPush.UnknownElement] wire element ignored unknownTag=1 wireType=2 count=1 bytes=34 reason=no schema decoder path=body.richText
22:15:44 DEBUG              [MsgPush.UnknownElement] wire element ignored unknownTag=10 wireType=0 count=1 bytes=1 reason=no schema decoder path=elem.generalFlags
22:15:44 DEBUG              [MsgPush.UnknownElement] wire element ignored unknownTag=12 wireType=0 count=1 bytes=1 reason=no schema decoder path=elem.generalFlags
22:15:44 DEBUG              [MsgPush.UnknownElement] wire element ignored unknownTag=13 wireType=0 count=1 bytes=1 reason=no schema decoder path=elem.generalFlags
22:15:44 DEBUG              [MsgPush.UnknownElement] wire element ignored unknownTag=16 wireType=0 count=1 bytes=1 reason=no schema decoder path=elem.generalFlags
22:15:44 DEBUG              [MsgPush.UnknownElement] wire element ignored unknownTag=17 wireType=0 count=1 bytes=1 reason=no schema decoder path=elem.generalFlags
22:15:44 DEBUG              [MsgPush.UnknownElement] wire element ignored unknownTag=19 wireType=2 count=1 bytes=115 reason=no schema decoder path=elem.generalFlags
22:15:44 DEBUG              [MsgPush.UnknownElement] wire element ignored unknownTag=9 wireType=2 count=1 bytes=6 reason=no schema decoder path=elem
22:15:44 OK    [3868978960] [Event] 群 [NSUK模组-高级用户群(455415527)] | [壹(3217933263)]: ID:-895934522 AI嘛
22:17:24 WARN  [3868978960] [OneBot.WS-Server] [ws-default] socket error: read ECONNRESET
22:17:40 DEBUG [3868978960] [Bridge.Action] get_login_info params=
22:17:40 DEBUG [3868978960] [Bridge.Action] fetch_custom_face_detail params=count=100
22:17:46 DEBUG              [MsgPush.UnknownElement] wire element ignored unknownTag=1 wireType=2 count=1 bytes=34 reason=no schema decoder path=body.richText
22:17:46 DEBUG              [MsgPush.UnknownElement] wire element ignored unknownTag=10 wireType=0 count=1 bytes=1 reason=no schema decoder path=elem.generalFlags
22:17:46 DEBUG              [MsgPush.UnknownElement] wire element ignored unknownTag=12 wireType=0 count=1 bytes=1 reason=no schema decoder path=elem.generalFlags
22:17:46 DEBUG              [MsgPush.UnknownElement] wire element ignored unknownTag=13 wireType=0 count=1 bytes=1 reason=no schema decoder path=elem.generalFlags
22:17:46 DEBUG              [MsgPush.UnknownElement] wire element ignored unknownTag=17 wireType=0 count=1 bytes=1 reason=no schema decoder path=elem.generalFlags
22:17:46 DEBUG              [MsgPush.UnknownElement] wire element ignored unknownTag=19 wireType=2 count=1 bytes=108 reason=no schema decoder path=elem.generalFlags
22:17:46 DEBUG              [MsgPush.UnknownElement] wire element ignored unknownTag=9 wireType=2 count=1 bytes=8 reason=no schema decoder path=elem
22:17:46 OK    [3868978960] [Event] 群 [NSUK模组-高级用户群(455415527)] | [我是梦蓝咯(3630797734)]: ID:-1177858631 你好
22:17:46 DEBUG [3868978960] [Bridge.Action] send_group_msg params=group_id=455415527 message=[len=1]
22:17:47 INFO               [OneBot] 群聊 455415527 | 发送：⏳ 系统服务重启中，消息已排队，恢复后自动处理。
22:17:47 DEBUG              [MsgPush.UnknownElement] wire element ignored unknownTag=1 wireType=2 count=1 bytes=34 reason=no schema decoder path=body.richText
22:17:47 DEBUG              [MsgPush.UnknownElement] wire element ignored unknownTag=9 wireType=2 count=1 bytes=5 reason=no schema decoder path=elem
22:17:47 DEBUG              [MsgPush.UnknownElement] wire element ignored unknownTag=10 wireType=0 count=1 bytes=1 reason=no schema decoder path=elem.generalFlags
22:17:47 DEBUG              [MsgPush.UnknownElement] wire element ignored unknownTag=12 wireType=0 count=1 bytes=1 reason=no schema decoder path=elem.generalFlags
22:17:47 DEBUG              [MsgPush.UnknownElement] wire element ignored unknownTag=13 wireType=0 count=1 bytes=1 reason=no schema decoder path=elem.generalFlags
22:17:47 DEBUG              [MsgPush.UnknownElement] wire element ignored unknownTag=19 wireType=2 count=1 bytes=93 reason=no schema decoder path=elem.generalFlags
22:17:47 OK    [3868978960] [Event] [自身] 群 [NSUK模组-高级用户群(455415527)] | [机器人测试账号(3868978960)]: ID:-801417717 ⏳ 系统服务重启中，消息已排队，恢复后自动处理。
22:17:54 DEBUG              [MsgPush.UnknownElement] wire element ignored unknownTag=1 wireType=2 count=1 bytes=34 reason=no schema decoder path=body.richText
22:17:54 DEBUG              [MsgPush.UnknownElement] wire element ignored unknownTag=10 wireType=0 count=1 bytes=1 reason=no schema decoder path=elem.generalFlags
22:17:54 DEBUG              [MsgPush.UnknownElement] wire element ignored unknownTag=12 wireType=0 count=1 bytes=1 reason=no schema decoder path=elem.generalFlags
22:17:54 DEBUG              [MsgPush.UnknownElement] wire element ignored unknownTag=13 wireType=0 count=1 bytes=1 reason=no schema decoder path=elem.generalFlags
22:17:54 DEBUG              [MsgPush.UnknownElement] wire element ignored unknownTag=16 wireType=0 count=1 bytes=1 reason=no schema decoder path=elem.generalFlags
22:17:54 DEBUG              [MsgPush.UnknownElement] wire element ignored unknownTag=17 wireType=0 count=1 bytes=3 reason=no schema decoder path=elem.generalFlags
22:17:54 DEBUG              [MsgPush.UnknownElement] wire element ignored unknownTag=19 wireType=2 count=1 bytes=121 reason=no schema decoder path=elem.generalFlags
22:17:54 DEBUG              [MsgPush.UnknownElement] wire element ignored unknownTag=9 wireType=2 count=1 bytes=7 reason=no schema decoder path=elem
22:17:54 OK    [3868978960] [Event] 群 [NSUK模组-高级用户群(455415527)] | [沐涵(2066047450)]: ID:-379593756 ⏳ 系统服务重启中，消息已排队，恢复后自动处理。
22:18:08 WARN  [3868978960] [OneBot.WS-Server] [ws-default] socket error: read ECONNRESET
22:18:09 DEBUG              [MsgPush.Unknown] Event0x210 unknown subType=381
22:18:09 DEBUG              [MsgPush.Unknown] Event0x210 unknown subType=382
22:18:09 DEBUG              [Bridge] online-device snapshot updated: uin=3868978960 clients=1 types=2
22:18:09 DEBUG              [Bridge] online-device snapshot updated: uin=3868978960 clients=1 types=2
22:18:09 DEBUG              [Bridge] online-device snapshot updated: uin=3868978960 clients=1 types=2
22:18:09 DEBUG              [MsgPush.Unknown] Event0x210 unknown subType=332
22:18:10 DEBUG              [MsgPush.Unknown] Event0x210 unknown subType=382
22:18:10 DEBUG              [MsgPush.Unknown] Event0x210 unknown subType=382
22:18:10 DEBUG              [MsgPush.Unknown] Event0x210 unknown subType=382
22:18:10 DEBUG              [MsgPush.Unknown] Event0x210 unknown subType=381
22:18:10 DEBUG              [MsgPush.Unknown] Event0x210 unknown subType=381
22:18:10 DEBUG              [MsgPush.Unknown] Event0x210 unknown subType=381
22:18:10 DEBUG              [MsgPush.Unknown] Event0x210 unknown subType=381
22:18:10 DEBUG              [MsgPush.Unknown] Event0x210 unknown subType=381
22:18:10 DEBUG              [MsgPush.Unknown] Event0x210 unknown subType=381
22:18:10 DEBUG              [MsgPush.Unknown] Event0x210 unknown subType=382
22:18:10 DEBUG              [MsgPush.Unknown] Event0x210 unknown subType=382
22:18:10 DEBUG              [MsgPush.Unknown] Event0x210 unknown subType=382
22:18:10 DEBUG              [MsgPush.Unknown] Event0x210 unknown subType=382
22:18:10 DEBUG              [MsgPush.Unknown] Event0x210 unknown subType=382
22:18:10 DEBUG              [MsgPush.Unknown] Event0x210 unknown subType=382
22:18:11 DEBUG              [MsgPush.Unknown] Event0x2DC unknown subType=1
22:18:13 DEBUG              [MsgPush.Unknown] Event0x2DC unknown subType=1
22:18:13 DEBUG              [MsgPush.UnknownElement] wire element ignored unknownTag=1 wireType=2 count=1 bytes=34 reason=no schema decoder path=body.richText
22:18:13 DEBUG              [MsgPush.UnknownElement] wire element ignored unknownTag=10 wireType=0 count=1 bytes=1 reason=no schema decoder path=elem.generalFlags
22:18:13 DEBUG              [MsgPush.UnknownElement] wire element ignored unknownTag=12 wireType=0 count=1 bytes=1 reason=no schema decoder path=elem.generalFlags
22:18:13 DEBUG              [MsgPush.UnknownElement] wire element ignored unknownTag=13 wireType=0 count=1 bytes=1 reason=no schema decoder path=elem.generalFlags
22:18:13 DEBUG              [MsgPush.UnknownElement] wire element ignored unknownTag=16 wireType=0 count=1 bytes=1 reason=no schema decoder path=elem.generalFlags
22:18:13 DEBUG              [MsgPush.UnknownElement] wire element ignored unknownTag=17 wireType=0 count=1 bytes=1 reason=no schema decoder path=elem.generalFlags
22:18:13 DEBUG              [MsgPush.UnknownElement] wire element ignored unknownTag=19 wireType=2 count=1 bytes=96 reason=no schema decoder path=elem.generalFlags
22:18:13 DEBUG              [MsgPush.UnknownElement] wire element ignored unknownTag=9 wireType=2 count=1 bytes=5 reason=no schema decoder path=elem
22:18:13 OK    [3868978960] [Event] [自身] 群 [NSUK模组-高级用户群(455415527)] | [机器人测试账号(3868978960)]: ID:607866852 哈哈
22:18:16 DEBUG              [MsgPush.Unknown] Event0x2DC unknown subType=1
22:18:16 DEBUG              [MsgPush.UnknownElement] wire element ignored unknownTag=1 wireType=2 count=1 bytes=34 reason=no schema decoder path=body.richText
22:18:16 DEBUG              [MsgPush.UnknownElement] wire element ignored unknownTag=10 wireType=0 count=1 bytes=1 reason=no schema decoder path=elem.generalFlags
22:18:16 DEBUG              [MsgPush.UnknownElement] wire element ignored unknownTag=12 wireType=0 count=1 bytes=1 reason=no schema decoder path=elem.generalFlags
22:18:16 DEBUG              [MsgPush.UnknownElement] wire element ignored unknownTag=13 wireType=0 count=1 bytes=1 reason=no schema decoder path=elem.generalFlags
22:18:16 DEBUG              [MsgPush.UnknownElement] wire element ignored unknownTag=16 wireType=0 count=1 bytes=1 reason=no schema decoder path=elem.generalFlags
22:18:16 DEBUG              [MsgPush.UnknownElement] wire element ignored unknownTag=17 wireType=0 count=1 bytes=1 reason=no schema decoder path=elem.generalFlags
22:18:16 DEBUG              [MsgPush.UnknownElement] wire element ignored unknownTag=19 wireType=2 count=1 bytes=94 reason=no schema decoder path=elem.generalFlags
22:18:16 DEBUG              [MsgPush.UnknownElement] wire element ignored unknownTag=9 wireType=2 count=1 bytes=5 reason=no schema decoder path=elem
22:18:16 OK    [3868978960] [Event] [自身] 群 [NSUK模组-高级用户群(455415527)] | [机器人测试账号(3868978960)]: ID:-1149144702 我是奥创
22:18:18 DEBUG              [MsgPush.Unknown] Event0x2DC unknown subType=1
22:18:18 DEBUG              [MsgPush.UnknownElement] wire element ignored unknownTag=1 wireType=2 count=1 bytes=34 reason=no schema decoder path=body.richText
22:18:18 DEBUG              [MsgPush.UnknownElement] wire element ignored unknownTag=10 wireType=0 count=1 bytes=1 reason=no schema decoder path=elem.generalFlags
22:18:18 DEBUG              [MsgPush.UnknownElement] wire element ignored unknownTag=12 wireType=0 count=1 bytes=1 reason=no schema decoder path=elem.generalFlags
22:18:18 DEBUG              [MsgPush.UnknownElement] wire element ignored unknownTag=13 wireType=0 count=1 bytes=1 reason=no schema decoder path=elem.generalFlags
22:18:18 DEBUG              [MsgPush.UnknownElement] wire element ignored unknownTag=16 wireType=0 count=1 bytes=1 reason=no schema decoder path=elem.generalFlags
22:18:18 DEBUG              [MsgPush.UnknownElement] wire element ignored unknownTag=17 wireType=0 count=1 bytes=1 reason=no schema decoder path=elem.generalFlags
22:18:18 DEBUG              [MsgPush.UnknownElement] wire element ignored unknownTag=19 wireType=2 count=1 bytes=95 reason=no schema decoder path=elem.generalFlags
22:18:18 DEBUG              [MsgPush.UnknownElement] wire element ignored unknownTag=9 wireType=2 count=1 bytes=5 reason=no schema decoder path=elem
22:18:18 OK    [3868978960] [Event] [自身] 群 [NSUK模组-高级用户群(455415527)] | [机器人测试账号(3868978960)]: ID:-108803349 我复活了
22:18:20 DEBUG              [MsgPush.Unknown] Event0x2DC unknown subType=1
22:18:20 DEBUG              [MsgPush.UnknownElement] wire element ignored unknownTag=1 wireType=2 count=1 bytes=34 reason=no schema decoder path=body.richText
22:18:20 DEBUG              [MsgPush.UnknownElement] wire element ignored unknownTag=10 wireType=0 count=1 bytes=1 reason=no schema decoder path=elem.generalFlags
22:18:20 DEBUG              [MsgPush.UnknownElement] wire element ignored unknownTag=12 wireType=0 count=1 bytes=1 reason=no schema decoder path=elem.generalFlags
22:18:20 DEBUG              [MsgPush.UnknownElement] wire element ignored unknownTag=13 wireType=0 count=1 bytes=1 reason=no schema decoder path=elem.generalFlags
22:18:20 DEBUG              [MsgPush.UnknownElement] wire element ignored unknownTag=16 wireType=0 count=1 bytes=1 reason=no schema decoder path=elem.generalFlags
22:18:20 DEBUG              [MsgPush.UnknownElement] wire element ignored unknownTag=17 wireType=0 count=1 bytes=1 reason=no schema decoder path=elem.generalFlags
22:18:20 DEBUG              [MsgPush.UnknownElement] wire element ignored unknownTag=19 wireType=2 count=1 bytes=96 reason=no schema decoder path=elem.generalFlags
22:18:20 DEBUG              [MsgPush.UnknownElement] wire element ignored unknownTag=9 wireType=2 count=1 bytes=5 reason=no schema decoder path=elem
22:18:20 OK    [3868978960] [Event] [自身] 群 [NSUK模组-高级用户群(455415527)] | [机器人测试账号(3868978960)]: ID:1177579594 我要炸了你们
22:18:25 DEBUG              [MsgPush.UnknownElement] wire element ignored unknownTag=1 wireType=2 count=1 bytes=33 reason=no schema decoder path=body.richText
22:18:25 DEBUG              [MsgPush.UnknownElement] wire element ignored unknownTag=10 wireType=0 count=1 bytes=1 reason=no schema decoder path=elem.generalFlags
22:18:25 DEBUG              [MsgPush.UnknownElement] wire element ignored unknownTag=12 wireType=0 count=1 bytes=1 reason=no schema decoder path=elem.generalFlags
22:18:25 DEBUG              [MsgPush.UnknownElement] wire element ignored unknownTag=13 wireType=0 count=1 bytes=1 reason=no schema decoder path=elem.generalFlags
22:18:25 DEBUG              [MsgPush.UnknownElement] wire element ignored unknownTag=17 wireType=0 count=1 bytes=1 reason=no schema decoder path=elem.generalFlags
22:18:25 DEBUG              [MsgPush.UnknownElement] wire element ignored unknownTag=19 wireType=2 count=1 bytes=102 reason=no schema decoder path=elem.generalFlags
22:18:25 DEBUG              [MsgPush.UnknownElement] wire element ignored unknownTag=9 wireType=2 count=1 bytes=8 reason=no schema decoder path=elem
22:18:25 OK    [3868978960] [Event] 群 [NSUK模组-高级用户群(455415527)] | [【仅受理建筑相关】-苏晴晴在此-(2639131152)]: ID:-864644707 6
22:18:25 DEBUG              [Bridge] online-device snapshot updated: uin=3868978960 clients=1 types=2
22:18:25 DEBUG              [Bridge] online-device snapshot updated: uin=3868978960 clients=1 types=2
22:18:25 DEBUG              [Bridge] online-device snapshot updated: uin=3868978960 clients=1 types=2
22:18:26 DEBUG              [MsgPush.Unknown] Event0x210 unknown subType=382
22:18:26 DEBUG              [MsgPush.Unknown] Event0x210 unknown subType=382
22:18:26 DEBUG              [MsgPush.Unknown] Event0x210 unknown subType=382
22:18:45 DEBUG              [MsgPush.UnknownElement] wire element ignored unknownTag=1 wireType=2 count=1 bytes=33 reason=no schema decoder path=body.richText
22:18:45 DEBUG              [MsgPush.UnknownElement] wire element ignored unknownTag=10 wireType=0 count=1 bytes=1 reason=no schema decoder path=elem.generalFlags
22:18:45 DEBUG              [MsgPush.UnknownElement] wire element ignored unknownTag=12 wireType=0 count=1 bytes=1 reason=no schema decoder path=elem.generalFlags
22:18:45 DEBUG              [MsgPush.UnknownElement] wire element ignored unknownTag=13 wireType=0 count=1 bytes=1 reason=no schema decoder path=elem.generalFlags
22:18:45 DEBUG              [MsgPush.UnknownElement] wire element ignored unknownTag=17 wireType=0 count=1 bytes=1 reason=no schema decoder path=elem.generalFlags
22:18:45 DEBUG              [MsgPush.UnknownElement] wire element ignored unknownTag=19 wireType=2 count=1 bytes=107 reason=no schema decoder path=elem.generalFlags
22:18:45 DEBUG              [MsgPush.UnknownElement] wire element ignored unknownTag=9 wireType=2 count=1 bytes=8 reason=no schema decoder path=elem
22:18:45 OK    [3868978960] [Event] 群 [NSUK模组-高级用户群(455415527)] | [我是梦蓝咯(3630797734)]: ID:466650914 ?
22:19:47 DEBUG              [MsgPush.UnknownElement] wire element ignored unknownTag=1 wireType=2 count=1 bytes=34 reason=no schema decoder path=body.richText
22:19:47 DEBUG              [MsgPush.UnknownElement] wire element ignored unknownTag=10 wireType=0 count=1 bytes=1 reason=no schema decoder path=elem.generalFlags
22:19:47 DEBUG              [MsgPush.UnknownElement] wire element ignored unknownTag=12 wireType=0 count=1 bytes=1 reason=no schema decoder path=elem.generalFlags
22:19:47 DEBUG              [MsgPush.UnknownElement] wire element ignored unknownTag=13 wireType=0 count=1 bytes=1 reason=no schema decoder path=elem.generalFlags
22:19:47 DEBUG              [MsgPush.UnknownElement] wire element ignored unknownTag=17 wireType=0 count=1 bytes=1 reason=no schema decoder path=elem.generalFlags
22:19:47 DEBUG              [MsgPush.UnknownElement] wire element ignored unknownTag=19 wireType=2 count=1 bytes=108 reason=no schema decoder path=elem.generalFlags
22:19:47 DEBUG              [MsgPush.UnknownElement] wire element ignored unknownTag=9 wireType=2 count=1 bytes=8 reason=no schema decoder path=elem
22:19:47 DEBUG              [MsgPush.UnknownElement] wire element ignored unknownTag=11 wireType=0 count=1 bytes=1 reason=no schema decoder path=text.pbReserve
22:19:47 OK    [3868978960] [Event] 群 [NSUK模组-高级用户群(455415527)] | [我是梦蓝咯(3630797734)]: ID:-21881800 @3868978960 老牧师梨小达滚下来
22:19:56 DEBUG              [MsgPush.UnknownElement] wire element ignored unknownTag=1 wireType=2 count=1 bytes=33 reason=no schema decoder path=body.richText
22:19:56 DEBUG              [MsgPush.UnknownElement] wire element ignored unknownTag=10 wireType=0 count=1 bytes=1 reason=no schema decoder path=elem.generalFlags
22:19:56 DEBUG              [MsgPush.UnknownElement] wire element ignored unknownTag=12 wireType=0 count=1 bytes=1 reason=no schema decoder path=elem.generalFlags
22:19:56 DEBUG              [MsgPush.UnknownElement] wire element ignored unknownTag=13 wireType=0 count=1 bytes=1 reason=no schema decoder path=elem.generalFlags
22:19:56 DEBUG              [MsgPush.UnknownElement] wire element ignored unknownTag=16 wireType=0 count=1 bytes=1 reason=no schema decoder path=elem.generalFlags
22:19:56 DEBUG              [MsgPush.UnknownElement] wire element ignored unknownTag=17 wireType=0 count=1 bytes=1 reason=no schema decoder path=elem.generalFlags
22:19:56 DEBUG              [MsgPush.UnknownElement] wire element ignored unknownTag=19 wireType=2 count=1 bytes=99 reason=no schema decoder path=elem.generalFlags
22:19:56 DEBUG              [MsgPush.UnknownElement] wire element ignored unknownTag=9 wireType=2 count=1 bytes=5 reason=no schema decoder path=elem
22:19:56 OK    [3868978960] [Event] 群 [NSUK模组-高级用户群(455415527)] | [Riaoda梨小达(2322744303)]: ID:-163597363 我早下来了
22:20:12 DEBUG              [MsgPush.UnknownElement] wire element ignored unknownTag=1 wireType=2 count=1 bytes=34 reason=no schema decoder path=body.richText
22:20:12 DEBUG              [MsgPush.UnknownElement] wire element ignored unknownTag=10 wireType=0 count=1 bytes=1 reason=no schema decoder path=elem.generalFlags
22:20:12 DEBUG              [MsgPush.UnknownElement] wire element ignored unknownTag=12 wireType=0 count=1 bytes=1 reason=no schema decoder path=elem.generalFlags
22:20:12 DEBUG              [MsgPush.UnknownElement] wire element ignored unknownTag=13 wireType=0 count=1 bytes=1 reason=no schema decoder path=elem.generalFlags
22:20:12 DEBUG              [MsgPush.UnknownElement] wire element ignored unknownTag=16 wireType=0 count=1 bytes=1 reason=no schema decoder path=elem.generalFlags
22:20:12 DEBUG              [MsgPush.UnknownElement] wire element ignored unknownTag=17 wireType=0 count=1 bytes=3 reason=no schema decoder path=elem.generalFlags
22:20:12 DEBUG              [MsgPush.UnknownElement] wire element ignored unknownTag=19 wireType=2 count=1 bytes=123 reason=no schema decoder path=elem.generalFlags
22:20:12 DEBUG              [MsgPush.UnknownElement] wire element ignored unknownTag=9 wireType=2 count=1 bytes=7 reason=no schema decoder path=elem
22:20:12 DEBUG              [MsgPush.UnknownElement] wire element ignored unknownTag=11 wireType=0 count=1 bytes=1 reason=no schema decoder path=text.pbReserve
22:20:12 OK    [3868978960] [Event] 群 [NSUK模组-高级用户群(455415527)] | [沐涵(2066047450)]: ID:723840619 @3630797734 [空消息]
22:20:16 DEBUG              [MsgPush.UnknownElement] wire element ignored unknownTag=1 wireType=2 count=1 bytes=34 reason=no schema decoder path=body.richText
22:20:16 DEBUG              [MsgPush.UnknownElement] wire element ignored unknownTag=10 wireType=0 count=1 bytes=1 reason=no schema decoder path=elem.generalFlags
22:20:16 DEBUG              [MsgPush.UnknownElement] wire element ignored unknownTag=12 wireType=0 count=1 bytes=1 reason=no schema decoder path=elem.generalFlags
22:20:16 DEBUG              [MsgPush.UnknownElement] wire element ignored unknownTag=13 wireType=0 count=1 bytes=1 reason=no schema decoder path=elem.generalFlags
22:20:16 DEBUG              [MsgPush.UnknownElement] wire element ignored unknownTag=16 wireType=0 count=1 bytes=1 reason=no schema decoder path=elem.generalFlags
22:20:16 DEBUG              [MsgPush.UnknownElement] wire element ignored unknownTag=17 wireType=0 count=1 bytes=3 reason=no schema decoder path=elem.generalFlags
22:20:16 DEBUG              [MsgPush.UnknownElement] wire element ignored unknownTag=19 wireType=2 count=1 bytes=123 reason=no schema decoder path=elem.generalFlags
22:20:16 DEBUG              [MsgPush.UnknownElement] wire element ignored unknownTag=9 wireType=2 count=1 bytes=7 reason=no schema decoder path=elem
22:20:16 OK    [3868978960] [Event] 群 [NSUK模组-高级用户群(455415527)] | [沐涵(2066047450)]: ID:526705483 你想不开了吗
22:20:18 DEBUG              [MsgPush.UnknownElement] wire element ignored unknownTag=1 wireType=2 count=1 bytes=34 reason=no schema decoder path=body.richText
22:20:18 DEBUG              [MsgPush.UnknownElement] wire element ignored unknownTag=10 wireType=0 count=1 bytes=1 reason=no schema decoder path=elem.generalFlags
22:20:18 DEBUG              [MsgPush.UnknownElement] wire element ignored unknownTag=12 wireType=0 count=1 bytes=1 reason=no schema decoder path=elem.generalFlags
22:20:18 DEBUG              [MsgPush.UnknownElement] wire element ignored unknownTag=13 wireType=0 count=1 bytes=1 reason=no schema decoder path=elem.generalFlags
22:20:18 DEBUG              [MsgPush.UnknownElement] wire element ignored unknownTag=16 wireType=0 count=1 bytes=1 reason=no schema decoder path=elem.generalFlags
22:20:18 DEBUG              [MsgPush.UnknownElement] wire element ignored unknownTag=17 wireType=0 count=1 bytes=3 reason=no schema decoder path=elem.generalFlags
22:20:18 DEBUG              [MsgPush.UnknownElement] wire element ignored unknownTag=19 wireType=2 count=1 bytes=120 reason=no schema decoder path=elem.generalFlags
22:20:18 DEBUG              [MsgPush.UnknownElement] wire element ignored unknownTag=9 wireType=2 count=1 bytes=7 reason=no schema decoder path=elem
22:20:18 OK    [3868978960] [Event] 群 [NSUK模组-高级用户群(455415527)] | [沐涵(2066047450)]: ID:1471155934 [表情]
22:20:23 DEBUG              [MsgPush.UnknownElement] wire element ignored unknownTag=1 wireType=2 count=1 bytes=34 reason=no schema decoder path=body.richText
22:20:23 DEBUG              [MsgPush.UnknownElement] wire element ignored unknownTag=10 wireType=0 count=1 bytes=1 reason=no schema decoder path=elem.generalFlags
22:20:23 DEBUG              [MsgPush.UnknownElement] wire element ignored unknownTag=12 wireType=0 count=1 bytes=1 reason=no schema decoder path=elem.generalFlags
22:20:23 DEBUG              [MsgPush.UnknownElement] wire element ignored unknownTag=13 wireType=0 count=1 bytes=1 reason=no schema decoder path=elem.generalFlags
22:20:23 DEBUG              [MsgPush.UnknownElement] wire element ignored unknownTag=16 wireType=0 count=1 bytes=1 reason=no schema decoder path=elem.generalFlags
22:20:23 DEBUG              [MsgPush.UnknownElement] wire element ignored unknownTag=17 wireType=0 count=1 bytes=3 reason=no schema decoder path=elem.generalFlags
22:20:23 DEBUG              [MsgPush.UnknownElement] wire element ignored unknownTag=19 wireType=2 count=1 bytes=123 reason=no schema decoder path=elem.generalFlags
22:20:23 DEBUG              [MsgPush.UnknownElement] wire element ignored unknownTag=9 wireType=2 count=1 bytes=7 reason=no schema decoder path=elem
22:20:23 OK    [3868978960] [Event] 群 [NSUK模组-高级用户群(455415527)] | [沐涵(2066047450)]: ID:1966345865 为啥要用dsh
22:20:23 DEBUG              [MsgPush.UnknownElement] wire element ignored unknownTag=1 wireType=2 count=1 bytes=34 reason=no schema decoder path=body.richText
22:20:23 DEBUG              [MsgPush.UnknownElement] wire element ignored unknownTag=10 wireType=0 count=1 bytes=1 reason=no schema decoder path=elem.generalFlags
22:20:23 DEBUG              [MsgPush.UnknownElement] wire element ignored unknownTag=12 wireType=0 count=1 bytes=1 reason=no schema decoder path=elem.generalFlags
22:20:23 DEBUG              [MsgPush.UnknownElement] wire element ignored unknownTag=13 wireType=0 count=1 bytes=1 reason=no schema decoder path=elem.generalFlags
22:20:23 DEBUG              [MsgPush.UnknownElement] wire element ignored unknownTag=16 wireType=0 count=1 bytes=1 reason=no schema decoder path=elem.generalFlags
22:20:23 DEBUG              [MsgPush.UnknownElement] wire element ignored unknownTag=17 wireType=0 count=1 bytes=3 reason=no schema decoder path=elem.generalFlags
22:20:23 DEBUG              [MsgPush.UnknownElement] wire element ignored unknownTag=19 wireType=2 count=1 bytes=120 reason=no schema decoder path=elem.generalFlags
22:20:23 DEBUG              [MsgPush.UnknownElement] wire element ignored unknownTag=9 wireType=2 count=1 bytes=7 reason=no schema decoder path=elem
22:20:23 OK    [3868978960] [Event] 群 [NSUK模组-高级用户群(455415527)] | [沐涵(2066047450)]: ID:-1174658172 [表情]
22:20:40 DEBUG              [MsgPush.UnknownElement] wire element ignored unknownTag=1 wireType=2 count=1 bytes=34 reason=no schema decoder path=body.richText
22:20:40 DEBUG              [MsgPush.UnknownElement] wire element ignored unknownTag=10 wireType=0 count=1 bytes=1 reason=no schema decoder path=elem.generalFlags
22:20:40 DEBUG              [MsgPush.UnknownElement] wire element ignored unknownTag=12 wireType=0 count=1 bytes=1 reason=no schema decoder path=elem.generalFlags
22:20:40 DEBUG              [MsgPush.UnknownElement] wire element ignored unknownTag=13 wireType=0 count=1 bytes=1 reason=no schema decoder path=elem.generalFlags
22:20:40 DEBUG              [MsgPush.UnknownElement] wire element ignored unknownTag=17 wireType=0 count=1 bytes=1 reason=no schema decoder path=elem.generalFlags
22:20:40 DEBUG              [MsgPush.UnknownElement] wire element ignored unknownTag=19 wireType=2 count=1 bytes=108 reason=no schema decoder path=elem.generalFlags
22:20:40 DEBUG              [MsgPush.UnknownElement] wire element ignored unknownTag=9 wireType=2 count=1 bytes=8 reason=no schema decoder path=elem
22:20:40 DEBUG              [MsgPush.UnknownElement] wire element ignored unknownTag=11 wireType=0 count=1 bytes=1 reason=no schema decoder path=text.pbReserve
22:20:40 DEBUG              [MsgPush.UnknownElement] wire element ignored unknownTag=11 wireType=0 count=1 bytes=1 reason=no schema decoder path=text.pbReserve
22:20:40 OK    [3868978960] [Event] 群 [NSUK模组-高级用户群(455415527)] | [我是梦蓝咯(3630797734)]: ID:1172672489 [回复 [沐涵(2066047450)]: 为啥要用dsh] @2066047450 之前用dsh测试的
22:20:50 DEBUG              [MsgPush.UnknownElement] wire element ignored unknownTag=1 wireType=2 count=1 bytes=34 reason=no schema decoder path=body.richText
22:20:50 DEBUG              [MsgPush.UnknownElement] wire element ignored unknownTag=10 wireType=0 count=1 bytes=1 reason=no schema decoder path=elem.generalFlags
22:20:50 DEBUG              [MsgPush.UnknownElement] wire element ignored unknownTag=12 wireType=0 count=1 bytes=1 reason=no schema decoder path=elem.generalFlags
22:20:50 DEBUG              [MsgPush.UnknownElement] wire element ignored unknownTag=13 wireType=0 count=1 bytes=1 reason=no schema decoder path=elem.generalFlags
22:20:50 DEBUG              [MsgPush.UnknownElement] wire element ignored unknownTag=16 wireType=0 count=1 bytes=1 reason=no schema decoder path=elem.generalFlags
22:20:50 DEBUG              [MsgPush.UnknownElement] wire element ignored unknownTag=17 wireType=0 count=1 bytes=3 reason=no schema decoder path=elem.generalFlags
22:20:50 DEBUG              [MsgPush.UnknownElement] wire element ignored unknownTag=19 wireType=2 count=1 bytes=120 reason=no schema decoder path=elem.generalFlags
22:20:50 DEBUG              [MsgPush.UnknownElement] wire element ignored unknownTag=9 wireType=2 count=1 bytes=7 reason=no schema decoder path=elem
22:20:50 DEBUG              [MsgPush.UnknownElement] wire element ignored fields=text reason=no recognized MessageElement payload
22:20:50 OK    [3868978960] [Event] 群 [NSUK模组-高级用户群(455415527)] | [沐涵(2066047450)]: ID:1816431240 [表情]
22:23:20 DEBUG              [MsgPush.UnknownElement] wire element ignored unknownTag=1 wireType=2 count=1 bytes=34 reason=no schema decoder path=body.richText
22:23:20 DEBUG              [MsgPush.UnknownElement] wire element ignored unknownTag=9 wireType=2 count=1 bytes=5 reason=no schema decoder path=elem
22:23:20 DEBUG              [MsgPush.UnknownElement] wire element ignored unknownTag=10 wireType=0 count=1 bytes=1 reason=no schema decoder path=elem.generalFlags
22:23:20 DEBUG              [MsgPush.UnknownElement] wire element ignored unknownTag=12 wireType=0 count=1 bytes=1 reason=no schema decoder path=elem.generalFlags
22:23:20 DEBUG              [MsgPush.UnknownElement] wire element ignored unknownTag=13 wireType=0 count=1 bytes=1 reason=no schema decoder path=elem.generalFlags
22:23:20 DEBUG              [MsgPush.UnknownElement] wire element ignored unknownTag=19 wireType=2 count=1 bytes=105 reason=no schema decoder path=elem.generalFlags
22:23:20 OK    [3868978960] [Event] 群 [NSUK模组-高级用户群(455415527)] | [咖啡Coffee🏳️‍⚧️🍥(1780412693)]: ID:-1200144456 j!=j
22:23:24 DEBUG              [MsgPush.UnknownElement] wire element ignored unknownTag=1 wireType=2 count=1 bytes=34 reason=no schema decoder path=body.richText
22:23:24 DEBUG              [MsgPush.UnknownElement] wire element ignored unknownTag=2 wireType=2 count=1 bytes=21 reason=no schema decoder path=commonElem.msgInfo.msgInfoBody[0].hashSum
22:23:24 DEBUG              [MsgPush.UnknownElement] wire element ignored unknownTag=3 wireType=0 count=1 bytes=1 reason=no schema decoder path=commonElem.msgInfo.extBizInfo.pic.extData
22:23:24 DEBUG              [MsgPush.UnknownElement] wire element ignored unknownTag=4 wireType=0 count=1 bytes=1 reason=no schema decoder path=commonElem.msgInfo.extBizInfo.pic.extData
22:23:24 DEBUG              [MsgPush.UnknownElement] wire element ignored unknownTag=10 wireType=0 count=1 bytes=1 reason=no schema decoder path=commonElem.msgInfo.extBizInfo.pic.extData
22:23:24 DEBUG              [MsgPush.UnknownElement] wire element ignored unknownTag=12 wireType=2 count=1 bytes=1 reason=no schema decoder path=commonElem.msgInfo.extBizInfo.pic.extData
22:23:24 DEBUG              [MsgPush.UnknownElement] wire element ignored unknownTag=18 wireType=2 count=1 bytes=1 reason=no schema decoder path=commonElem.msgInfo.extBizInfo.pic.extData
22:23:24 DEBUG              [MsgPush.UnknownElement] wire element ignored unknownTag=19 wireType=2 count=1 bytes=1 reason=no schema decoder path=commonElem.msgInfo.extBizInfo.pic.extData
22:23:24 DEBUG              [MsgPush.UnknownElement] wire element ignored unknownTag=21 wireType=2 count=1 bytes=13 reason=no schema decoder path=commonElem.msgInfo.extBizInfo.pic.extData
22:23:24 DEBUG              [MsgPush.UnknownElement] wire element ignored unknownTag=30 wireType=2 count=1 bytes=98 reason=no schema decoder path=commonElem.msgInfo.extBizInfo.pic.extData
22:23:24 DEBUG              [MsgPush.UnknownElement] wire element ignored unknownTag=31 wireType=2 count=1 bytes=1 reason=no schema decoder path=commonElem.msgInfo.extBizInfo.pic.extData
22:23:24 DEBUG              [MsgPush.UnknownElement] wire element ignored unknownTag=9 wireType=2 count=1 bytes=3 reason=no schema decoder path=elem
22:23:24 DEBUG              [MsgPush.UnknownElement] wire element ignored unknownTag=10 wireType=0 count=1 bytes=1 reason=no schema decoder path=elem.generalFlags
22:23:24 DEBUG              [MsgPush.UnknownElement] wire element ignored unknownTag=12 wireType=0 count=1 bytes=1 reason=no schema decoder path=elem.generalFlags
22:23:24 DEBUG              [MsgPush.UnknownElement] wire element ignored unknownTag=13 wireType=0 count=1 bytes=1 reason=no schema decoder path=elem.generalFlags
22:23:24 DEBUG              [MsgPush.UnknownElement] wire element ignored unknownTag=19 wireType=2 count=1 bytes=105 reason=no schema decoder path=elem.generalFlags
22:23:24 OK    [3868978960] [Event] 群 [NSUK模组-高级用户群(455415527)] | [咖啡Coffee🏳️‍⚧️🍥(1780412693)]: ID:-839699786 [图片]
22:24:08 DEBUG [3868978960] [Bridge.Action] get_login_info params=
22:24:08 DEBUG [3868978960] [Bridge.Action] fetch_custom_face_detail params=count=100
22:24:13 DEBUG              [MsgPush.UnknownElement] wire element ignored unknownTag=1 wireType=2 count=1 bytes=34 reason=no schema decoder path=body.richText
22:24:13 DEBUG              [MsgPush.UnknownElement] wire element ignored unknownTag=10 wireType=0 count=1 bytes=1 reason=no schema decoder path=elem.generalFlags
22:24:13 DEBUG              [MsgPush.UnknownElement] wire element ignored unknownTag=12 wireType=0 count=1 bytes=1 reason=no schema decoder path=elem.generalFlags
22:24:13 DEBUG              [MsgPush.UnknownElement] wire element ignored unknownTag=13 wireType=0 count=1 bytes=1 reason=no schema decoder path=elem.generalFlags
22:24:13 DEBUG              [MsgPush.UnknownElement] wire element ignored unknownTag=17 wireType=0 count=1 bytes=1 reason=no schema decoder path=elem.generalFlags
22:24:13 DEBUG              [MsgPush.UnknownElement] wire element ignored unknownTag=19 wireType=2 count=1 bytes=104 reason=no schema decoder path=elem.generalFlags
22:24:13 DEBUG              [MsgPush.UnknownElement] wire element ignored unknownTag=9 wireType=2 count=1 bytes=8 reason=no schema decoder path=elem
22:24:13 OK    [3868978960] [Event] 群 [NSUK模组-高级用户群(455415527)] | [我是梦蓝咯(3630797734)]: ID:-1975634645 npm start
22:24:13 DEBUG [3868978960] [Bridge.Action] send_group_msg params=group_id=455415527 message=[len=1]
22:24:13 INFO               [OneBot] 群聊 455415527 | 发送：⏳ 系统服务重启中，消息已排队，恢复后自动处理（队列保留 1 分钟）。
22:24:13 DEBUG              [MsgPush.UnknownElement] wire element ignored unknownTag=1 wireType=2 count=1 bytes=33 reason=no schema decoder path=body.richText
22:24:13 DEBUG              [MsgPush.UnknownElement] wire element ignored unknownTag=9 wireType=2 count=1 bytes=5 reason=no schema decoder path=elem
22:24:13 DEBUG              [MsgPush.UnknownElement] wire element ignored unknownTag=10 wireType=0 count=1 bytes=1 reason=no schema decoder path=elem.generalFlags
22:24:13 DEBUG              [MsgPush.UnknownElement] wire element ignored unknownTag=12 wireType=0 count=1 bytes=1 reason=no schema decoder path=elem.generalFlags
22:24:13 DEBUG              [MsgPush.UnknownElement] wire element ignored unknownTag=13 wireType=0 count=1 bytes=1 reason=no schema decoder path=elem.generalFlags
22:24:13 DEBUG              [MsgPush.UnknownElement] wire element ignored unknownTag=19 wireType=2 count=1 bytes=93 reason=no schema decoder path=elem.generalFlags
22:24:13 OK    [3868978960] [Event] [自身] 群 [NSUK模组-高级用户群(455415527)] | [机器人测试账号(3868978960)]: ID:1813933622 ⏳ 系统服务重启中，消息已排队，恢复后自动处理（队列保留 1 分钟）。
22:24:28 DEBUG              [MsgPush.UnknownElement] wire element ignored unknownTag=1 wireType=2 count=1 bytes=34 reason=no schema decoder path=body.richText
22:24:28 DEBUG              [MsgPush.UnknownElement] wire element ignored unknownTag=10 wireType=0 count=1 bytes=1 reason=no schema decoder path=elem.generalFlags
22:24:28 DEBUG              [MsgPush.UnknownElement] wire element ignored unknownTag=12 wireType=0 count=1 bytes=1 reason=no schema decoder path=elem.generalFlags
22:24:28 DEBUG              [MsgPush.UnknownElement] wire element ignored unknownTag=13 wireType=0 count=1 bytes=1 reason=no schema decoder path=elem.generalFlags
22:24:28 DEBUG              [MsgPush.UnknownElement] wire element ignored unknownTag=17 wireType=0 count=1 bytes=1 reason=no schema decoder path=elem.generalFlags
22:24:28 DEBUG              [MsgPush.UnknownElement] wire element ignored unknownTag=19 wireType=2 count=1 bytes=103 reason=no schema decoder path=elem.generalFlags
22:24:28 DEBUG              [MsgPush.UnknownElement] wire element ignored unknownTag=9 wireType=2 count=1 bytes=8 reason=no schema decoder path=elem
22:24:28 OK    [3868978960] [Event] 群 [NSUK模组-高级用户群(455415527)] | [【仅受理建筑相关】-苏晴晴在此-(2639131152)]: ID:840629513 666
22:24:35 DEBUG              [MsgPush.UnknownElement] wire element ignored unknownTag=1 wireType=2 count=1 bytes=34 reason=no schema decoder path=body.richText
22:24:35 DEBUG              [MsgPush.UnknownElement] wire element ignored unknownTag=10 wireType=0 count=1 bytes=1 reason=no schema decoder path=elem.generalFlags
22:24:35 DEBUG              [MsgPush.UnknownElement] wire element ignored unknownTag=12 wireType=0 count=1 bytes=1 reason=no schema decoder path=elem.generalFlags
22:24:35 DEBUG              [MsgPush.UnknownElement] wire element ignored unknownTag=13 wireType=0 count=1 bytes=1 reason=no schema decoder path=elem.generalFlags
22:24:35 DEBUG              [MsgPush.UnknownElement] wire element ignored unknownTag=17 wireType=0 count=1 bytes=1 reason=no schema decoder path=elem.generalFlags
22:24:35 DEBUG              [MsgPush.UnknownElement] wire element ignored unknownTag=19 wireType=2 count=1 bytes=104 reason=no schema decoder path=elem.generalFlags
22:24:35 DEBUG              [MsgPush.UnknownElement] wire element ignored unknownTag=9 wireType=2 count=1 bytes=8 reason=no schema decoder path=elem
22:24:35 OK    [3868978960] [Event] 群 [NSUK模组-高级用户群(455415527)] | [我是梦蓝咯(3630797734)]: ID:1189704124 你好
22:24:55 DEBUG              [MsgPush.UnknownElement] wire element ignored unknownTag=1 wireType=2 count=1 bytes=34 reason=no schema decoder path=body.richText
22:24:55 DEBUG              [MsgPush.UnknownElement] wire element ignored unknownTag=10 wireType=0 count=1 bytes=1 reason=no schema decoder path=elem.generalFlags
22:24:55 DEBUG              [MsgPush.UnknownElement] wire element ignored unknownTag=12 wireType=0 count=1 bytes=1 reason=no schema decoder path=elem.generalFlags
22:24:55 DEBUG              [MsgPush.UnknownElement] wire element ignored unknownTag=13 wireType=0 count=1 bytes=1 reason=no schema decoder path=elem.generalFlags
22:24:55 DEBUG              [MsgPush.UnknownElement] wire element ignored unknownTag=16 wireType=0 count=1 bytes=1 reason=no schema decoder path=elem.generalFlags
22:24:55 DEBUG              [MsgPush.UnknownElement] wire element ignored unknownTag=17 wireType=0 count=1 bytes=3 reason=no schema decoder path=elem.generalFlags
22:24:55 DEBUG              [MsgPush.UnknownElement] wire element ignored unknownTag=19 wireType=2 count=1 bytes=121 reason=no schema decoder path=elem.generalFlags
22:24:55 DEBUG              [MsgPush.UnknownElement] wire element ignored unknownTag=9 wireType=2 count=1 bytes=7 reason=no schema decoder path=elem
22:24:55 OK    [3868978960] [Event] 群 [NSUK模组-高级用户群(455415527)] | [沐涵(2066047450)]: ID:2079572449 你好
22:24:55 DEBUG [3868978960] [Bridge.Action] send_group_msg params=group_id=455415527 message=[len=1]
22:24:56 INFO               [OneBot] 群聊 455415527 | 发送：⏳ 系统服务重启中，消息已排队，恢复后自动处理（队列保留 1 分钟）。
22:24:56 DEBUG              [MsgPush.UnknownElement] wire element ignored unknownTag=1 wireType=2 count=1 bytes=34 reason=no schema decoder path=body.richText
22:24:56 DEBUG              [MsgPush.UnknownElement] wire element ignored unknownTag=9 wireType=2 count=1 bytes=5 reason=no schema decoder path=elem
22:24:56 DEBUG              [MsgPush.UnknownElement] wire element ignored unknownTag=10 wireType=0 count=1 bytes=1 reason=no schema decoder path=elem.generalFlags
22:24:56 DEBUG              [MsgPush.UnknownElement] wire element ignored unknownTag=12 wireType=0 count=1 bytes=1 reason=no schema decoder path=elem.generalFlags
22:24:56 DEBUG              [MsgPush.UnknownElement] wire element ignored unknownTag=13 wireType=0 count=1 bytes=1 reason=no schema decoder path=elem.generalFlags
22:24:56 DEBUG              [MsgPush.UnknownElement] wire element ignored unknownTag=19 wireType=2 count=1 bytes=94 reason=no schema decoder path=elem.generalFlags
22:24:56 OK    [3868978960] [Event] [自身] 群 [NSUK模组-高级用户群(455415527)] | [机器人测试账号(3868978960)]: ID:-1803612592 ⏳ 系统服务重启中，消息已排队，恢复后自动处理（队列保留 1 分钟）。
22:24:58 DEBUG              [MsgPush.UnknownElement] wire element ignored unknownTag=1 wireType=2 count=1 bytes=33 reason=no schema decoder path=body.richText
22:24:58 DEBUG              [MsgPush.UnknownElement] wire element ignored unknownTag=10 wireType=0 count=1 bytes=1 reason=no schema decoder path=elem.generalFlags
22:24:58 DEBUG              [MsgPush.UnknownElement] wire element ignored unknownTag=12 wireType=0 count=1 bytes=1 reason=no schema decoder path=elem.generalFlags
22:24:58 DEBUG              [MsgPush.UnknownElement] wire element ignored unknownTag=13 wireType=0 count=1 bytes=1 reason=no schema decoder path=elem.generalFlags
22:24:58 DEBUG              [MsgPush.UnknownElement] wire element ignored unknownTag=16 wireType=0 count=1 bytes=1 reason=no schema decoder path=elem.generalFlags
22:24:58 DEBUG              [MsgPush.UnknownElement] wire element ignored unknownTag=17 wireType=0 count=1 bytes=3 reason=no schema decoder path=elem.generalFlags
22:24:58 DEBUG              [MsgPush.UnknownElement] wire element ignored unknownTag=19 wireType=2 count=1 bytes=121 reason=no schema decoder path=elem.generalFlags
22:24:58 DEBUG              [MsgPush.UnknownElement] wire element ignored unknownTag=9 wireType=2 count=1 bytes=7 reason=no schema decoder path=elem
22:24:58 DEBUG              [MsgPush.UnknownElement] wire element ignored unknownTag=11 wireType=0 count=1 bytes=1 reason=no schema decoder path=text.pbReserve
22:24:58 OK    [3868978960] [Event] 群 [NSUK模组-高级用户群(455415527)] | [沐涵(2066047450)]: ID:-2126781649 @3868978960 你好
22:24:58 DEBUG [3868978960] [Bridge.Action] get_group_member_info params=group_id=455415527 user_id=3868978960
22:25:50 DEBUG              [MsgPush.UnknownElement] wire element ignored unknownTag=1 wireType=2 count=1 bytes=34 reason=no schema decoder path=body.richText
22:25:50 DEBUG              [MsgPush.UnknownElement] wire element ignored unknownTag=10 wireType=0 count=1 bytes=1 reason=no schema decoder path=elem.generalFlags
22:25:50 DEBUG              [MsgPush.UnknownElement] wire element ignored unknownTag=12 wireType=0 count=1 bytes=1 reason=no schema decoder path=elem.generalFlags
22:25:50 DEBUG              [MsgPush.UnknownElement] wire element ignored unknownTag=13 wireType=0 count=1 bytes=1 reason=no schema decoder path=elem.generalFlags
22:25:50 DEBUG              [MsgPush.UnknownElement] wire element ignored unknownTag=17 wireType=0 count=1 bytes=1 reason=no schema decoder path=elem.generalFlags
22:25:50 DEBUG              [MsgPush.UnknownElement] wire element ignored unknownTag=19 wireType=2 count=1 bytes=107 reason=no schema decoder path=elem.generalFlags
22:25:50 DEBUG              [MsgPush.UnknownElement] wire element ignored unknownTag=9 wireType=2 count=1 bytes=8 reason=no schema decoder path=elem
22:25:50 OK    [3868978960] [Event] 群 [NSUK模组-高级用户群(455415527)] | [我是梦蓝咯(3630797734)]: ID:1239093912 你好
22:26:01 DEBUG              [MsgPush.UnknownElement] wire element ignored unknownTag=1 wireType=2 count=1 bytes=34 reason=no schema decoder path=body.richText
22:26:01 DEBUG              [MsgPush.UnknownElement] wire element ignored unknownTag=10 wireType=0 count=1 bytes=1 reason=no schema decoder path=elem.generalFlags
22:26:01 DEBUG              [MsgPush.UnknownElement] wire element ignored unknownTag=12 wireType=0 count=1 bytes=1 reason=no schema decoder path=elem.generalFlags
22:26:01 DEBUG              [MsgPush.UnknownElement] wire element ignored unknownTag=13 wireType=0 count=1 bytes=1 reason=no schema decoder path=elem.generalFlags
22:26:01 DEBUG              [MsgPush.UnknownElement] wire element ignored unknownTag=16 wireType=0 count=1 bytes=1 reason=no schema decoder path=elem.generalFlags
22:26:01 DEBUG              [MsgPush.UnknownElement] wire element ignored unknownTag=17 wireType=0 count=1 bytes=3 reason=no schema decoder path=elem.generalFlags
22:26:01 DEBUG              [MsgPush.UnknownElement] wire element ignored unknownTag=19 wireType=2 count=1 bytes=120 reason=no schema decoder path=elem.generalFlags
22:26:01 DEBUG              [MsgPush.UnknownElement] wire element ignored unknownTag=9 wireType=2 count=1 bytes=7 reason=no schema decoder path=elem
22:26:01 OK    [3868978960] [Event] 群 [NSUK模组-高级用户群(455415527)] | [沐涵(2066047450)]: ID:-1118212497 你好
22:26:06 DEBUG              [MsgPush.UnknownElement] wire element ignored unknownTag=1 wireType=2 count=1 bytes=34 reason=no schema decoder path=body.richText
22:26:06 DEBUG              [MsgPush.UnknownElement] wire element ignored unknownTag=10 wireType=0 count=1 bytes=1 reason=no schema decoder path=elem.generalFlags
22:26:06 DEBUG              [MsgPush.UnknownElement] wire element ignored unknownTag=12 wireType=0 count=1 bytes=1 reason=no schema decoder path=elem.generalFlags
22:26:06 DEBUG              [MsgPush.UnknownElement] wire element ignored unknownTag=13 wireType=0 count=1 bytes=1 reason=no schema decoder path=elem.generalFlags
22:26:06 DEBUG              [MsgPush.UnknownElement] wire element ignored unknownTag=16 wireType=0 count=1 bytes=1 reason=no schema decoder path=elem.generalFlags
22:26:06 DEBUG              [MsgPush.UnknownElement] wire element ignored unknownTag=17 wireType=0 count=1 bytes=1 reason=no schema decoder path=elem.generalFlags
22:26:06 DEBUG              [MsgPush.UnknownElement] wire element ignored unknownTag=19 wireType=2 count=1 bytes=115 reason=no schema decoder path=elem.generalFlags
22:26:06 DEBUG              [MsgPush.UnknownElement] wire element ignored unknownTag=9 wireType=2 count=1 bytes=6 reason=no schema decoder path=elem
22:26:06 OK    [3868978960] [Event] 群 [NSUK模组-高级用户群(455415527)] | [白日梦想家已退出群聊(3223845398)]: ID:298357366 真的机器人吗
22:26:10 DEBUG              [MsgPush.UnknownElement] wire element ignored unknownTag=1 wireType=2 count=1 bytes=34 reason=no schema decoder path=body.richText
22:26:10 DEBUG              [MsgPush.UnknownElement] wire element ignored unknownTag=10 wireType=0 count=1 bytes=1 reason=no schema decoder path=elem.generalFlags
22:26:10 DEBUG              [MsgPush.UnknownElement] wire element ignored unknownTag=12 wireType=0 count=1 bytes=1 reason=no schema decoder path=elem.generalFlags
22:26:10 DEBUG              [MsgPush.UnknownElement] wire element ignored unknownTag=13 wireType=0 count=1 bytes=1 reason=no schema decoder path=elem.generalFlags
22:26:10 DEBUG              [MsgPush.UnknownElement] wire element ignored unknownTag=16 wireType=0 count=1 bytes=1 reason=no schema decoder path=elem.generalFlags
22:26:10 DEBUG              [MsgPush.UnknownElement] wire element ignored unknownTag=17 wireType=0 count=1 bytes=1 reason=no schema decoder path=elem.generalFlags
22:26:10 DEBUG              [MsgPush.UnknownElement] wire element ignored unknownTag=19 wireType=2 count=1 bytes=115 reason=no schema decoder path=elem.generalFlags
22:26:10 DEBUG              [MsgPush.UnknownElement] wire element ignored unknownTag=9 wireType=2 count=1 bytes=6 reason=no schema decoder path=elem
22:26:10 OK    [3868978960] [Event] 群 [NSUK模组-高级用户群(455415527)] | [白日梦想家已退出群聊(3223845398)]: ID:1664920692 ⏳ 系统服务重启中，消息已排队，恢复后自动处理（队列保留 1 分钟）。
22:26:11 WARN  [3868978960] [Event] 禁言 [NSUK模组-高级用户群(455415527)] | [沐涵(2066047450)] 600秒
22:26:15 DEBUG              [MsgPush.UnknownElement] wire element ignored unknownTag=1 wireType=2 count=1 bytes=34 reason=no schema decoder path=body.richText
22:26:15 DEBUG              [MsgPush.UnknownElement] wire element ignored unknownTag=10 wireType=0 count=1 bytes=1 reason=no schema decoder path=elem.generalFlags
22:26:15 DEBUG              [MsgPush.UnknownElement] wire element ignored unknownTag=12 wireType=0 count=1 bytes=1 reason=no schema decoder path=elem.generalFlags
22:26:15 DEBUG              [MsgPush.UnknownElement] wire element ignored unknownTag=13 wireType=0 count=1 bytes=1 reason=no schema decoder path=elem.generalFlags
22:26:15 DEBUG              [MsgPush.UnknownElement] wire element ignored unknownTag=17 wireType=0 count=1 bytes=1 reason=no schema decoder path=elem.generalFlags
22:26:15 DEBUG              [MsgPush.UnknownElement] wire element ignored unknownTag=19 wireType=2 count=1 bytes=108 reason=no schema decoder path=elem.generalFlags
22:26:15 DEBUG              [MsgPush.UnknownElement] wire element ignored unknownTag=9 wireType=2 count=1 bytes=6 reason=no schema decoder path=elem
22:26:15 DEBUG              [MsgPush.UnknownElement] wire element ignored unknownTag=2 wireType=2 count=1 bytes=21 reason=no schema decoder path=commonElem.msgInfo.msgInfoBody[0].hashSum
22:26:15 DEBUG              [MsgPush.UnknownElement] wire element ignored unknownTag=4 wireType=2 count=1 bytes=3 reason=no schema decoder path=commonElem.msgInfo.extBizInfo
22:26:15 OK    [3868978960] [Event] 群 [NSUK模组-高级用户群(455415527)] | [我是梦蓝咯(3630797734)]: ID:1296804778 [图片]
22:26:16 WARN  [3868978960] [Event] 禁言 [NSUK模组-高级用户群(455415527)] | [白日梦想家已退出群聊(3223845398)] 600秒
22:26:23 DEBUG              [MsgPush.UnknownElement] wire element ignored unknownTag=1 wireType=2 count=1 bytes=34 reason=no schema decoder path=body.richText
22:26:23 DEBUG              [MsgPush.UnknownElement] wire element ignored unknownTag=10 wireType=0 count=1 bytes=1 reason=no schema decoder path=elem.generalFlags
22:26:23 DEBUG              [MsgPush.UnknownElement] wire element ignored unknownTag=12 wireType=0 count=1 bytes=1 reason=no schema decoder path=elem.generalFlags
22:26:23 DEBUG              [MsgPush.UnknownElement] wire element ignored unknownTag=13 wireType=0 count=1 bytes=1 reason=no schema decoder path=elem.generalFlags
22:26:23 DEBUG              [MsgPush.UnknownElement] wire element ignored unknownTag=17 wireType=0 count=1 bytes=1 reason=no schema decoder path=elem.generalFlags
22:26:23 DEBUG              [MsgPush.UnknownElement] wire element ignored unknownTag=19 wireType=2 count=1 bytes=105 reason=no schema decoder path=elem.generalFlags
22:26:23 DEBUG              [MsgPush.UnknownElement] wire element ignored unknownTag=9 wireType=2 count=1 bytes=8 reason=no schema decoder path=elem
22:26:23 DEBUG              [MsgPush.UnknownElement] wire element ignored unknownTag=11 wireType=0 count=1 bytes=1 reason=no schema decoder path=text.pbReserve
22:26:23 OK    [3868978960] [Event] 群 [NSUK模组-高级用户群(455415527)] | [我是梦蓝咯(3630797734)]: ID:1636299950 @3868978960 你好
22:26:46 DEBUG              [MsgPush.UnknownElement] wire element ignored unknownTag=1 wireType=2 count=1 bytes=34 reason=no schema decoder path=body.richText
22:26:46 DEBUG              [MsgPush.UnknownElement] wire element ignored unknownTag=10 wireType=0 count=1 bytes=1 reason=no schema decoder path=elem.generalFlags
22:26:46 DEBUG              [MsgPush.UnknownElement] wire element ignored unknownTag=12 wireType=0 count=1 bytes=1 reason=no schema decoder path=elem.generalFlags
22:26:46 DEBUG              [MsgPush.UnknownElement] wire element ignored unknownTag=13 wireType=0 count=1 bytes=1 reason=no schema decoder path=elem.generalFlags
22:26:46 DEBUG              [MsgPush.UnknownElement] wire element ignored unknownTag=17 wireType=0 count=1 bytes=1 reason=no schema decoder path=elem.generalFlags
22:26:46 DEBUG              [MsgPush.UnknownElement] wire element ignored unknownTag=19 wireType=2 count=1 bytes=107 reason=no schema decoder path=elem.generalFlags
22:26:46 DEBUG              [MsgPush.UnknownElement] wire element ignored unknownTag=9 wireType=2 count=1 bytes=8 reason=no schema decoder path=elem
22:26:46 OK    [3868978960] [Event] 群 [NSUK模组-高级用户群(455415527)] | [我是梦蓝咯(3630797734)]: ID:1537311184 何意味
22:27:00 DEBUG              [MsgPush.UnknownElement] wire element ignored unknownTag=1 wireType=2 count=1 bytes=34 reason=no schema decoder path=body.richText
22:27:00 DEBUG              [MsgPush.UnknownElement] wire element ignored unknownTag=2 wireType=2 count=1 bytes=21 reason=no schema decoder path=commonElem.msgInfo.msgInfoBody[0].hashSum
22:27:00 DEBUG              [MsgPush.UnknownElement] wire element ignored unknownTag=4 wireType=2 count=1 bytes=3 reason=no schema decoder path=commonElem.msgInfo.extBizInfo
22:27:00 DEBUG              [MsgPush.UnknownElement] wire element ignored unknownTag=9 wireType=2 count=1 bytes=3 reason=no schema decoder path=elem
22:27:00 DEBUG              [MsgPush.UnknownElement] wire element ignored unknownTag=10 wireType=0 count=1 bytes=1 reason=no schema decoder path=elem.generalFlags
22:27:00 DEBUG              [MsgPush.UnknownElement] wire element ignored unknownTag=12 wireType=0 count=1 bytes=1 reason=no schema decoder path=elem.generalFlags
22:27:00 DEBUG              [MsgPush.UnknownElement] wire element ignored unknownTag=13 wireType=0 count=1 bytes=1 reason=no schema decoder path=elem.generalFlags
22:27:00 DEBUG              [MsgPush.UnknownElement] wire element ignored unknownTag=19 wireType=2 count=1 bytes=98 reason=no schema decoder path=elem.generalFlags
22:27:00 OK    [3868978960] [Event] 群 [NSUK模组-高级用户群(455415527)] | [Helvetica_Volubi(1945892653)]: ID:17804697 [图片]
22:27:15 DEBUG              [MsgPush.UnknownElement] wire element ignored unknownTag=1 wireType=2 count=1 bytes=34 reason=no schema decoder path=body.richText
22:27:15 DEBUG              [MsgPush.UnknownElement] wire element ignored unknownTag=10 wireType=0 count=1 bytes=1 reason=no schema decoder path=elem.generalFlags
22:27:15 DEBUG              [MsgPush.UnknownElement] wire element ignored unknownTag=12 wireType=0 count=1 bytes=1 reason=no schema decoder path=elem.generalFlags
22:27:15 DEBUG              [MsgPush.UnknownElement] wire element ignored unknownTag=13 wireType=0 count=1 bytes=1 reason=no schema decoder path=elem.generalFlags
22:27:15 DEBUG              [MsgPush.UnknownElement] wire element ignored unknownTag=17 wireType=0 count=1 bytes=1 reason=no schema decoder path=elem.generalFlags
22:27:15 DEBUG              [MsgPush.UnknownElement] wire element ignored unknownTag=19 wireType=2 count=1 bytes=104 reason=no schema decoder path=elem.generalFlags
22:27:15 DEBUG              [MsgPush.UnknownElement] wire element ignored unknownTag=9 wireType=2 count=1 bytes=6 reason=no schema decoder path=elem
22:27:15 DEBUG              [MsgPush.UnknownElement] wire element ignored unknownTag=2 wireType=2 count=1 bytes=21 reason=no schema decoder path=commonElem.msgInfo.msgInfoBody[0].hashSum
22:27:15 DEBUG              [MsgPush.UnknownElement] wire element ignored unknownTag=4 wireType=2 count=1 bytes=3 reason=no schema decoder path=commonElem.msgInfo.extBizInfo
22:27:15 OK    [3868978960] [Event] 群 [NSUK模组-高级用户群(455415527)] | [我是梦蓝咯(3630797734)]: ID:605438396 [图片]
22:27:20 WARN  [3868978960] [Event] 退群 2066047450 退出 [NSUK模组-高级用户群(455415527)]
22:27:21 DEBUG [3868978960] [Bridge] member cache refreshed: group=455415527 reason=group_member_leave
22:28:28 WARN  [3868978960] [OneBot.WS-Server] [ws-default] socket error: read ECONNRESET
22:28:48 WARN  [3868978960] [Event] 禁言 [NSUK模组-高级用户群(455415527)] | [白日梦想家已退出群聊(3223845398)] 0秒
22:29:00 DEBUG              [MsgPush.UnknownElement] wire element ignored unknownTag=1 wireType=2 count=1 bytes=34 reason=no schema decoder path=body.richText
22:29:00 DEBUG              [MsgPush.UnknownElement] wire element ignored unknownTag=10 wireType=0 count=1 bytes=1 reason=no schema decoder path=elem.generalFlags
22:29:00 DEBUG              [MsgPush.UnknownElement] wire element ignored unknownTag=12 wireType=0 count=1 bytes=1 reason=no schema decoder path=elem.generalFlags
22:29:00 DEBUG              [MsgPush.UnknownElement] wire element ignored unknownTag=13 wireType=0 count=1 bytes=1 reason=no schema decoder path=elem.generalFlags
22:29:00 DEBUG              [MsgPush.UnknownElement] wire element ignored unknownTag=16 wireType=0 count=1 bytes=1 reason=no schema decoder path=elem.generalFlags
22:29:00 DEBUG              [MsgPush.UnknownElement] wire element ignored unknownTag=17 wireType=0 count=1 bytes=1 reason=no schema decoder path=elem.generalFlags
22:29:00 DEBUG              [MsgPush.UnknownElement] wire element ignored unknownTag=19 wireType=2 count=1 bytes=115 reason=no schema decoder path=elem.generalFlags
22:29:00 DEBUG              [MsgPush.UnknownElement] wire element ignored unknownTag=9 wireType=2 count=1 bytes=6 reason=no schema decoder path=elem
22:29:00 OK    [3868978960] [Event] 群 [NSUK模组-高级用户群(455415527)] | [白日梦想家已退出群聊(3223845398)]: ID:1106526577 啊？
22:29:03 DEBUG              [MsgPush.UnknownElement] wire element ignored unknownTag=1 wireType=2 count=1 bytes=34 reason=no schema decoder path=body.richText
22:29:03 DEBUG              [MsgPush.UnknownElement] wire element ignored unknownTag=10 wireType=0 count=1 bytes=1 reason=no schema decoder path=elem.generalFlags
22:29:03 DEBUG              [MsgPush.UnknownElement] wire element ignored unknownTag=12 wireType=0 count=1 bytes=1 reason=no schema decoder path=elem.generalFlags
22:29:03 DEBUG              [MsgPush.UnknownElement] wire element ignored unknownTag=13 wireType=0 count=1 bytes=1 reason=no schema decoder path=elem.generalFlags
22:29:03 DEBUG              [MsgPush.UnknownElement] wire element ignored unknownTag=16 wireType=0 count=1 bytes=1 reason=no schema decoder path=elem.generalFlags
22:29:03 DEBUG              [MsgPush.UnknownElement] wire element ignored unknownTag=17 wireType=0 count=1 bytes=1 reason=no schema decoder path=elem.generalFlags
22:29:03 DEBUG              [MsgPush.UnknownElement] wire element ignored unknownTag=19 wireType=2 count=1 bytes=116 reason=no schema decoder path=elem.generalFlags
22:29:03 DEBUG              [MsgPush.UnknownElement] wire element ignored unknownTag=9 wireType=2 count=1 bytes=6 reason=no schema decoder path=elem
22:29:03 OK    [3868978960] [Event] 群 [NSUK模组-高级用户群(455415527)] | [白日梦想家已退出群聊(3223845398)]: ID:1070343828 咖啡变成机器人了吗
22:29:12 DEBUG              [MsgPush.UnknownElement] wire element ignored unknownTag=1 wireType=2 count=1 bytes=34 reason=no schema decoder path=body.richText
22:29:12 DEBUG              [MsgPush.UnknownElement] wire element ignored unknownTag=10 wireType=0 count=1 bytes=1 reason=no schema decoder path=elem.generalFlags
22:29:12 DEBUG              [MsgPush.UnknownElement] wire element ignored unknownTag=12 wireType=0 count=1 bytes=1 reason=no schema decoder path=elem.generalFlags
22:29:12 DEBUG              [MsgPush.UnknownElement] wire element ignored unknownTag=13 wireType=0 count=1 bytes=1 reason=no schema decoder path=elem.generalFlags
22:29:12 DEBUG              [MsgPush.UnknownElement] wire element ignored unknownTag=16 wireType=0 count=1 bytes=1 reason=no schema decoder path=elem.generalFlags
22:29:12 DEBUG              [MsgPush.UnknownElement] wire element ignored unknownTag=17 wireType=0 count=1 bytes=1 reason=no schema decoder path=elem.generalFlags
22:29:12 DEBUG              [MsgPush.UnknownElement] wire element ignored unknownTag=19 wireType=2 count=1 bytes=113 reason=no schema decoder path=elem.generalFlags
22:29:12 DEBUG              [MsgPush.UnknownElement] wire element ignored unknownTag=9 wireType=2 count=1 bytes=6 reason=no schema decoder path=elem
22:29:12 OK    [3868978960] [Event] 群 [NSUK模组-高级用户群(455415527)] | [白日梦想家已退出群聊(3223845398)]: ID:1204947537 我刚给他发消息问他禁言我干嘛
22:29:14 DEBUG              [MsgPush.UnknownElement] wire element ignored unknownTag=1 wireType=2 count=1 bytes=34 reason=no schema decoder path=body.richText
22:29:14 DEBUG              [MsgPush.UnknownElement] wire element ignored unknownTag=10 wireType=0 count=1 bytes=1 reason=no schema decoder path=elem.generalFlags
22:29:14 DEBUG              [MsgPush.UnknownElement] wire element ignored unknownTag=12 wireType=0 count=1 bytes=1 reason=no schema decoder path=elem.generalFlags
22:29:14 DEBUG              [MsgPush.UnknownElement] wire element ignored unknownTag=13 wireType=0 count=1 bytes=1 reason=no schema decoder path=elem.generalFlags
22:29:14 DEBUG              [MsgPush.UnknownElement] wire element ignored unknownTag=17 wireType=0 count=1 bytes=1 reason=no schema decoder path=elem.generalFlags
22:29:14 DEBUG              [MsgPush.UnknownElement] wire element ignored unknownTag=19 wireType=2 count=1 bytes=108 reason=no schema decoder path=elem.generalFlags
22:29:14 DEBUG              [MsgPush.UnknownElement] wire element ignored unknownTag=9 wireType=2 count=1 bytes=8 reason=no schema decoder path=elem
22:29:14 OK    [3868978960] [Event] 群 [NSUK模组-高级用户群(455415527)] | [我是梦蓝咯(3630797734)]: ID:1592150066 还有bot化
22:29:17 DEBUG              [MsgPush.UnknownElement] wire element ignored unknownTag=1 wireType=2 count=1 bytes=34 reason=no schema decoder path=body.richText
22:29:17 DEBUG              [MsgPush.UnknownElement] wire element ignored unknownTag=10 wireType=0 count=1 bytes=1 reason=no schema decoder path=elem.generalFlags
22:29:17 DEBUG              [MsgPush.UnknownElement] wire element ignored unknownTag=12 wireType=0 count=1 bytes=1 reason=no schema decoder path=elem.generalFlags
22:29:17 DEBUG              [MsgPush.UnknownElement] wire element ignored unknownTag=13 wireType=0 count=1 bytes=1 reason=no schema decoder path=elem.generalFlags
22:29:17 DEBUG              [MsgPush.UnknownElement] wire element ignored unknownTag=16 wireType=0 count=1 bytes=1 reason=no schema decoder path=elem.generalFlags
22:29:17 DEBUG              [MsgPush.UnknownElement] wire element ignored unknownTag=17 wireType=0 count=1 bytes=1 reason=no schema decoder path=elem.generalFlags
22:29:17 DEBUG              [MsgPush.UnknownElement] wire element ignored unknownTag=19 wireType=2 count=1 bytes=112 reason=no schema decoder path=elem.generalFlags
22:29:17 DEBUG              [MsgPush.UnknownElement] wire element ignored unknownTag=9 wireType=2 count=1 bytes=6 reason=no schema decoder path=elem
22:29:17 OK    [3868978960] [Event] 群 [NSUK模组-高级用户群(455415527)] | [白日梦想家已退出群聊(3223845398)]: ID:-933486045 然后我就借开了
22:29:25 DEBUG [3868978960] [Bridge.Action] get_login_info params=
22:29:25 DEBUG [3868978960] [Bridge.Action] fetch_custom_face_detail params=count=100
22:30:06 DEBUG              [MsgPush.UnknownElement] wire element ignored unknownTag=1 wireType=2 count=1 bytes=34 reason=no schema decoder path=body.richText
22:30:06 DEBUG              [MsgPush.UnknownElement] wire element ignored unknownTag=10 wireType=0 count=1 bytes=1 reason=no schema decoder path=elem.generalFlags
22:30:06 DEBUG              [MsgPush.UnknownElement] wire element ignored unknownTag=12 wireType=0 count=1 bytes=1 reason=no schema decoder path=elem.generalFlags
22:30:06 DEBUG              [MsgPush.UnknownElement] wire element ignored unknownTag=13 wireType=0 count=1 bytes=1 reason=no schema decoder path=elem.generalFlags
22:30:06 DEBUG              [MsgPush.UnknownElement] wire element ignored unknownTag=17 wireType=0 count=1 bytes=1 reason=no schema decoder path=elem.generalFlags
22:30:06 DEBUG              [MsgPush.UnknownElement] wire element ignored unknownTag=19 wireType=2 count=1 bytes=105 reason=no schema decoder path=elem.generalFlags
22:30:06 DEBUG              [MsgPush.UnknownElement] wire element ignored unknownTag=9 wireType=2 count=1 bytes=8 reason=no schema decoder path=elem
22:30:06 OK    [3868978960] [Event] 群 [NSUK模组-高级用户群(455415527)] | [我是梦蓝咯(3630797734)]: ID:-1233278191 你好
22:30:06 DEBUG [3868978960] [Bridge.Action] send_group_msg params=group_id=455415527 message=[len=1]
22:30:06 INFO               [OneBot] 群聊 455415527 | 发送：⏳ 系统服务重启中，消息已排队，恢复后自动处理（队列保留 1 分钟）。
22:30:06 DEBUG              [MsgPush.UnknownElement] wire element ignored unknownTag=1 wireType=2 count=1 bytes=34 reason=no schema decoder path=body.richText
22:30:06 DEBUG              [MsgPush.UnknownElement] wire element ignored unknownTag=9 wireType=2 count=1 bytes=5 reason=no schema decoder path=elem
22:30:06 DEBUG              [MsgPush.UnknownElement] wire element ignored unknownTag=10 wireType=0 count=1 bytes=1 reason=no schema decoder path=elem.generalFlags
22:30:06 DEBUG              [MsgPush.UnknownElement] wire element ignored unknownTag=12 wireType=0 count=1 bytes=1 reason=no schema decoder path=elem.generalFlags
22:30:06 DEBUG              [MsgPush.UnknownElement] wire element ignored unknownTag=13 wireType=0 count=1 bytes=1 reason=no schema decoder path=elem.generalFlags
22:30:06 DEBUG              [MsgPush.UnknownElement] wire element ignored unknownTag=19 wireType=2 count=1 bytes=93 reason=no schema decoder path=elem.generalFlags
22:30:06 OK    [3868978960] [Event] [自身] 群 [NSUK模组-高级用户群(455415527)] | [机器人测试账号(3868978960)]: ID:1405899191 ⏳ 系统服务重启中，消息已排队，恢复后自动处理（队列保留 1 分钟）。
22:30:22 DEBUG              [MsgPush.UnknownElement] wire element ignored unknownTag=1 wireType=2 count=1 bytes=34 reason=no schema decoder path=body.richText
22:30:22 DEBUG              [MsgPush.UnknownElement] wire element ignored unknownTag=10 wireType=0 count=1 bytes=1 reason=no schema decoder path=elem.generalFlags
22:30:22 DEBUG              [MsgPush.UnknownElement] wire element ignored unknownTag=12 wireType=0 count=1 bytes=1 reason=no schema decoder path=elem.generalFlags
22:30:22 DEBUG              [MsgPush.UnknownElement] wire element ignored unknownTag=13 wireType=0 count=1 bytes=1 reason=no schema decoder path=elem.generalFlags
22:30:22 DEBUG              [MsgPush.UnknownElement] wire element ignored unknownTag=17 wireType=0 count=1 bytes=1 reason=no schema decoder path=elem.generalFlags
22:30:22 DEBUG              [MsgPush.UnknownElement] wire element ignored unknownTag=19 wireType=2 count=1 bytes=108 reason=no schema decoder path=elem.generalFlags
22:30:22 DEBUG              [MsgPush.UnknownElement] wire element ignored unknownTag=9 wireType=2 count=1 bytes=8 reason=no schema decoder path=elem
22:30:22 OK    [3868978960] [Event] 群 [NSUK模组-高级用户群(455415527)] | [我是梦蓝咯(3630797734)]: ID:-804029852 你好
22:33:02 WARN  [3868978960] [OneBot.WS-Server] [ws-default] socket error: read ECONNRESET
22:33:29 DEBUG [3868978960] [Bridge.Action] get_login_info params=
22:33:29 DEBUG [3868978960] [Bridge.Action] fetch_custom_face_detail params=count=100
22:34:17 DEBUG              [MsgPush.UnknownElement] wire element ignored unknownTag=1 wireType=2 count=1 bytes=34 reason=no schema decoder path=body.richText
22:34:17 DEBUG              [MsgPush.UnknownElement] wire element ignored unknownTag=10 wireType=0 count=1 bytes=1 reason=no schema decoder path=elem.generalFlags
22:34:17 DEBUG              [MsgPush.UnknownElement] wire element ignored unknownTag=12 wireType=0 count=1 bytes=1 reason=no schema decoder path=elem.generalFlags
22:34:17 DEBUG              [MsgPush.UnknownElement] wire element ignored unknownTag=13 wireType=0 count=1 bytes=1 reason=no schema decoder path=elem.generalFlags
22:34:17 DEBUG              [MsgPush.UnknownElement] wire element ignored unknownTag=17 wireType=0 count=1 bytes=1 reason=no schema decoder path=elem.generalFlags
22:34:17 DEBUG              [MsgPush.UnknownElement] wire element ignored unknownTag=19 wireType=2 count=1 bytes=108 reason=no schema decoder path=elem.generalFlags
22:34:17 DEBUG              [MsgPush.UnknownElement] wire element ignored unknownTag=9 wireType=2 count=1 bytes=8 reason=no schema decoder path=elem
22:34:17 OK    [3868978960] [Event] 群 [NSUK模组-高级用户群(455415527)] | [我是梦蓝咯(3630797734)]: ID:1396752333 你好
22:34:47 DEBUG              [MsgPush.UnknownElement] wire element ignored unknownTag=1 wireType=2 count=1 bytes=34 reason=no schema decoder path=body.richText
22:34:47 DEBUG              [MsgPush.UnknownElement] wire element ignored unknownTag=10 wireType=0 count=1 bytes=1 reason=no schema decoder path=elem.generalFlags
22:34:47 DEBUG              [MsgPush.UnknownElement] wire element ignored unknownTag=12 wireType=0 count=1 bytes=1 reason=no schema decoder path=elem.generalFlags
22:34:47 DEBUG              [MsgPush.UnknownElement] wire element ignored unknownTag=13 wireType=0 count=1 bytes=1 reason=no schema decoder path=elem.generalFlags
22:34:47 DEBUG              [MsgPush.UnknownElement] wire element ignored unknownTag=16 wireType=0 count=1 bytes=1 reason=no schema decoder path=elem.generalFlags
22:34:47 DEBUG              [MsgPush.UnknownElement] wire element ignored unknownTag=17 wireType=0 count=1 bytes=1 reason=no schema decoder path=elem.generalFlags
22:34:47 DEBUG              [MsgPush.UnknownElement] wire element ignored unknownTag=19 wireType=2 count=1 bytes=115 reason=no schema decoder path=elem.generalFlags
22:34:47 DEBUG              [MsgPush.UnknownElement] wire element ignored unknownTag=9 wireType=2 count=1 bytes=6 reason=no schema decoder path=elem
22:34:47 DEBUG              [MsgPush.UnknownElement] wire element ignored unknownTag=2 wireType=2 count=1 bytes=21 reason=no schema decoder path=commonElem.msgInfo.msgInfoBody[0].hashSum
22:34:47 DEBUG              [MsgPush.UnknownElement] wire element ignored unknownTag=4 wireType=2 count=1 bytes=3 reason=no schema decoder path=commonElem.msgInfo.extBizInfo
22:34:47 DEBUG              [MsgPush.UnknownElement] wire element ignored unknownTag=3 wireType=0 count=1 bytes=1 reason=no schema decoder path=commonElem.msgInfo.extBizInfo.pic.extData
22:34:47 DEBUG              [MsgPush.UnknownElement] wire element ignored unknownTag=4 wireType=0 count=1 bytes=1 reason=no schema decoder path=commonElem.msgInfo.extBizInfo.pic.extData
22:34:47 DEBUG              [MsgPush.UnknownElement] wire element ignored unknownTag=10 wireType=0 count=1 bytes=1 reason=no schema decoder path=commonElem.msgInfo.extBizInfo.pic.extData
22:34:47 DEBUG              [MsgPush.UnknownElement] wire element ignored unknownTag=12 wireType=2 count=1 bytes=1 reason=no schema decoder path=commonElem.msgInfo.extBizInfo.pic.extData
22:34:47 DEBUG              [MsgPush.UnknownElement] wire element ignored unknownTag=18 wireType=2 count=1 bytes=1 reason=no schema decoder path=commonElem.msgInfo.extBizInfo.pic.extData
22:34:47 DEBUG              [MsgPush.UnknownElement] wire element ignored unknownTag=19 wireType=2 count=1 bytes=1 reason=no schema decoder path=commonElem.msgInfo.extBizInfo.pic.extData
22:34:47 DEBUG              [MsgPush.UnknownElement] wire element ignored unknownTag=21 wireType=2 count=1 bytes=13 reason=no schema decoder path=commonElem.msgInfo.extBizInfo.pic.extData
22:34:47 DEBUG              [MsgPush.UnknownElement] wire element ignored unknownTag=30 wireType=2 count=1 bytes=87 reason=no schema decoder path=commonElem.msgInfo.extBizInfo.pic.extData
22:34:47 DEBUG              [MsgPush.UnknownElement] wire element ignored unknownTag=31 wireType=2 count=1 bytes=33 reason=no schema decoder path=commonElem.msgInfo.extBizInfo.pic.extData
22:34:47 DEBUG              [MsgPush.UnknownElement] wire element ignored unknownTag=34 wireType=0 count=1 bytes=1 reason=no schema decoder path=commonElem.msgInfo.extBizInfo.pic.extData
22:34:47 OK    [3868978960] [Event] 群 [NSUK模组-高级用户群(455415527)] | [白日梦想家已退出群聊(3223845398)]: ID:-215085573 [图片]
22:34:48 DEBUG              [MsgPush.UnknownElement] wire element ignored unknownTag=1 wireType=2 count=1 bytes=34 reason=no schema decoder path=body.richText
22:34:48 DEBUG              [MsgPush.UnknownElement] wire element ignored unknownTag=10 wireType=0 count=1 bytes=1 reason=no schema decoder path=elem.generalFlags
22:34:48 DEBUG              [MsgPush.UnknownElement] wire element ignored unknownTag=12 wireType=0 count=1 bytes=1 reason=no schema decoder path=elem.generalFlags
22:34:48 DEBUG              [MsgPush.UnknownElement] wire element ignored unknownTag=13 wireType=0 count=1 bytes=1 reason=no schema decoder path=elem.generalFlags
22:34:48 DEBUG              [MsgPush.UnknownElement] wire element ignored unknownTag=16 wireType=0 count=1 bytes=1 reason=no schema decoder path=elem.generalFlags
22:34:48 DEBUG              [MsgPush.UnknownElement] wire element ignored unknownTag=17 wireType=0 count=1 bytes=1 reason=no schema decoder path=elem.generalFlags
22:34:48 DEBUG              [MsgPush.UnknownElement] wire element ignored unknownTag=19 wireType=2 count=1 bytes=112 reason=no schema decoder path=elem.generalFlags
22:34:48 DEBUG              [MsgPush.UnknownElement] wire element ignored unknownTag=9 wireType=2 count=1 bytes=6 reason=no schema decoder path=elem
22:34:48 OK    [3868978960] [Event] 群 [NSUK模组-高级用户群(455415527)] | [白日梦想家已退出群聊(3223845398)]: ID:-818893111 咖啡失灵了
22:34:50 DEBUG              [MsgPush.UnknownElement] wire element ignored unknownTag=1 wireType=2 count=1 bytes=34 reason=no schema decoder path=body.richText
22:34:50 DEBUG              [MsgPush.UnknownElement] wire element ignored unknownTag=10 wireType=0 count=1 bytes=1 reason=no schema decoder path=elem.generalFlags
22:34:50 DEBUG              [MsgPush.UnknownElement] wire element ignored unknownTag=12 wireType=0 count=1 bytes=1 reason=no schema decoder path=elem.generalFlags
22:34:50 DEBUG              [MsgPush.UnknownElement] wire element ignored unknownTag=13 wireType=0 count=1 bytes=1 reason=no schema decoder path=elem.generalFlags
22:34:50 DEBUG              [MsgPush.UnknownElement] wire element ignored unknownTag=16 wireType=0 count=1 bytes=1 reason=no schema decoder path=elem.generalFlags
22:34:50 DEBUG              [MsgPush.UnknownElement] wire element ignored unknownTag=17 wireType=0 count=1 bytes=1 reason=no schema decoder path=elem.generalFlags
22:34:50 DEBUG              [MsgPush.UnknownElement] wire element ignored unknownTag=19 wireType=2 count=1 bytes=112 reason=no schema decoder path=elem.generalFlags
22:34:50 DEBUG              [MsgPush.UnknownElement] wire element ignored unknownTag=9 wireType=2 count=1 bytes=6 reason=no schema decoder path=elem
22:34:50 DEBUG              [MsgPush.UnknownElement] wire element ignored unknownTag=2 wireType=2 count=1 bytes=21 reason=no schema decoder path=commonElem.msgInfo.msgInfoBody[0].hashSum
22:34:50 DEBUG              [MsgPush.UnknownElement] wire element ignored unknownTag=4 wireType=2 count=1 bytes=3 reason=no schema decoder path=commonElem.msgInfo.extBizInfo
22:34:50 DEBUG              [MsgPush.UnknownElement] wire element ignored unknownTag=3 wireType=0 count=1 bytes=1 reason=no schema decoder path=commonElem.msgInfo.extBizInfo.pic.extData
22:34:50 DEBUG              [MsgPush.UnknownElement] wire element ignored unknownTag=4 wireType=0 count=1 bytes=1 reason=no schema decoder path=commonElem.msgInfo.extBizInfo.pic.extData
22:34:50 DEBUG              [MsgPush.UnknownElement] wire element ignored unknownTag=10 wireType=0 count=1 bytes=1 reason=no schema decoder path=commonElem.msgInfo.extBizInfo.pic.extData
22:34:50 DEBUG              [MsgPush.UnknownElement] wire element ignored unknownTag=12 wireType=2 count=1 bytes=1 reason=no schema decoder path=commonElem.msgInfo.extBizInfo.pic.extData
22:34:50 DEBUG              [MsgPush.UnknownElement] wire element ignored unknownTag=18 wireType=2 count=1 bytes=1 reason=no schema decoder path=commonElem.msgInfo.extBizInfo.pic.extData
22:34:50 DEBUG              [MsgPush.UnknownElement] wire element ignored unknownTag=19 wireType=2 count=1 bytes=1 reason=no schema decoder path=commonElem.msgInfo.extBizInfo.pic.extData
22:34:50 DEBUG              [MsgPush.UnknownElement] wire element ignored unknownTag=21 wireType=2 count=1 bytes=13 reason=no schema decoder path=commonElem.msgInfo.extBizInfo.pic.extData
22:34:50 DEBUG              [MsgPush.UnknownElement] wire element ignored unknownTag=30 wireType=2 count=1 bytes=87 reason=no schema decoder path=commonElem.msgInfo.extBizInfo.pic.extData
22:34:50 DEBUG              [MsgPush.UnknownElement] wire element ignored unknownTag=31 wireType=2 count=1 bytes=33 reason=no schema decoder path=commonElem.msgInfo.extBizInfo.pic.extData
22:34:50 DEBUG              [MsgPush.UnknownElement] wire element ignored unknownTag=34 wireType=0 count=1 bytes=1 reason=no schema decoder path=commonElem.msgInfo.extBizInfo.pic.extData
22:34:50 OK    [3868978960] [Event] 群 [NSUK模组-高级用户群(455415527)] | [白日梦想家已退出群聊(3223845398)]: ID:1183064849 [图片]
22:35:24 WARN  [3868978960] [OneBot.WS-Server] [ws-default] socket error: read ECONNRESET
22:35:47 DEBUG [3868978960] [Bridge.Action] get_login_info params=
22:35:47 DEBUG [3868978960] [Bridge.Action] fetch_custom_face_detail params=count=100
22:36:20 DEBUG              [MsgPush.UnknownElement] wire element ignored unknownTag=1 wireType=2 count=1 bytes=34 reason=no schema decoder path=body.richText
22:36:20 DEBUG              [MsgPush.UnknownElement] wire element ignored unknownTag=10 wireType=0 count=1 bytes=1 reason=no schema decoder path=elem.generalFlags
22:36:20 DEBUG              [MsgPush.UnknownElement] wire element ignored unknownTag=12 wireType=0 count=1 bytes=1 reason=no schema decoder path=elem.generalFlags
22:36:20 DEBUG              [MsgPush.UnknownElement] wire element ignored unknownTag=13 wireType=0 count=1 bytes=1 reason=no schema decoder path=elem.generalFlags
22:36:20 DEBUG              [MsgPush.UnknownElement] wire element ignored unknownTag=17 wireType=0 count=1 bytes=1 reason=no schema decoder path=elem.generalFlags
22:36:20 DEBUG              [MsgPush.UnknownElement] wire element ignored unknownTag=19 wireType=2 count=1 bytes=107 reason=no schema decoder path=elem.generalFlags
22:36:20 DEBUG              [MsgPush.UnknownElement] wire element ignored unknownTag=9 wireType=2 count=1 bytes=8 reason=no schema decoder path=elem
22:36:20 OK    [3868978960] [Event] 群 [NSUK模组-高级用户群(455415527)] | [我是梦蓝咯(3630797734)]: ID:2076788908 你好
22:36:51 WARN  [3868978960] [OneBot.WS-Server] [ws-default] socket error: read ECONNRESET
22:37:32 DEBUG              [MsgPush.UnknownElement] wire element ignored unknownTag=1 wireType=2 count=1 bytes=34 reason=no schema decoder path=body.richText
22:37:32 DEBUG              [MsgPush.UnknownElement] wire element ignored unknownTag=2 wireType=2 count=1 bytes=21 reason=no schema decoder path=commonElem.msgInfo.msgInfoBody[0].hashSum
22:37:32 DEBUG              [MsgPush.UnknownElement] wire element ignored unknownTag=4 wireType=2 count=1 bytes=3 reason=no schema decoder path=commonElem.msgInfo.extBizInfo
22:37:32 DEBUG              [MsgPush.UnknownElement] wire element ignored unknownTag=9 wireType=2 count=1 bytes=3 reason=no schema decoder path=elem
22:37:32 DEBUG              [MsgPush.UnknownElement] wire element ignored unknownTag=10 wireType=0 count=1 bytes=1 reason=no schema decoder path=elem.generalFlags
22:37:32 DEBUG              [MsgPush.UnknownElement] wire element ignored unknownTag=12 wireType=0 count=1 bytes=1 reason=no schema decoder path=elem.generalFlags
22:37:32 DEBUG              [MsgPush.UnknownElement] wire element ignored unknownTag=13 wireType=0 count=1 bytes=1 reason=no schema decoder path=elem.generalFlags
22:37:32 DEBUG              [MsgPush.UnknownElement] wire element ignored unknownTag=19 wireType=2 count=1 bytes=98 reason=no schema decoder path=elem.generalFlags
22:37:32 OK    [3868978960] [Event] 群 [NSUK模组-高级用户群(455415527)] | [Helvetica_Volubi(1945892653)]: ID:1745295488 [图片]
22:39:32 DEBUG [3868978960] [Bridge.Action] get_login_info params=
22:39:32 DEBUG [3868978960] [Bridge.Action] fetch_custom_face_detail params=count=100
22:40:16 DEBUG              [MsgPush.UnknownElement] wire element ignored unknownTag=1 wireType=2 count=1 bytes=34 reason=no schema decoder path=body.richText
22:40:16 DEBUG              [MsgPush.UnknownElement] wire element ignored unknownTag=9 wireType=2 count=1 bytes=5 reason=no schema decoder path=elem
22:40:16 DEBUG              [MsgPush.UnknownElement] wire element ignored unknownTag=10 wireType=0 count=1 bytes=1 reason=no schema decoder path=elem.generalFlags
22:40:16 DEBUG              [MsgPush.UnknownElement] wire element ignored unknownTag=12 wireType=0 count=1 bytes=1 reason=no schema decoder path=elem.generalFlags
22:40:16 DEBUG              [MsgPush.UnknownElement] wire element ignored unknownTag=13 wireType=0 count=1 bytes=1 reason=no schema decoder path=elem.generalFlags
22:40:16 DEBUG              [MsgPush.UnknownElement] wire element ignored unknownTag=19 wireType=2 count=1 bytes=105 reason=no schema decoder path=elem.generalFlags
22:40:16 OK    [3868978960] [Event] 群 [NSUK模组-高级用户群(455415527)] | [咖啡Coffee🏳️‍⚧️🍥(1780412693)]: ID:309943561 咖啡
22:40:22 DEBUG              [MsgPush.UnknownElement] wire element ignored unknownTag=1 wireType=2 count=1 bytes=34 reason=no schema decoder path=body.richText
22:40:22 DEBUG              [MsgPush.UnknownElement] wire element ignored unknownTag=10 wireType=0 count=1 bytes=1 reason=no schema decoder path=elem.generalFlags
22:40:22 DEBUG              [MsgPush.UnknownElement] wire element ignored unknownTag=12 wireType=0 count=1 bytes=1 reason=no schema decoder path=elem.generalFlags
22:40:22 DEBUG              [MsgPush.UnknownElement] wire element ignored unknownTag=13 wireType=0 count=1 bytes=1 reason=no schema decoder path=elem.generalFlags
22:40:22 DEBUG              [MsgPush.UnknownElement] wire element ignored unknownTag=17 wireType=0 count=1 bytes=1 reason=no schema decoder path=elem.generalFlags
22:40:22 DEBUG              [MsgPush.UnknownElement] wire element ignored unknownTag=19 wireType=2 count=1 bytes=104 reason=no schema decoder path=elem.generalFlags
22:40:22 DEBUG              [MsgPush.UnknownElement] wire element ignored unknownTag=9 wireType=2 count=1 bytes=8 reason=no schema decoder path=elem
22:40:22 OK    [3868978960] [Event] 群 [NSUK模组-高级用户群(455415527)] | [我是梦蓝咯(3630797734)]: ID:-787691421 咖啡
22:40:35 DEBUG              [MsgPush.UnknownElement] wire element ignored unknownTag=1 wireType=2 count=1 bytes=34 reason=no schema decoder path=body.richText
22:40:35 DEBUG              [MsgPush.UnknownElement] wire element ignored unknownTag=10 wireType=0 count=1 bytes=1 reason=no schema decoder path=elem.generalFlags
22:40:35 DEBUG              [MsgPush.UnknownElement] wire element ignored unknownTag=12 wireType=0 count=1 bytes=1 reason=no schema decoder path=elem.generalFlags
22:40:35 DEBUG              [MsgPush.UnknownElement] wire element ignored unknownTag=13 wireType=0 count=1 bytes=1 reason=no schema decoder path=elem.generalFlags
22:40:35 DEBUG              [MsgPush.UnknownElement] wire element ignored unknownTag=17 wireType=0 count=1 bytes=1 reason=no schema decoder path=elem.generalFlags
22:40:35 DEBUG              [MsgPush.UnknownElement] wire element ignored unknownTag=19 wireType=2 count=1 bytes=107 reason=no schema decoder path=elem.generalFlags
22:40:35 DEBUG              [MsgPush.UnknownElement] wire element ignored unknownTag=9 wireType=2 count=1 bytes=8 reason=no schema decoder path=elem
22:40:35 OK    [3868978960] [Event] 群 [NSUK模组-高级用户群(455415527)] | [我是梦蓝咯(3630797734)]: ID:1954041210 你好
22:40:48 DEBUG              [MsgPush.UnknownElement] wire element ignored unknownTag=1 wireType=2 count=1 bytes=34 reason=no schema decoder path=body.richText
22:40:48 DEBUG              [MsgPush.UnknownElement] wire element ignored unknownTag=2 wireType=2 count=1 bytes=21 reason=no schema decoder path=commonElem.msgInfo.msgInfoBody[0].hashSum
22:40:48 DEBUG              [MsgPush.UnknownElement] wire element ignored unknownTag=4 wireType=2 count=1 bytes=3 reason=no schema decoder path=commonElem.msgInfo.extBizInfo
22:40:48 DEBUG              [MsgPush.UnknownElement] wire element ignored unknownTag=9 wireType=2 count=1 bytes=3 reason=no schema decoder path=elem
22:40:48 DEBUG              [MsgPush.UnknownElement] wire element ignored unknownTag=10 wireType=0 count=1 bytes=1 reason=no schema decoder path=elem.generalFlags
22:40:48 DEBUG              [MsgPush.UnknownElement] wire element ignored unknownTag=12 wireType=0 count=1 bytes=1 reason=no schema decoder path=elem.generalFlags
22:40:48 DEBUG              [MsgPush.UnknownElement] wire element ignored unknownTag=13 wireType=0 count=1 bytes=1 reason=no schema decoder path=elem.generalFlags
22:40:48 DEBUG              [MsgPush.UnknownElement] wire element ignored unknownTag=19 wireType=2 count=1 bytes=99 reason=no schema decoder path=elem.generalFlags
22:40:48 OK    [3868978960] [Event] 群 [NSUK模组-高级用户群(455415527)] | [Helvetica_Volubi(1945892653)]: ID:1845809961 [图片]
22:42:16 WARN  [3868978960] [OneBot.WS-Server] [ws-default] socket error: read ECONNRESET
22:42:25 DEBUG [3868978960] [Bridge.Action] get_login_info params=
22:42:25 DEBUG [3868978960] [Bridge.Action] fetch_custom_face_detail params=count=100
22:42:50 DEBUG              [MsgPush.UnknownElement] wire element ignored unknownTag=1 wireType=2 count=1 bytes=33 reason=no schema decoder path=body.richText
22:42:50 DEBUG              [MsgPush.UnknownElement] wire element ignored unknownTag=10 wireType=0 count=1 bytes=1 reason=no schema decoder path=elem.generalFlags
22:42:50 DEBUG              [MsgPush.UnknownElement] wire element ignored unknownTag=12 wireType=0 count=1 bytes=1 reason=no schema decoder path=elem.generalFlags
22:42:50 DEBUG              [MsgPush.UnknownElement] wire element ignored unknownTag=13 wireType=0 count=1 bytes=1 reason=no schema decoder path=elem.generalFlags
22:42:50 DEBUG              [MsgPush.UnknownElement] wire element ignored unknownTag=17 wireType=0 count=1 bytes=1 reason=no schema decoder path=elem.generalFlags
22:42:50 DEBUG              [MsgPush.UnknownElement] wire element ignored unknownTag=19 wireType=2 count=1 bytes=107 reason=no schema decoder path=elem.generalFlags
22:42:50 DEBUG              [MsgPush.UnknownElement] wire element ignored unknownTag=9 wireType=2 count=1 bytes=8 reason=no schema decoder path=elem
22:42:50 OK    [3868978960] [Event] 群 [NSUK模组-高级用户群(455415527)] | [我是梦蓝咯(3630797734)]: ID:-1786296849 你好
22:42:50 DEBUG [3868978960] [Bridge.Action] send_group_msg params=group_id=455415527 message=[len=1]
22:42:51 INFO               [OneBot] 群聊 455415527 | 发送：你好呀！我现在是离线模式，没有连接到AI哦。
22:42:51 DEBUG              [MsgPush.UnknownElement] wire element ignored unknownTag=1 wireType=2 count=1 bytes=34 reason=no schema decoder path=body.richText
22:42:51 DEBUG              [MsgPush.UnknownElement] wire element ignored unknownTag=9 wireType=2 count=1 bytes=5 reason=no schema decoder path=elem
22:42:51 DEBUG              [MsgPush.UnknownElement] wire element ignored unknownTag=10 wireType=0 count=1 bytes=1 reason=no schema decoder path=elem.generalFlags
22:42:51 DEBUG              [MsgPush.UnknownElement] wire element ignored unknownTag=12 wireType=0 count=1 bytes=1 reason=no schema decoder path=elem.generalFlags
22:42:51 DEBUG              [MsgPush.UnknownElement] wire element ignored unknownTag=13 wireType=0 count=1 bytes=1 reason=no schema decoder path=elem.generalFlags
22:42:51 DEBUG              [MsgPush.UnknownElement] wire element ignored unknownTag=19 wireType=2 count=1 bytes=93 reason=no schema decoder path=elem.generalFlags
22:42:51 OK    [3868978960] [Event] [自身] 群 [NSUK模组-高级用户群(455415527)] | [机器人测试账号(3868978960)]: ID:-1775707247 你好呀！我现在是离线模式，没有连接到AI哦。
22:43:03 DEBUG              [MsgPush.UnknownElement] wire element ignored unknownTag=1 wireType=2 count=1 bytes=34 reason=no schema decoder path=body.richText
22:43:03 DEBUG              [MsgPush.UnknownElement] wire element ignored unknownTag=9 wireType=2 count=1 bytes=5 reason=no schema decoder path=elem
22:43:03 DEBUG              [MsgPush.UnknownElement] wire element ignored unknownTag=10 wireType=0 count=1 bytes=1 reason=no schema decoder path=elem.generalFlags
22:43:03 DEBUG              [MsgPush.UnknownElement] wire element ignored unknownTag=12 wireType=0 count=1 bytes=1 reason=no schema decoder path=elem.generalFlags
22:43:03 DEBUG              [MsgPush.UnknownElement] wire element ignored unknownTag=13 wireType=0 count=1 bytes=1 reason=no schema decoder path=elem.generalFlags
22:43:03 DEBUG              [MsgPush.UnknownElement] wire element ignored unknownTag=19 wireType=2 count=1 bytes=105 reason=no schema decoder path=elem.generalFlags
22:43:03 OK    [3868978960] [Event] 群 [NSUK模组-高级用户群(455415527)] | [咖啡Coffee🏳️‍⚧️🍥(1780412693)]: ID:2098648 咖啡
22:43:03 DEBUG [3868978960] [Bridge.Action] send_group_msg params=group_id=455415527 message=[len=1]
22:43:04 INFO               [OneBot] 群聊 455415527 | 发送：你好呀！我现在是离线模式，没有连接到AI哦。
22:43:04 DEBUG              [MsgPush.UnknownElement] wire element ignored unknownTag=1 wireType=2 count=1 bytes=34 reason=no schema decoder path=body.richText
22:43:04 DEBUG              [MsgPush.UnknownElement] wire element ignored unknownTag=9 wireType=2 count=1 bytes=5 reason=no schema decoder path=elem
22:43:04 DEBUG              [MsgPush.UnknownElement] wire element ignored unknownTag=10 wireType=0 count=1 bytes=1 reason=no schema decoder path=elem.generalFlags
22:43:04 DEBUG              [MsgPush.UnknownElement] wire element ignored unknownTag=12 wireType=0 count=1 bytes=1 reason=no schema decoder path=elem.generalFlags
22:43:04 DEBUG              [MsgPush.UnknownElement] wire element ignored unknownTag=13 wireType=0 count=1 bytes=1 reason=no schema decoder path=elem.generalFlags
22:43:04 DEBUG              [MsgPush.UnknownElement] wire element ignored unknownTag=19 wireType=2 count=1 bytes=94 reason=no schema decoder path=elem.generalFlags
22:43:04 OK    [3868978960] [Event] [自身] 群 [NSUK模组-高级用户群(455415527)] | [机器人测试账号(3868978960)]: ID:-1971111615 你好呀！我现在是离线模式，没有连接到AI哦。
22:44:07 DEBUG              [MsgPush.UnknownElement] wire element ignored unknownTag=1 wireType=2 count=1 bytes=34 reason=no schema decoder path=body.richText
22:44:07 DEBUG              [MsgPush.UnknownElement] wire element ignored unknownTag=10 wireType=0 count=1 bytes=1 reason=no schema decoder path=elem.generalFlags
22:44:07 DEBUG              [MsgPush.UnknownElement] wire element ignored unknownTag=12 wireType=0 count=1 bytes=1 reason=no schema decoder path=elem.generalFlags
22:44:07 DEBUG              [MsgPush.UnknownElement] wire element ignored unknownTag=13 wireType=0 count=1 bytes=1 reason=no schema decoder path=elem.generalFlags
22:44:07 DEBUG              [MsgPush.UnknownElement] wire element ignored unknownTag=16 wireType=0 count=1 bytes=1 reason=no schema decoder path=elem.generalFlags
22:44:07 DEBUG              [MsgPush.UnknownElement] wire element ignored unknownTag=17 wireType=0 count=1 bytes=3 reason=no schema decoder path=elem.generalFlags
22:44:07 DEBUG              [MsgPush.UnknownElement] wire element ignored unknownTag=19 wireType=2 count=1 bytes=111 reason=no schema decoder path=elem.generalFlags
22:44:07 DEBUG              [MsgPush.UnknownElement] wire element ignored unknownTag=9 wireType=2 count=1 bytes=7 reason=no schema decoder path=elem
22:44:07 OK    [3868978960] [Event] 群 [NSUK模组-高级用户群(455415527)] | [XiaoLiang小亮(2375505742)]: ID:1614241438 销量
22:44:20 DEBUG              [MsgPush.UnknownElement] wire element ignored unknownTag=1 wireType=2 count=1 bytes=34 reason=no schema decoder path=body.richText
22:44:20 DEBUG              [MsgPush.UnknownElement] wire element ignored unknownTag=10 wireType=0 count=1 bytes=1 reason=no schema decoder path=elem.generalFlags
22:44:20 DEBUG              [MsgPush.UnknownElement] wire element ignored unknownTag=12 wireType=0 count=1 bytes=1 reason=no schema decoder path=elem.generalFlags
22:44:20 DEBUG              [MsgPush.UnknownElement] wire element ignored unknownTag=13 wireType=0 count=1 bytes=1 reason=no schema decoder path=elem.generalFlags
22:44:20 DEBUG              [MsgPush.UnknownElement] wire element ignored unknownTag=17 wireType=0 count=1 bytes=1 reason=no schema decoder path=elem.generalFlags
22:44:20 DEBUG              [MsgPush.UnknownElement] wire element ignored unknownTag=19 wireType=2 count=1 bytes=107 reason=no schema decoder path=elem.generalFlags
22:44:20 DEBUG              [MsgPush.UnknownElement] wire element ignored unknownTag=9 wireType=2 count=1 bytes=6 reason=no schema decoder path=elem
22:44:20 DEBUG              [MsgPush.UnknownElement] wire element ignored unknownTag=2 wireType=2 count=1 bytes=21 reason=no schema decoder path=commonElem.msgInfo.msgInfoBody[0].hashSum
22:44:20 DEBUG              [MsgPush.UnknownElement] wire element ignored unknownTag=4 wireType=2 count=1 bytes=3 reason=no schema decoder path=commonElem.msgInfo.extBizInfo
22:44:20 OK    [3868978960] [Event] 群 [NSUK模组-高级用户群(455415527)] | [我是梦蓝咯(3630797734)]: ID:1787616882 [图片]
22:44:21 DEBUG              [MsgPush.UnknownElement] wire element ignored unknownTag=1 wireType=2 count=1 bytes=33 reason=no schema decoder path=body.richText
22:44:21 DEBUG              [MsgPush.UnknownElement] wire element ignored unknownTag=10 wireType=0 count=1 bytes=1 reason=no schema decoder path=elem.generalFlags
22:44:21 DEBUG              [MsgPush.UnknownElement] wire element ignored unknownTag=12 wireType=0 count=1 bytes=1 reason=no schema decoder path=elem.generalFlags
22:44:21 DEBUG              [MsgPush.UnknownElement] wire element ignored unknownTag=13 wireType=0 count=1 bytes=1 reason=no schema decoder path=elem.generalFlags
22:44:21 DEBUG              [MsgPush.UnknownElement] wire element ignored unknownTag=17 wireType=0 count=1 bytes=1 reason=no schema decoder path=elem.generalFlags
22:44:21 DEBUG              [MsgPush.UnknownElement] wire element ignored unknownTag=19 wireType=2 count=1 bytes=107 reason=no schema decoder path=elem.generalFlags
22:44:21 DEBUG              [MsgPush.UnknownElement] wire element ignored unknownTag=9 wireType=2 count=1 bytes=8 reason=no schema decoder path=elem
22:44:21 OK    [3868978960] [Event] 群 [NSUK模组-高级用户群(455415527)] | [我是梦蓝咯(3630797734)]: ID:-1737918967 啥阴
22:46:36 DEBUG              [MsgPush.Unknown] Event0x210 unknown subType=332
22:46:37 DEBUG              [MsgPush.Unknown] Event0x210 unknown subType=382
22:46:40 DEBUG              [MsgPush.Unknown] Event0x210 unknown subType=382
22:49:15 DEBUG              [MsgPush.UnknownElement] wire element ignored unknownTag=1 wireType=2 count=1 bytes=34 reason=no schema decoder path=body.richText
22:49:15 DEBUG              [MsgPush.UnknownElement] wire element ignored unknownTag=10 wireType=0 count=1 bytes=1 reason=no schema decoder path=elem.generalFlags
22:49:15 DEBUG              [MsgPush.UnknownElement] wire element ignored unknownTag=12 wireType=0 count=1 bytes=1 reason=no schema decoder path=elem.generalFlags
22:49:15 DEBUG              [MsgPush.UnknownElement] wire element ignored unknownTag=13 wireType=0 count=1 bytes=1 reason=no schema decoder path=elem.generalFlags
22:49:15 DEBUG              [MsgPush.UnknownElement] wire element ignored unknownTag=17 wireType=0 count=1 bytes=1 reason=no schema decoder path=elem.generalFlags
22:49:15 DEBUG              [MsgPush.UnknownElement] wire element ignored unknownTag=19 wireType=2 count=1 bytes=108 reason=no schema decoder path=elem.generalFlags
22:49:15 DEBUG              [MsgPush.UnknownElement] wire element ignored unknownTag=9 wireType=2 count=1 bytes=8 reason=no schema decoder path=elem
22:49:15 DEBUG              [MsgPush.UnknownElement] wire element ignored unknownTag=11 wireType=0 count=1 bytes=1 reason=no schema decoder path=text.pbReserve
22:49:15 OK    [3868978960] [Event] 群 [NSUK模组-高级用户群(455415527)] | [我是梦蓝咯(3630797734)]: ID:1767932432 @2639131152 [空消息]
22:49:15 DEBUG [3868978960] [Bridge.Action] get_group_member_info params=group_id=455415527 user_id=2639131152
22:49:17 DEBUG              [MsgPush.UnknownElement] wire element ignored unknownTag=1 wireType=2 count=1 bytes=34 reason=no schema decoder path=body.richText
22:49:17 DEBUG              [MsgPush.UnknownElement] wire element ignored unknownTag=10 wireType=0 count=1 bytes=1 reason=no schema decoder path=elem.generalFlags
22:49:17 DEBUG              [MsgPush.UnknownElement] wire element ignored unknownTag=12 wireType=0 count=1 bytes=1 reason=no schema decoder path=elem.generalFlags
22:49:17 DEBUG              [MsgPush.UnknownElement] wire element ignored unknownTag=13 wireType=0 count=1 bytes=1 reason=no schema decoder path=elem.generalFlags
22:49:17 DEBUG              [MsgPush.UnknownElement] wire element ignored unknownTag=17 wireType=0 count=1 bytes=1 reason=no schema decoder path=elem.generalFlags
22:49:17 DEBUG              [MsgPush.UnknownElement] wire element ignored unknownTag=19 wireType=2 count=1 bytes=107 reason=no schema decoder path=elem.generalFlags
22:49:17 DEBUG              [MsgPush.UnknownElement] wire element ignored unknownTag=9 wireType=2 count=1 bytes=8 reason=no schema decoder path=elem
22:49:17 OK    [3868978960] [Event] 群 [NSUK模组-高级用户群(455415527)] | [我是梦蓝咯(3630797734)]: ID:-2060833206 来
22:49:25 DEBUG              [MsgPush.UnknownElement] wire element ignored unknownTag=1 wireType=2 count=1 bytes=34 reason=no schema decoder path=body.richText
22:49:25 DEBUG              [MsgPush.UnknownElement] wire element ignored unknownTag=10 wireType=0 count=1 bytes=1 reason=no schema decoder path=elem.generalFlags
22:49:25 DEBUG              [MsgPush.UnknownElement] wire element ignored unknownTag=12 wireType=0 count=1 bytes=1 reason=no schema decoder path=elem.generalFlags
22:49:25 DEBUG              [MsgPush.UnknownElement] wire element ignored unknownTag=13 wireType=0 count=1 bytes=1 reason=no schema decoder path=elem.generalFlags
22:49:25 DEBUG              [MsgPush.UnknownElement] wire element ignored unknownTag=17 wireType=0 count=1 bytes=1 reason=no schema decoder path=elem.generalFlags
22:49:25 DEBUG              [MsgPush.UnknownElement] wire element ignored unknownTag=19 wireType=2 count=1 bytes=108 reason=no schema decoder path=elem.generalFlags
22:49:25 DEBUG              [MsgPush.UnknownElement] wire element ignored unknownTag=9 wireType=2 count=1 bytes=8 reason=no schema decoder path=elem
22:49:25 OK    [3868978960] [Event] 群 [NSUK模组-高级用户群(455415527)] | [我是梦蓝咯(3630797734)]: ID:-1458445294 来看一下要怎么写
22:49:27 DEBUG              [MsgPush.UnknownElement] wire element ignored unknownTag=1 wireType=2 count=1 bytes=34 reason=no schema decoder path=body.richText
22:49:27 DEBUG              [MsgPush.UnknownElement] wire element ignored unknownTag=10 wireType=0 count=1 bytes=1 reason=no schema decoder path=elem.generalFlags
22:49:27 DEBUG              [MsgPush.UnknownElement] wire element ignored unknownTag=12 wireType=0 count=1 bytes=1 reason=no schema decoder path=elem.generalFlags
22:49:27 DEBUG              [MsgPush.UnknownElement] wire element ignored unknownTag=13 wireType=0 count=1 bytes=1 reason=no schema decoder path=elem.generalFlags
22:49:27 DEBUG              [MsgPush.UnknownElement] wire element ignored unknownTag=17 wireType=0 count=1 bytes=1 reason=no schema decoder path=elem.generalFlags
22:49:27 DEBUG              [MsgPush.UnknownElement] wire element ignored unknownTag=19 wireType=2 count=1 bytes=104 reason=no schema decoder path=elem.generalFlags
22:49:27 DEBUG              [MsgPush.UnknownElement] wire element ignored unknownTag=9 wireType=2 count=1 bytes=8 reason=no schema decoder path=elem
22:49:27 OK    [3868978960] [Event] 群 [NSUK模组-高级用户群(455415527)] | [我是梦蓝咯(3630797734)]: ID:1361026899 我不知道
22:49:30 DEBUG              [MsgPush.UnknownElement] wire element ignored unknownTag=1 wireType=2 count=1 bytes=34 reason=no schema decoder path=body.richText
22:49:30 DEBUG              [MsgPush.UnknownElement] wire element ignored unknownTag=2 wireType=2 count=1 bytes=21 reason=no schema decoder path=commonElem.msgInfo.msgInfoBody[0].hashSum
22:49:30 DEBUG              [MsgPush.UnknownElement] wire element ignored unknownTag=4 wireType=2 count=1 bytes=3 reason=no schema decoder path=commonElem.msgInfo.extBizInfo
22:49:30 DEBUG              [MsgPush.UnknownElement] wire element ignored unknownTag=3 wireType=0 count=1 bytes=1 reason=no schema decoder path=commonElem.msgInfo.extBizInfo.pic.extData
22:49:30 DEBUG              [MsgPush.UnknownElement] wire element ignored unknownTag=4 wireType=0 count=1 bytes=1 reason=no schema decoder path=commonElem.msgInfo.extBizInfo.pic.extData
22:49:30 DEBUG              [MsgPush.UnknownElement] wire element ignored unknownTag=10 wireType=0 count=1 bytes=1 reason=no schema decoder path=commonElem.msgInfo.extBizInfo.pic.extData
22:49:30 DEBUG              [MsgPush.UnknownElement] wire element ignored unknownTag=12 wireType=2 count=1 bytes=1 reason=no schema decoder path=commonElem.msgInfo.extBizInfo.pic.extData
22:49:30 DEBUG              [MsgPush.UnknownElement] wire element ignored unknownTag=18 wireType=2 count=1 bytes=1 reason=no schema decoder path=commonElem.msgInfo.extBizInfo.pic.extData
22:49:30 DEBUG              [MsgPush.UnknownElement] wire element ignored unknownTag=19 wireType=2 count=1 bytes=1 reason=no schema decoder path=commonElem.msgInfo.extBizInfo.pic.extData
22:49:30 DEBUG              [MsgPush.UnknownElement] wire element ignored unknownTag=21 wireType=2 count=1 bytes=13 reason=no schema decoder path=commonElem.msgInfo.extBizInfo.pic.extData
22:49:30 DEBUG              [MsgPush.UnknownElement] wire element ignored unknownTag=30 wireType=2 count=1 bytes=87 reason=no schema decoder path=commonElem.msgInfo.extBizInfo.pic.extData
22:49:30 DEBUG              [MsgPush.UnknownElement] wire element ignored unknownTag=31 wireType=2 count=1 bytes=33 reason=no schema decoder path=commonElem.msgInfo.extBizInfo.pic.extData
22:49:30 DEBUG              [MsgPush.UnknownElement] wire element ignored unknownTag=34 wireType=0 count=1 bytes=1 reason=no schema decoder path=commonElem.msgInfo.extBizInfo.pic.extData
22:49:30 DEBUG              [MsgPush.UnknownElement] wire element ignored unknownTag=9 wireType=2 count=1 bytes=5 reason=no schema decoder path=elem
22:49:30 DEBUG              [MsgPush.UnknownElement] wire element ignored unknownTag=10 wireType=0 count=1 bytes=1 reason=no schema decoder path=elem.generalFlags
22:49:30 DEBUG              [MsgPush.UnknownElement] wire element ignored unknownTag=12 wireType=0 count=1 bytes=1 reason=no schema decoder path=elem.generalFlags
22:49:30 DEBUG              [MsgPush.UnknownElement] wire element ignored unknownTag=13 wireType=0 count=1 bytes=1 reason=no schema decoder path=elem.generalFlags
22:49:30 DEBUG              [MsgPush.UnknownElement] wire element ignored unknownTag=19 wireType=2 count=1 bytes=105 reason=no schema decoder path=elem.generalFlags
22:49:30 OK    [3868978960] [Event] 群 [NSUK模组-高级用户群(455415527)] | [咖啡Coffee🏳️‍⚧️🍥(1780412693)]: ID:-912352914 [图片]
22:49:44 DEBUG              [MsgPush.UnknownElement] wire element ignored unknownTag=1 wireType=2 count=1 bytes=33 reason=no schema decoder path=body.richText
22:49:44 DEBUG              [MsgPush.UnknownElement] wire element ignored unknownTag=10 wireType=0 count=1 bytes=1 reason=no schema decoder path=elem.generalFlags
22:49:44 DEBUG              [MsgPush.UnknownElement] wire element ignored unknownTag=12 wireType=0 count=1 bytes=1 reason=no schema decoder path=elem.generalFlags
22:49:44 DEBUG              [MsgPush.UnknownElement] wire element ignored unknownTag=13 wireType=0 count=1 bytes=1 reason=no schema decoder path=elem.generalFlags
22:49:44 DEBUG              [MsgPush.UnknownElement] wire element ignored unknownTag=17 wireType=0 count=1 bytes=1 reason=no schema decoder path=elem.generalFlags
22:49:44 DEBUG              [MsgPush.UnknownElement] wire element ignored unknownTag=19 wireType=2 count=1 bytes=108 reason=no schema decoder path=elem.generalFlags
22:49:44 DEBUG              [MsgPush.UnknownElement] wire element ignored unknownTag=9 wireType=2 count=1 bytes=8 reason=no schema decoder path=elem
22:49:44 DEBUG              [MsgPush.UnknownElement] wire element ignored unknownTag=11 wireType=0 count=1 bytes=1 reason=no schema decoder path=text.pbReserve
22:49:44 OK    [3868978960] [Event] 群 [NSUK模组-高级用户群(455415527)] | [我是梦蓝咯(3630797734)]: ID:2003122564 @1780412693 进来啊
22:49:44 DEBUG [3868978960] [Bridge.Action] get_group_member_info params=group_id=455415527 user_id=1780412693
22:49:44 DEBUG [3868978960] [Bridge.Action] send_group_msg params=group_id=455415527 message=[len=1]
22:49:45 INFO               [OneBot] 群聊 455415527 | 发送：你好呀！我现在是离线模式，没有连接到AI哦。
22:49:45 DEBUG              [MsgPush.UnknownElement] wire element ignored unknownTag=1 wireType=2 count=1 bytes=34 reason=no schema decoder path=body.richText
22:49:45 DEBUG              [MsgPush.UnknownElement] wire element ignored unknownTag=9 wireType=2 count=1 bytes=5 reason=no schema decoder path=elem
22:49:45 DEBUG              [MsgPush.UnknownElement] wire element ignored unknownTag=10 wireType=0 count=1 bytes=1 reason=no schema decoder path=elem.generalFlags
22:49:45 DEBUG              [MsgPush.UnknownElement] wire element ignored unknownTag=12 wireType=0 count=1 bytes=1 reason=no schema decoder path=elem.generalFlags
22:49:45 DEBUG              [MsgPush.UnknownElement] wire element ignored unknownTag=13 wireType=0 count=1 bytes=1 reason=no schema decoder path=elem.generalFlags
22:49:45 DEBUG              [MsgPush.UnknownElement] wire element ignored unknownTag=19 wireType=2 count=1 bytes=93 reason=no schema decoder path=elem.generalFlags
22:49:45 OK    [3868978960] [Event] [自身] 群 [NSUK模组-高级用户群(455415527)] | [机器人测试账号(3868978960)]: ID:-487295657 你好呀！我现在是离线模式，没有连接到AI哦。
22:49:48 DEBUG              [MsgPush.UnknownElement] wire element ignored unknownTag=1 wireType=2 count=1 bytes=34 reason=no schema decoder path=body.richText
22:49:48 DEBUG              [MsgPush.UnknownElement] wire element ignored unknownTag=10 wireType=0 count=1 bytes=1 reason=no schema decoder path=elem.generalFlags
22:49:48 DEBUG              [MsgPush.UnknownElement] wire element ignored unknownTag=12 wireType=0 count=1 bytes=1 reason=no schema decoder path=elem.generalFlags
22:49:48 DEBUG              [MsgPush.UnknownElement] wire element ignored unknownTag=13 wireType=0 count=1 bytes=1 reason=no schema decoder path=elem.generalFlags
22:49:48 DEBUG              [MsgPush.UnknownElement] wire element ignored unknownTag=17 wireType=0 count=1 bytes=1 reason=no schema decoder path=elem.generalFlags
22:49:48 DEBUG              [MsgPush.UnknownElement] wire element ignored unknownTag=19 wireType=2 count=1 bytes=104 reason=no schema decoder path=elem.generalFlags
22:49:48 DEBUG              [MsgPush.UnknownElement] wire element ignored unknownTag=9 wireType=2 count=1 bytes=8 reason=no schema decoder path=elem
22:49:48 OK    [3868978960] [Event] 群 [NSUK模组-高级用户群(455415527)] | [我是梦蓝咯(3630797734)]: ID:2034755519 ?
22:50:03 DEBUG              [MsgPush.UnknownElement] wire element ignored unknownTag=1 wireType=2 count=1 bytes=34 reason=no schema decoder path=body.richText
22:50:03 DEBUG              [MsgPush.UnknownElement] wire element ignored unknownTag=10 wireType=0 count=1 bytes=1 reason=no schema decoder path=elem.generalFlags
22:50:03 DEBUG              [MsgPush.UnknownElement] wire element ignored unknownTag=12 wireType=0 count=1 bytes=1 reason=no schema decoder path=elem.generalFlags
22:50:03 DEBUG              [MsgPush.UnknownElement] wire element ignored unknownTag=13 wireType=0 count=1 bytes=1 reason=no schema decoder path=elem.generalFlags
22:50:03 DEBUG              [MsgPush.UnknownElement] wire element ignored unknownTag=17 wireType=0 count=1 bytes=1 reason=no schema decoder path=elem.generalFlags
22:50:03 DEBUG              [MsgPush.UnknownElement] wire element ignored unknownTag=19 wireType=2 count=1 bytes=105 reason=no schema decoder path=elem.generalFlags
22:50:03 DEBUG              [MsgPush.UnknownElement] wire element ignored unknownTag=9 wireType=2 count=1 bytes=8 reason=no schema decoder path=elem
22:50:03 OK    [3868978960] [Event] 群 [NSUK模组-高级用户群(455415527)] | [我是梦蓝咯(3630797734)]: ID:875823303 整合包
22:50:03 DEBUG [3868978960] [Bridge.Action] send_group_msg params=group_id=455415527 message=[len=1]
22:50:04 INFO               [OneBot] 群聊 455415527 | 发送：关于梨小达
22:50:04 DEBUG              [MsgPush.UnknownElement] wire element ignored unknownTag=1 wireType=2 count=1 bytes=34 reason=no schema decoder path=body.richText
22:50:04 DEBUG              [MsgPush.UnknownElement] wire element ignored unknownTag=9 wireType=2 count=1 bytes=5 reason=no schema decoder path=elem
22:50:04 DEBUG              [MsgPush.UnknownElement] wire element ignored unknownTag=10 wireType=0 count=1 bytes=1 reason=no schema decoder path=elem.generalFlags
22:50:04 DEBUG              [MsgPush.UnknownElement] wire element ignored unknownTag=12 wireType=0 count=1 bytes=1 reason=no schema decoder path=elem.generalFlags
22:50:04 DEBUG              [MsgPush.UnknownElement] wire element ignored unknownTag=13 wireType=0 count=1 bytes=1 reason=no schema decoder path=elem.generalFlags
22:50:04 DEBUG              [MsgPush.UnknownElement] wire element ignored unknownTag=19 wireType=2 count=1 bytes=94 reason=no schema decoder path=elem.generalFlags
22:50:04 OK    [3868978960] [Event] [自身] 群 [NSUK模组-高级用户群(455415527)] | [机器人测试账号(3868978960)]: ID:624569058 关于梨小达
22:50:04 DEBUG              [MsgPush.UnknownElement] wire element ignored unknownTag=1 wireType=2 count=1 bytes=34 reason=no schema decoder path=body.richText
22:50:04 DEBUG              [MsgPush.UnknownElement] wire element ignored unknownTag=10 wireType=0 count=1 bytes=1 reason=no schema decoder path=elem.generalFlags
22:50:04 DEBUG              [MsgPush.UnknownElement] wire element ignored unknownTag=12 wireType=0 count=1 bytes=1 reason=no schema decoder path=elem.generalFlags
22:50:04 DEBUG              [MsgPush.UnknownElement] wire element ignored unknownTag=13 wireType=0 count=1 bytes=1 reason=no schema decoder path=elem.generalFlags
22:50:04 DEBUG              [MsgPush.UnknownElement] wire element ignored unknownTag=16 wireType=0 count=1 bytes=1 reason=no schema decoder path=elem.generalFlags
22:50:04 DEBUG              [MsgPush.UnknownElement] wire element ignored unknownTag=17 wireType=0 count=1 bytes=1 reason=no schema decoder path=elem.generalFlags
22:50:04 DEBUG              [MsgPush.UnknownElement] wire element ignored unknownTag=19 wireType=2 count=1 bytes=111 reason=no schema decoder path=elem.generalFlags
22:50:04 DEBUG              [MsgPush.UnknownElement] wire element ignored unknownTag=9 wireType=2 count=1 bytes=5 reason=no schema decoder path=elem
22:50:04 OK    [3868978960] [Event] 群 [NSUK模组-高级用户群(455415527)] | [咖啡Coffee🏳️‍⚧️🍥(1780412693)]: ID:281295765 进不来
22:50:07 DEBUG              [MsgPush.UnknownElement] wire element ignored unknownTag=1 wireType=2 count=1 bytes=34 reason=no schema decoder path=body.richText
22:50:07 DEBUG              [MsgPush.UnknownElement] wire element ignored unknownTag=10 wireType=0 count=1 bytes=1 reason=no schema decoder path=elem.generalFlags
22:50:07 DEBUG              [MsgPush.UnknownElement] wire element ignored unknownTag=12 wireType=0 count=1 bytes=1 reason=no schema decoder path=elem.generalFlags
22:50:07 DEBUG              [MsgPush.UnknownElement] wire element ignored unknownTag=13 wireType=0 count=1 bytes=1 reason=no schema decoder path=elem.generalFlags
22:50:07 DEBUG              [MsgPush.UnknownElement] wire element ignored unknownTag=16 wireType=0 count=1 bytes=1 reason=no schema decoder path=elem.generalFlags
22:50:07 DEBUG              [MsgPush.UnknownElement] wire element ignored unknownTag=17 wireType=0 count=1 bytes=1 reason=no schema decoder path=elem.generalFlags
22:50:07 DEBUG              [MsgPush.UnknownElement] wire element ignored unknownTag=19 wireType=2 count=1 bytes=109 reason=no schema decoder path=elem.generalFlags
22:50:07 DEBUG              [MsgPush.UnknownElement] wire element ignored unknownTag=9 wireType=2 count=1 bytes=5 reason=no schema decoder path=elem
22:50:07 OK    [3868978960] [Event] 群 [NSUK模组-高级用户群(455415527)] | [咖啡Coffee🏳️‍⚧️🍥(1780412693)]: ID:-704034279 要死了
22:50:10 DEBUG              [MsgPush.UnknownElement] wire element ignored unknownTag=1 wireType=2 count=1 bytes=34 reason=no schema decoder path=body.richText
22:50:10 DEBUG              [MsgPush.UnknownElement] wire element ignored unknownTag=2 wireType=2 count=1 bytes=21 reason=no schema decoder path=commonElem.msgInfo.msgInfoBody[0].hashSum
22:50:10 DEBUG              [MsgPush.UnknownElement] wire element ignored unknownTag=4 wireType=2 count=1 bytes=3 reason=no schema decoder path=commonElem.msgInfo.extBizInfo
22:50:10 DEBUG              [MsgPush.UnknownElement] wire element ignored unknownTag=3 wireType=0 count=1 bytes=1 reason=no schema decoder path=commonElem.msgInfo.extBizInfo.pic.extData
22:50:10 DEBUG              [MsgPush.UnknownElement] wire element ignored unknownTag=4 wireType=0 count=1 bytes=1 reason=no schema decoder path=commonElem.msgInfo.extBizInfo.pic.extData
22:50:10 DEBUG              [MsgPush.UnknownElement] wire element ignored unknownTag=10 wireType=0 count=1 bytes=1 reason=no schema decoder path=commonElem.msgInfo.extBizInfo.pic.extData
22:50:10 DEBUG              [MsgPush.UnknownElement] wire element ignored unknownTag=12 wireType=2 count=1 bytes=1 reason=no schema decoder path=commonElem.msgInfo.extBizInfo.pic.extData
22:50:10 DEBUG              [MsgPush.UnknownElement] wire element ignored unknownTag=18 wireType=2 count=1 bytes=1 reason=no schema decoder path=commonElem.msgInfo.extBizInfo.pic.extData
22:50:10 DEBUG              [MsgPush.UnknownElement] wire element ignored unknownTag=19 wireType=2 count=1 bytes=1 reason=no schema decoder path=commonElem.msgInfo.extBizInfo.pic.extData
22:50:10 DEBUG              [MsgPush.UnknownElement] wire element ignored unknownTag=21 wireType=2 count=1 bytes=13 reason=no schema decoder path=commonElem.msgInfo.extBizInfo.pic.extData
22:50:10 DEBUG              [MsgPush.UnknownElement] wire element ignored unknownTag=30 wireType=2 count=1 bytes=87 reason=no schema decoder path=commonElem.msgInfo.extBizInfo.pic.extData
22:50:10 DEBUG              [MsgPush.UnknownElement] wire element ignored unknownTag=31 wireType=2 count=1 bytes=33 reason=no schema decoder path=commonElem.msgInfo.extBizInfo.pic.extData
22:50:10 DEBUG              [MsgPush.UnknownElement] wire element ignored unknownTag=34 wireType=0 count=1 bytes=1 reason=no schema decoder path=commonElem.msgInfo.extBizInfo.pic.extData
22:50:10 DEBUG              [MsgPush.UnknownElement] wire element ignored unknownTag=9 wireType=2 count=1 bytes=5 reason=no schema decoder path=elem
22:50:10 DEBUG              [MsgPush.UnknownElement] wire element ignored unknownTag=10 wireType=0 count=1 bytes=1 reason=no schema decoder path=elem.generalFlags
22:50:10 DEBUG              [MsgPush.UnknownElement] wire element ignored unknownTag=12 wireType=0 count=1 bytes=1 reason=no schema decoder path=elem.generalFlags
22:50:10 DEBUG              [MsgPush.UnknownElement] wire element ignored unknownTag=13 wireType=0 count=1 bytes=1 reason=no schema decoder path=elem.generalFlags
22:50:10 DEBUG              [MsgPush.UnknownElement] wire element ignored unknownTag=19 wireType=2 count=1 bytes=104 reason=no schema decoder path=elem.generalFlags
22:50:10 OK    [3868978960] [Event] 群 [NSUK模组-高级用户群(455415527)] | [咖啡Coffee🏳️‍⚧️🍥(1780412693)]: ID:-614060317 [图片]
22:50:11 DEBUG              [MsgPush.UnknownElement] wire element ignored unknownTag=1 wireType=2 count=1 bytes=33 reason=no schema decoder path=body.richText
22:50:11 DEBUG              [MsgPush.UnknownElement] wire element ignored unknownTag=10 wireType=0 count=1 bytes=1 reason=no schema decoder path=elem.generalFlags
22:50:11 DEBUG              [MsgPush.UnknownElement] wire element ignored unknownTag=12 wireType=0 count=1 bytes=1 reason=no schema decoder path=elem.generalFlags
22:50:11 DEBUG              [MsgPush.UnknownElement] wire element ignored unknownTag=13 wireType=0 count=1 bytes=1 reason=no schema decoder path=elem.generalFlags
22:50:11 DEBUG              [MsgPush.UnknownElement] wire element ignored unknownTag=16 wireType=0 count=1 bytes=1 reason=no schema decoder path=elem.generalFlags
22:50:11 DEBUG              [MsgPush.UnknownElement] wire element ignored unknownTag=17 wireType=0 count=1 bytes=1 reason=no schema decoder path=elem.generalFlags
22:50:11 DEBUG              [MsgPush.UnknownElement] wire element ignored unknownTag=19 wireType=2 count=1 bytes=112 reason=no schema decoder path=elem.generalFlags
22:50:11 DEBUG              [MsgPush.UnknownElement] wire element ignored unknownTag=9 wireType=2 count=1 bytes=5 reason=no schema decoder path=elem
22:50:11 DEBUG              [MsgPush.UnknownElement] wire element ignored unknownTag=11 wireType=0 count=1 bytes=1 reason=no schema decoder path=text.pbReserve
22:50:11 OK    [3868978960] [Event] 群 [NSUK模组-高级用户群(455415527)] | [咖啡Coffee🏳️‍⚧️🍥(1780412693)]: ID:913476336 @3868978960 [空消息]
22:50:11 DEBUG [3868978960] [Bridge.Action] get_group_member_info params=group_id=455415527 user_id=3868978960
22:50:13 DEBUG              [MsgPush.UnknownElement] wire element ignored unknownTag=1 wireType=2 count=1 bytes=33 reason=no schema decoder path=body.richText
22:50:13 DEBUG              [MsgPush.UnknownElement] wire element ignored unknownTag=10 wireType=0 count=1 bytes=1 reason=no schema decoder path=elem.generalFlags
22:50:13 DEBUG              [MsgPush.UnknownElement] wire element ignored unknownTag=12 wireType=0 count=1 bytes=1 reason=no schema decoder path=elem.generalFlags
22:50:13 DEBUG              [MsgPush.UnknownElement] wire element ignored unknownTag=13 wireType=0 count=1 bytes=1 reason=no schema decoder path=elem.generalFlags
22:50:13 DEBUG              [MsgPush.UnknownElement] wire element ignored unknownTag=17 wireType=0 count=1 bytes=1 reason=no schema decoder path=elem.generalFlags
22:50:13 DEBUG              [MsgPush.UnknownElement] wire element ignored unknownTag=19 wireType=2 count=1 bytes=107 reason=no schema decoder path=elem.generalFlags
22:50:13 DEBUG              [MsgPush.UnknownElement] wire element ignored unknownTag=9 wireType=2 count=1 bytes=8 reason=no schema decoder path=elem
22:50:13 OK    [3868978960] [Event] 群 [NSUK模组-高级用户群(455415527)] | [我是梦蓝咯(3630797734)]: ID:1797992695 行
22:50:14 DEBUG              [MsgPush.UnknownElement] wire element ignored unknownTag=1 wireType=2 count=1 bytes=34 reason=no schema decoder path=body.richText
22:50:14 DEBUG              [MsgPush.UnknownElement] wire element ignored unknownTag=10 wireType=0 count=1 bytes=1 reason=no schema decoder path=elem.generalFlags
22:50:14 DEBUG              [MsgPush.UnknownElement] wire element ignored unknownTag=12 wireType=0 count=1 bytes=1 reason=no schema decoder path=elem.generalFlags
22:50:14 DEBUG              [MsgPush.UnknownElement] wire element ignored unknownTag=13 wireType=0 count=1 bytes=1 reason=no schema decoder path=elem.generalFlags
22:50:14 DEBUG              [MsgPush.UnknownElement] wire element ignored unknownTag=16 wireType=0 count=1 bytes=1 reason=no schema decoder path=elem.generalFlags
22:50:14 DEBUG              [MsgPush.UnknownElement] wire element ignored unknownTag=17 wireType=0 count=1 bytes=3 reason=no schema decoder path=elem.generalFlags
22:50:14 DEBUG              [MsgPush.UnknownElement] wire element ignored unknownTag=19 wireType=2 count=1 bytes=111 reason=no schema decoder path=elem.generalFlags
22:50:14 DEBUG              [MsgPush.UnknownElement] wire element ignored unknownTag=9 wireType=2 count=1 bytes=7 reason=no schema decoder path=elem
22:50:14 OK    [3868978960] [Event] 群 [NSUK模组-高级用户群(455415527)] | [XiaoLiang小亮(2375505742)]: ID:-1047587682 梨小达
22:50:17 DEBUG              [MsgPush.UnknownElement] wire element ignored unknownTag=1 wireType=2 count=1 bytes=34 reason=no schema decoder path=body.richText
22:50:17 DEBUG              [MsgPush.UnknownElement] wire element ignored unknownTag=10 wireType=0 count=1 bytes=1 reason=no schema decoder path=elem.generalFlags
22:50:17 DEBUG              [MsgPush.UnknownElement] wire element ignored unknownTag=12 wireType=0 count=1 bytes=1 reason=no schema decoder path=elem.generalFlags
22:50:17 DEBUG              [MsgPush.UnknownElement] wire element ignored unknownTag=13 wireType=0 count=1 bytes=1 reason=no schema decoder path=elem.generalFlags
22:50:17 DEBUG              [MsgPush.UnknownElement] wire element ignored unknownTag=16 wireType=0 count=1 bytes=1 reason=no schema decoder path=elem.generalFlags
22:50:17 DEBUG              [MsgPush.UnknownElement] wire element ignored unknownTag=17 wireType=0 count=1 bytes=1 reason=no schema decoder path=elem.generalFlags
22:50:17 DEBUG              [MsgPush.UnknownElement] wire element ignored unknownTag=19 wireType=2 count=1 bytes=112 reason=no schema decoder path=elem.generalFlags
22:50:17 DEBUG              [MsgPush.UnknownElement] wire element ignored unknownTag=9 wireType=2 count=1 bytes=5 reason=no schema decoder path=elem
22:50:17 OK    [3868978960] [Event] 群 [NSUK模组-高级用户群(455415527)] | [咖啡Coffee🏳️‍⚧️🍥(1780412693)]: ID:1591950354 咖啡
22:50:27 DEBUG              [MsgPush.UnknownElement] wire element ignored unknownTag=1 wireType=2 count=1 bytes=34 reason=no schema decoder path=body.richText
22:50:27 DEBUG              [MsgPush.UnknownElement] wire element ignored unknownTag=10 wireType=0 count=1 bytes=1 reason=no schema decoder path=elem.generalFlags
22:50:27 DEBUG              [MsgPush.UnknownElement] wire element ignored unknownTag=12 wireType=0 count=1 bytes=1 reason=no schema decoder path=elem.generalFlags
22:50:27 DEBUG              [MsgPush.UnknownElement] wire element ignored unknownTag=13 wireType=0 count=1 bytes=1 reason=no schema decoder path=elem.generalFlags
22:50:27 DEBUG              [MsgPush.UnknownElement] wire element ignored unknownTag=16 wireType=0 count=1 bytes=1 reason=no schema decoder path=elem.generalFlags
22:50:27 DEBUG              [MsgPush.UnknownElement] wire element ignored unknownTag=17 wireType=0 count=1 bytes=3 reason=no schema decoder path=elem.generalFlags
22:50:27 DEBUG              [MsgPush.UnknownElement] wire element ignored unknownTag=19 wireType=2 count=1 bytes=111 reason=no schema decoder path=elem.generalFlags
22:50:27 DEBUG              [MsgPush.UnknownElement] wire element ignored unknownTag=9 wireType=2 count=1 bytes=7 reason=no schema decoder path=elem
22:50:27 OK    [3868978960] [Event] 群 [NSUK模组-高级用户群(455415527)] | [XiaoLiang小亮(2375505742)]: ID:1293953577 小达
22:50:28 DEBUG              [MsgPush.UnknownElement] wire element ignored unknownTag=1 wireType=2 count=1 bytes=33 reason=no schema decoder path=body.richText
22:50:28 DEBUG              [MsgPush.UnknownElement] wire element ignored unknownTag=10 wireType=0 count=1 bytes=1 reason=no schema decoder path=elem.generalFlags
22:50:28 DEBUG              [MsgPush.UnknownElement] wire element ignored unknownTag=12 wireType=0 count=1 bytes=1 reason=no schema decoder path=elem.generalFlags
22:50:28 DEBUG              [MsgPush.UnknownElement] wire element ignored unknownTag=13 wireType=0 count=1 bytes=1 reason=no schema decoder path=elem.generalFlags
22:50:28 DEBUG              [MsgPush.UnknownElement] wire element ignored unknownTag=17 wireType=0 count=1 bytes=1 reason=no schema decoder path=elem.generalFlags
22:50:28 DEBUG              [MsgPush.UnknownElement] wire element ignored unknownTag=19 wireType=2 count=1 bytes=108 reason=no schema decoder path=elem.generalFlags
22:50:28 DEBUG              [MsgPush.UnknownElement] wire element ignored unknownTag=9 wireType=2 count=1 bytes=8 reason=no schema decoder path=elem
22:50:28 OK    [3868978960] [Event] 群 [NSUK模组-高级用户群(455415527)] | [我是梦蓝咯(3630797734)]: ID:449192166 我给咖啡删了
22:50:29 DEBUG              [MsgPush.UnknownElement] wire element ignored unknownTag=1 wireType=2 count=1 bytes=34 reason=no schema decoder path=body.richText
22:50:29 DEBUG              [MsgPush.UnknownElement] wire element ignored unknownTag=10 wireType=0 count=1 bytes=1 reason=no schema decoder path=elem.generalFlags
22:50:29 DEBUG              [MsgPush.UnknownElement] wire element ignored unknownTag=12 wireType=0 count=1 bytes=1 reason=no schema decoder path=elem.generalFlags
22:50:29 DEBUG              [MsgPush.UnknownElement] wire element ignored unknownTag=13 wireType=0 count=1 bytes=1 reason=no schema decoder path=elem.generalFlags
22:50:29 DEBUG              [MsgPush.UnknownElement] wire element ignored unknownTag=16 wireType=0 count=1 bytes=1 reason=no schema decoder path=elem.generalFlags
22:50:29 DEBUG              [MsgPush.UnknownElement] wire element ignored unknownTag=17 wireType=0 count=1 bytes=3 reason=no schema decoder path=elem.generalFlags
22:50:29 DEBUG              [MsgPush.UnknownElement] wire element ignored unknownTag=19 wireType=2 count=1 bytes=111 reason=no schema decoder path=elem.generalFlags
22:50:29 DEBUG              [MsgPush.UnknownElement] wire element ignored unknownTag=9 wireType=2 count=1 bytes=7 reason=no schema decoder path=elem
22:50:29 OK    [3868978960] [Event] 群 [NSUK模组-高级用户群(455415527)] | [XiaoLiang小亮(2375505742)]: ID:828464511 整合包
22:50:29 DEBUG [3868978960] [Bridge.Action] send_group_msg params=group_id=455415527 message=[len=1]
22:50:29 INFO               [OneBot] 群聊 455415527 | 发送：关于梨小达
22:50:29 DEBUG              [MsgPush.UnknownElement] wire element ignored unknownTag=1 wireType=2 count=1 bytes=34 reason=no schema decoder path=body.richText
22:50:29 DEBUG              [MsgPush.UnknownElement] wire element ignored unknownTag=9 wireType=2 count=1 bytes=5 reason=no schema decoder path=elem
22:50:29 DEBUG              [MsgPush.UnknownElement] wire element ignored unknownTag=10 wireType=0 count=1 bytes=1 reason=no schema decoder path=elem.generalFlags
22:50:29 DEBUG              [MsgPush.UnknownElement] wire element ignored unknownTag=12 wireType=0 count=1 bytes=1 reason=no schema decoder path=elem.generalFlags
22:50:29 DEBUG              [MsgPush.UnknownElement] wire element ignored unknownTag=13 wireType=0 count=1 bytes=1 reason=no schema decoder path=elem.generalFlags
22:50:29 DEBUG              [MsgPush.UnknownElement] wire element ignored unknownTag=19 wireType=2 count=1 bytes=94 reason=no schema decoder path=elem.generalFlags
22:50:29 OK    [3868978960] [Event] [自身] 群 [NSUK模组-高级用户群(455415527)] | [机器人测试账号(3868978960)]: ID:1557859407 关于梨小达
22:50:31 DEBUG              [MsgPush.UnknownElement] wire element ignored unknownTag=1 wireType=2 count=1 bytes=34 reason=no schema decoder path=body.richText
22:50:31 DEBUG              [MsgPush.UnknownElement] wire element ignored unknownTag=10 wireType=0 count=1 bytes=1 reason=no schema decoder path=elem.generalFlags
22:50:31 DEBUG              [MsgPush.UnknownElement] wire element ignored unknownTag=12 wireType=0 count=1 bytes=1 reason=no schema decoder path=elem.generalFlags
22:50:31 DEBUG              [MsgPush.UnknownElement] wire element ignored unknownTag=13 wireType=0 count=1 bytes=1 reason=no schema decoder path=elem.generalFlags
22:50:31 DEBUG              [MsgPush.UnknownElement] wire element ignored unknownTag=16 wireType=0 count=1 bytes=1 reason=no schema decoder path=elem.generalFlags
22:50:31 DEBUG              [MsgPush.UnknownElement] wire element ignored unknownTag=17 wireType=0 count=1 bytes=1 reason=no schema decoder path=elem.generalFlags
22:50:31 DEBUG              [MsgPush.UnknownElement] wire element ignored unknownTag=19 wireType=2 count=1 bytes=110 reason=no schema decoder path=elem.generalFlags
22:50:31 DEBUG              [MsgPush.UnknownElement] wire element ignored unknownTag=9 wireType=2 count=1 bytes=8 reason=no schema decoder path=elem
22:50:31 DEBUG              [MsgPush.UnknownElement] wire element ignored unknownTag=11 wireType=0 count=1 bytes=1 reason=no schema decoder path=text.pbReserve
22:50:31 OK    [3868978960] [Event] 群 [NSUK模组-高级用户群(455415527)] | [【仅受理建筑相关】-苏晴晴在此-(2639131152)]: ID:-636485257 [回复 [我是梦蓝咯(3630797734)]: @2639131152] 我发一些关键词他回复就行
22:50:31 DEBUG [3868978960] [Bridge.Action] get_msg params=message_id=1767932432
22:50:37 DEBUG              [MsgPush.UnknownElement] wire element ignored unknownTag=1 wireType=2 count=1 bytes=34 reason=no schema decoder path=body.richText
22:50:37 DEBUG              [MsgPush.UnknownElement] wire element ignored unknownTag=10 wireType=0 count=1 bytes=1 reason=no schema decoder path=elem.generalFlags
22:50:37 DEBUG              [MsgPush.UnknownElement] wire element ignored unknownTag=12 wireType=0 count=1 bytes=1 reason=no schema decoder path=elem.generalFlags
22:50:37 DEBUG              [MsgPush.UnknownElement] wire element ignored unknownTag=13 wireType=0 count=1 bytes=1 reason=no schema decoder path=elem.generalFlags
22:50:37 DEBUG              [MsgPush.UnknownElement] wire element ignored unknownTag=16 wireType=0 count=1 bytes=1 reason=no schema decoder path=elem.generalFlags
22:50:37 DEBUG              [MsgPush.UnknownElement] wire element ignored unknownTag=17 wireType=0 count=1 bytes=1 reason=no schema decoder path=elem.generalFlags
22:50:37 DEBUG              [MsgPush.UnknownElement] wire element ignored unknownTag=19 wireType=2 count=1 bytes=107 reason=no schema decoder path=elem.generalFlags
22:50:37 DEBUG              [MsgPush.UnknownElement] wire element ignored unknownTag=9 wireType=2 count=1 bytes=8 reason=no schema decoder path=elem
22:50:37 OK    [3868978960] [Event] 群 [NSUK模组-高级用户群(455415527)] | [【仅受理建筑相关】-苏晴晴在此-(2639131152)]: ID:-997258862 比如
22:50:42 DEBUG              [MsgPush.UnknownElement] wire element ignored unknownTag=1 wireType=2 count=1 bytes=33 reason=no schema decoder path=body.richText
22:50:42 DEBUG              [MsgPush.UnknownElement] wire element ignored unknownTag=10 wireType=0 count=1 bytes=1 reason=no schema decoder path=elem.generalFlags
22:50:42 DEBUG              [MsgPush.UnknownElement] wire element ignored unknownTag=12 wireType=0 count=1 bytes=1 reason=no schema decoder path=elem.generalFlags
22:50:42 DEBUG              [MsgPush.UnknownElement] wire element ignored unknownTag=13 wireType=0 count=1 bytes=1 reason=no schema decoder path=elem.generalFlags
22:50:42 DEBUG              [MsgPush.UnknownElement] wire element ignored unknownTag=17 wireType=0 count=1 bytes=1 reason=no schema decoder path=elem.generalFlags
22:50:42 DEBUG              [MsgPush.UnknownElement] wire element ignored unknownTag=19 wireType=2 count=1 bytes=105 reason=no schema decoder path=elem.generalFlags
22:50:42 DEBUG              [MsgPush.UnknownElement] wire element ignored unknownTag=9 wireType=2 count=1 bytes=8 reason=no schema decoder path=elem
22:50:42 OK    [3868978960] [Event] 群 [NSUK模组-高级用户群(455415527)] | [我是梦蓝咯(3630797734)]: ID:-989510287 怎么写啊
22:50:42 DEBUG              [MsgPush.UnknownElement] wire element ignored unknownTag=1 wireType=2 count=1 bytes=34 reason=no schema decoder path=body.richText
22:50:42 DEBUG              [MsgPush.UnknownElement] wire element ignored unknownTag=10 wireType=0 count=1 bytes=1 reason=no schema decoder path=elem.generalFlags
22:50:42 DEBUG              [MsgPush.UnknownElement] wire element ignored unknownTag=12 wireType=0 count=1 bytes=1 reason=no schema decoder path=elem.generalFlags
22:50:42 DEBUG              [MsgPush.UnknownElement] wire element ignored unknownTag=13 wireType=0 count=1 bytes=1 reason=no schema decoder path=elem.generalFlags
22:50:42 DEBUG              [MsgPush.UnknownElement] wire element ignored unknownTag=16 wireType=0 count=1 bytes=1 reason=no schema decoder path=elem.generalFlags
22:50:42 DEBUG              [MsgPush.UnknownElement] wire element ignored unknownTag=17 wireType=0 count=1 bytes=3 reason=no schema decoder path=elem.generalFlags
22:50:42 DEBUG              [MsgPush.UnknownElement] wire element ignored unknownTag=19 wireType=2 count=1 bytes=112 reason=no schema decoder path=elem.generalFlags
22:50:42 DEBUG              [MsgPush.UnknownElement] wire element ignored unknownTag=9 wireType=2 count=1 bytes=7 reason=no schema decoder path=elem
22:50:42 DEBUG              [MsgPush.UnknownElement] wire element ignored unknownTag=11 wireType=0 count=1 bytes=1 reason=no schema decoder path=text.pbReserve
22:50:42 OK    [3868978960] [Event] 群 [NSUK模组-高级用户群(455415527)] | [XiaoLiang小亮(2375505742)]: ID:748044276 @3868978960 你是小亮吗
22:50:47 DEBUG              [MsgPush.UnknownElement] wire element ignored unknownTag=1 wireType=2 count=1 bytes=34 reason=no schema decoder path=body.richText
22:50:47 DEBUG              [MsgPush.UnknownElement] wire element ignored unknownTag=10 wireType=0 count=1 bytes=1 reason=no schema decoder path=elem.generalFlags
22:50:47 DEBUG              [MsgPush.UnknownElement] wire element ignored unknownTag=12 wireType=0 count=1 bytes=1 reason=no schema decoder path=elem.generalFlags
22:50:47 DEBUG              [MsgPush.UnknownElement] wire element ignored unknownTag=13 wireType=0 count=1 bytes=1 reason=no schema decoder path=elem.generalFlags
22:50:47 DEBUG              [MsgPush.UnknownElement] wire element ignored unknownTag=16 wireType=0 count=1 bytes=1 reason=no schema decoder path=elem.generalFlags
22:50:47 DEBUG              [MsgPush.UnknownElement] wire element ignored unknownTag=17 wireType=0 count=1 bytes=1 reason=no schema decoder path=elem.generalFlags
22:50:47 DEBUG              [MsgPush.UnknownElement] wire element ignored unknownTag=19 wireType=2 count=1 bytes=111 reason=no schema decoder path=elem.generalFlags
22:50:47 DEBUG              [MsgPush.UnknownElement] wire element ignored unknownTag=9 wireType=2 count=1 bytes=8 reason=no schema decoder path=elem
22:50:47 OK    [3868978960] [Event] 群 [NSUK模组-高级用户群(455415527)] | [【仅受理建筑相关】-苏晴晴在此-(2639131152)]: ID:-1434261863 我举个例子
22:50:50 DEBUG              [MsgPush.UnknownElement] wire element ignored unknownTag=1 wireType=2 count=1 bytes=34 reason=no schema decoder path=body.richText
22:50:50 DEBUG              [MsgPush.UnknownElement] wire element ignored unknownTag=10 wireType=0 count=1 bytes=1 reason=no schema decoder path=elem.generalFlags
22:50:50 DEBUG              [MsgPush.UnknownElement] wire element ignored unknownTag=12 wireType=0 count=1 bytes=1 reason=no schema decoder path=elem.generalFlags
22:50:50 DEBUG              [MsgPush.UnknownElement] wire element ignored unknownTag=13 wireType=0 count=1 bytes=1 reason=no schema decoder path=elem.generalFlags
22:50:50 DEBUG              [MsgPush.UnknownElement] wire element ignored unknownTag=16 wireType=0 count=1 bytes=1 reason=no schema decoder path=elem.generalFlags
22:50:50 DEBUG              [MsgPush.UnknownElement] wire element ignored unknownTag=17 wireType=0 count=1 bytes=1 reason=no schema decoder path=elem.generalFlags
22:50:50 DEBUG              [MsgPush.UnknownElement] wire element ignored unknownTag=19 wireType=2 count=1 bytes=111 reason=no schema decoder path=elem.generalFlags
22:50:50 DEBUG              [MsgPush.UnknownElement] wire element ignored unknownTag=9 wireType=2 count=1 bytes=8 reason=no schema decoder path=elem
22:50:50 OK    [3868978960] [Event] 群 [NSUK模组-高级用户群(455415527)] | [【仅受理建筑相关】-苏晴晴在此-(2639131152)]: ID:957552927 你们安静一下
22:50:55 DEBUG              [MsgPush.UnknownElement] wire element ignored unknownTag=1 wireType=2 count=1 bytes=34 reason=no schema decoder path=body.richText
22:50:55 DEBUG              [MsgPush.UnknownElement] wire element ignored unknownTag=2 wireType=2 count=1 bytes=21 reason=no schema decoder path=commonElem.msgInfo.msgInfoBody[0].hashSum
22:50:55 DEBUG              [MsgPush.UnknownElement] wire element ignored unknownTag=4 wireType=2 count=1 bytes=3 reason=no schema decoder path=commonElem.msgInfo.extBizInfo
22:50:55 DEBUG              [MsgPush.UnknownElement] wire element ignored unknownTag=3 wireType=0 count=1 bytes=1 reason=no schema decoder path=commonElem.msgInfo.extBizInfo.pic.extData
22:50:55 DEBUG              [MsgPush.UnknownElement] wire element ignored unknownTag=4 wireType=0 count=1 bytes=1 reason=no schema decoder path=commonElem.msgInfo.extBizInfo.pic.extData
22:50:55 DEBUG              [MsgPush.UnknownElement] wire element ignored unknownTag=10 wireType=0 count=1 bytes=1 reason=no schema decoder path=commonElem.msgInfo.extBizInfo.pic.extData
22:50:55 DEBUG              [MsgPush.UnknownElement] wire element ignored unknownTag=12 wireType=2 count=1 bytes=1 reason=no schema decoder path=commonElem.msgInfo.extBizInfo.pic.extData
22:50:55 DEBUG              [MsgPush.UnknownElement] wire element ignored unknownTag=18 wireType=2 count=1 bytes=1 reason=no schema decoder path=commonElem.msgInfo.extBizInfo.pic.extData
22:50:55 DEBUG              [MsgPush.UnknownElement] wire element ignored unknownTag=19 wireType=2 count=1 bytes=1 reason=no schema decoder path=commonElem.msgInfo.extBizInfo.pic.extData
22:50:55 DEBUG              [MsgPush.UnknownElement] wire element ignored unknownTag=21 wireType=2 count=1 bytes=13 reason=no schema decoder path=commonElem.msgInfo.extBizInfo.pic.extData
22:50:55 DEBUG              [MsgPush.UnknownElement] wire element ignored unknownTag=30 wireType=2 count=1 bytes=87 reason=no schema decoder path=commonElem.msgInfo.extBizInfo.pic.extData
22:50:55 DEBUG              [MsgPush.UnknownElement] wire element ignored unknownTag=31 wireType=2 count=1 bytes=33 reason=no schema decoder path=commonElem.msgInfo.extBizInfo.pic.extData
22:50:55 DEBUG              [MsgPush.UnknownElement] wire element ignored unknownTag=34 wireType=0 count=1 bytes=1 reason=no schema decoder path=commonElem.msgInfo.extBizInfo.pic.extData
22:50:55 DEBUG              [MsgPush.UnknownElement] wire element ignored unknownTag=9 wireType=2 count=1 bytes=5 reason=no schema decoder path=elem
22:50:55 DEBUG              [MsgPush.UnknownElement] wire element ignored unknownTag=10 wireType=0 count=1 bytes=1 reason=no schema decoder path=elem.generalFlags
22:50:55 DEBUG              [MsgPush.UnknownElement] wire element ignored unknownTag=12 wireType=0 count=1 bytes=1 reason=no schema decoder path=elem.generalFlags
22:50:55 DEBUG              [MsgPush.UnknownElement] wire element ignored unknownTag=13 wireType=0 count=1 bytes=1 reason=no schema decoder path=elem.generalFlags
22:50:55 DEBUG              [MsgPush.UnknownElement] wire element ignored unknownTag=19 wireType=2 count=1 bytes=104 reason=no schema decoder path=elem.generalFlags
22:50:55 OK    [3868978960] [Event] 群 [NSUK模组-高级用户群(455415527)] | [咖啡Coffee🏳️‍⚧️🍥(1780412693)]: ID:303984353 [图片]
22:51:10 DEBUG              [MsgPush.UnknownElement] wire element ignored unknownTag=1 wireType=2 count=1 bytes=34 reason=no schema decoder path=body.richText
22:51:10 DEBUG              [MsgPush.UnknownElement] wire element ignored unknownTag=10 wireType=0 count=1 bytes=1 reason=no schema decoder path=elem.generalFlags
22:51:10 DEBUG              [MsgPush.UnknownElement] wire element ignored unknownTag=12 wireType=0 count=1 bytes=1 reason=no schema decoder path=elem.generalFlags
22:51:10 DEBUG              [MsgPush.UnknownElement] wire element ignored unknownTag=13 wireType=0 count=1 bytes=1 reason=no schema decoder path=elem.generalFlags
22:51:10 DEBUG              [MsgPush.UnknownElement] wire element ignored unknownTag=16 wireType=0 count=1 bytes=1 reason=no schema decoder path=elem.generalFlags
22:51:10 DEBUG              [MsgPush.UnknownElement] wire element ignored unknownTag=17 wireType=0 count=1 bytes=1 reason=no schema decoder path=elem.generalFlags
22:51:10 DEBUG              [MsgPush.UnknownElement] wire element ignored unknownTag=19 wireType=2 count=1 bytes=108 reason=no schema decoder path=elem.generalFlags
22:51:10 DEBUG              [MsgPush.UnknownElement] wire element ignored unknownTag=9 wireType=2 count=1 bytes=5 reason=no schema decoder path=elem
22:51:10 OK    [3868978960] [Event] 群 [NSUK模组-高级用户群(455415527)] | [咖啡Coffee🏳️‍⚧️🍥(1780412693)]: ID:1941523576 写点.指令
22:51:14 DEBUG              [MsgPush.UnknownElement] wire element ignored unknownTag=1 wireType=2 count=1 bytes=34 reason=no schema decoder path=body.richText
22:51:14 DEBUG              [MsgPush.UnknownElement] wire element ignored unknownTag=10 wireType=0 count=1 bytes=1 reason=no schema decoder path=elem.generalFlags
22:51:14 DEBUG              [MsgPush.UnknownElement] wire element ignored unknownTag=12 wireType=0 count=1 bytes=1 reason=no schema decoder path=elem.generalFlags
22:51:14 DEBUG              [MsgPush.UnknownElement] wire element ignored unknownTag=13 wireType=0 count=1 bytes=1 reason=no schema decoder path=elem.generalFlags
22:51:14 DEBUG              [MsgPush.UnknownElement] wire element ignored unknownTag=16 wireType=0 count=1 bytes=1 reason=no schema decoder path=elem.generalFlags
22:51:14 DEBUG              [MsgPush.UnknownElement] wire element ignored unknownTag=17 wireType=0 count=1 bytes=1 reason=no schema decoder path=elem.generalFlags
22:51:14 DEBUG              [MsgPush.UnknownElement] wire element ignored unknownTag=19 wireType=2 count=1 bytes=110 reason=no schema decoder path=elem.generalFlags
22:51:14 DEBUG              [MsgPush.UnknownElement] wire element ignored unknownTag=9 wireType=2 count=1 bytes=8 reason=no schema decoder path=elem
22:51:14 OK    [3868978960] [Event] 群 [NSUK模组-高级用户群(455415527)] | [【仅受理建筑相关】-苏晴晴在此-(2639131152)]: ID:1480480790 现在我是一个大傻春，我说：我怎么一进来地面上全是这个稻草
22:51:18 DEBUG              [MsgPush.UnknownElement] wire element ignored unknownTag=1 wireType=2 count=1 bytes=34 reason=no schema decoder path=body.richText
22:51:18 DEBUG              [MsgPush.UnknownElement] wire element ignored unknownTag=10 wireType=0 count=1 bytes=1 reason=no schema decoder path=elem.generalFlags
22:51:18 DEBUG              [MsgPush.UnknownElement] wire element ignored unknownTag=12 wireType=0 count=1 bytes=1 reason=no schema decoder path=elem.generalFlags
22:51:18 DEBUG              [MsgPush.UnknownElement] wire element ignored unknownTag=13 wireType=0 count=1 bytes=1 reason=no schema decoder path=elem.generalFlags
22:51:18 DEBUG              [MsgPush.UnknownElement] wire element ignored unknownTag=16 wireType=0 count=1 bytes=1 reason=no schema decoder path=elem.generalFlags
22:51:18 DEBUG              [MsgPush.UnknownElement] wire element ignored unknownTag=17 wireType=0 count=1 bytes=1 reason=no schema decoder path=elem.generalFlags
22:51:18 DEBUG              [MsgPush.UnknownElement] wire element ignored unknownTag=19 wireType=2 count=1 bytes=107 reason=no schema decoder path=elem.generalFlags
22:51:18 DEBUG              [MsgPush.UnknownElement] wire element ignored unknownTag=9 wireType=2 count=1 bytes=8 reason=no schema decoder path=elem
22:51:18 OK    [3868978960] [Event] 群 [NSUK模组-高级用户群(455415527)] | [【仅受理建筑相关】-苏晴晴在此-(2639131152)]: ID:-1180963514 然后我应该这样做
22:51:19 DEBUG              [MsgPush.UnknownElement] wire element ignored unknownTag=1 wireType=2 count=1 bytes=34 reason=no schema decoder path=body.richText
22:51:19 DEBUG              [MsgPush.UnknownElement] wire element ignored unknownTag=10 wireType=0 count=1 bytes=1 reason=no schema decoder path=elem.generalFlags
22:51:19 DEBUG              [MsgPush.UnknownElement] wire element ignored unknownTag=12 wireType=0 count=1 bytes=1 reason=no schema decoder path=elem.generalFlags
22:51:19 DEBUG              [MsgPush.UnknownElement] wire element ignored unknownTag=13 wireType=0 count=1 bytes=1 reason=no schema decoder path=elem.generalFlags
22:51:19 DEBUG              [MsgPush.UnknownElement] wire element ignored unknownTag=17 wireType=0 count=1 bytes=1 reason=no schema decoder path=elem.generalFlags
22:51:19 DEBUG              [MsgPush.UnknownElement] wire element ignored unknownTag=19 wireType=2 count=1 bytes=104 reason=no schema decoder path=elem.generalFlags
22:51:19 DEBUG              [MsgPush.UnknownElement] wire element ignored unknownTag=9 wireType=2 count=1 bytes=8 reason=no schema decoder path=elem
22:51:19 OK    [3868978960] [Event] 群 [NSUK模组-高级用户群(455415527)] | [我是梦蓝咯(3630797734)]: ID:-2070046279 那我举个桃子
22:51:22 DEBUG              [MsgPush.UnknownElement] wire element ignored unknownTag=1 wireType=2 count=1 bytes=34 reason=no schema decoder path=body.richText
22:51:22 DEBUG              [MsgPush.UnknownElement] wire element ignored unknownTag=10 wireType=0 count=1 bytes=1 reason=no schema decoder path=elem.generalFlags
22:51:22 DEBUG              [MsgPush.UnknownElement] wire element ignored unknownTag=12 wireType=0 count=1 bytes=1 reason=no schema decoder path=elem.generalFlags
22:51:22 DEBUG              [MsgPush.UnknownElement] wire element ignored unknownTag=13 wireType=0 count=1 bytes=1 reason=no schema decoder path=elem.generalFlags
22:51:22 DEBUG              [MsgPush.UnknownElement] wire element ignored unknownTag=16 wireType=0 count=1 bytes=1 reason=no schema decoder path=elem.generalFlags
22:51:22 DEBUG              [MsgPush.UnknownElement] wire element ignored unknownTag=17 wireType=0 count=1 bytes=1 reason=no schema decoder path=elem.generalFlags
22:51:22 DEBUG              [MsgPush.UnknownElement] wire element ignored unknownTag=19 wireType=2 count=1 bytes=108 reason=no schema decoder path=elem.generalFlags
22:51:22 DEBUG              [MsgPush.UnknownElement] wire element ignored unknownTag=9 wireType=2 count=1 bytes=8 reason=no schema decoder path=elem
22:51:22 DEBUG              [MsgPush.UnknownElement] wire element ignored unknownTag=11 wireType=0 count=1 bytes=1 reason=no schema decoder path=text.pbReserve
22:51:22 OK    [3868978960] [Event] 群 [NSUK模组-高级用户群(455415527)] | [【仅受理建筑相关】-苏晴晴在此-(2639131152)]: ID:-2044543958 [回复 [【仅受理建筑相关】-苏晴晴在此-(2639131152)]: 现在我是一个大傻春，我说：我怎么一进来地面上全是这个稻草] /整合包
22:51:22 DEBUG [3868978960] [Bridge.Action] get_msg params=message_id=1480480790
22:51:22 DEBUG [3868978960] [Bridge.Action] send_group_msg params=group_id=455415527 message=[len=1]
22:51:23 DEBUG              [MsgPush.UnknownElement] wire element ignored unknownTag=1 wireType=2 count=1 bytes=34 reason=no schema decoder path=body.richText
22:51:23 DEBUG              [MsgPush.UnknownElement] wire element ignored unknownTag=9 wireType=2 count=1 bytes=5 reason=no schema decoder path=elem
22:51:23 DEBUG              [MsgPush.UnknownElement] wire element ignored unknownTag=10 wireType=0 count=1 bytes=1 reason=no schema decoder path=elem.generalFlags
22:51:23 DEBUG              [MsgPush.UnknownElement] wire element ignored unknownTag=12 wireType=0 count=1 bytes=1 reason=no schema decoder path=elem.generalFlags
22:51:23 DEBUG              [MsgPush.UnknownElement] wire element ignored unknownTag=13 wireType=0 count=1 bytes=1 reason=no schema decoder path=elem.generalFlags
22:51:23 DEBUG              [MsgPush.UnknownElement] wire element ignored unknownTag=19 wireType=2 count=1 bytes=93 reason=no schema decoder path=elem.generalFlags
22:51:23 OK    [3868978960] [Event] [自身] 群 [NSUK模组-高级用户群(455415527)] | [机器人测试账号(3868978960)]: ID:1786144697 管理命令仅管理员可用。
22:51:23 INFO               [OneBot] 群聊 455415527 | 发送：管理命令仅管理员可用。
22:51:39 DEBUG              [MsgPush.UnknownElement] wire element ignored unknownTag=1 wireType=2 count=1 bytes=34 reason=no schema decoder path=body.richText
22:51:39 DEBUG              [MsgPush.UnknownElement] wire element ignored unknownTag=10 wireType=0 count=1 bytes=1 reason=no schema decoder path=elem.generalFlags
22:51:39 DEBUG              [MsgPush.UnknownElement] wire element ignored unknownTag=12 wireType=0 count=1 bytes=1 reason=no schema decoder path=elem.generalFlags
22:51:39 DEBUG              [MsgPush.UnknownElement] wire element ignored unknownTag=13 wireType=0 count=1 bytes=1 reason=no schema decoder path=elem.generalFlags
22:51:39 DEBUG              [MsgPush.UnknownElement] wire element ignored unknownTag=16 wireType=0 count=1 bytes=1 reason=no schema decoder path=elem.generalFlags
22:51:39 DEBUG              [MsgPush.UnknownElement] wire element ignored unknownTag=17 wireType=0 count=1 bytes=1 reason=no schema decoder path=elem.generalFlags
22:51:39 DEBUG              [MsgPush.UnknownElement] wire element ignored unknownTag=19 wireType=2 count=1 bytes=115 reason=no schema decoder path=elem.generalFlags
22:51:39 DEBUG              [MsgPush.UnknownElement] wire element ignored unknownTag=9 wireType=2 count=1 bytes=5 reason=no schema decoder path=elem
22:51:39 DEBUG              [MsgPush.UnknownElement] wire element ignored unknownTag=2 wireType=2 count=1 bytes=21 reason=no schema decoder path=commonElem.msgInfo.msgInfoBody[0].hashSum
22:51:39 DEBUG              [MsgPush.UnknownElement] wire element ignored unknownTag=3 wireType=0 count=1 bytes=1 reason=no schema decoder path=commonElem.msgInfo.extBizInfo.pic.extData
22:51:39 DEBUG              [MsgPush.UnknownElement] wire element ignored unknownTag=4 wireType=0 count=1 bytes=1 reason=no schema decoder path=commonElem.msgInfo.extBizInfo.pic.extData
22:51:39 DEBUG              [MsgPush.UnknownElement] wire element ignored unknownTag=10 wireType=0 count=1 bytes=1 reason=no schema decoder path=commonElem.msgInfo.extBizInfo.pic.extData
22:51:39 DEBUG              [MsgPush.UnknownElement] wire element ignored unknownTag=12 wireType=2 count=1 bytes=1 reason=no schema decoder path=commonElem.msgInfo.extBizInfo.pic.extData
22:51:39 DEBUG              [MsgPush.UnknownElement] wire element ignored unknownTag=18 wireType=2 count=1 bytes=1 reason=no schema decoder path=commonElem.msgInfo.extBizInfo.pic.extData
22:51:39 DEBUG              [MsgPush.UnknownElement] wire element ignored unknownTag=19 wireType=2 count=1 bytes=1 reason=no schema decoder path=commonElem.msgInfo.extBizInfo.pic.extData
22:51:39 DEBUG              [MsgPush.UnknownElement] wire element ignored unknownTag=21 wireType=2 count=1 bytes=13 reason=no schema decoder path=commonElem.msgInfo.extBizInfo.pic.extData
22:51:39 DEBUG              [MsgPush.UnknownElement] wire element ignored unknownTag=30 wireType=2 count=1 bytes=87 reason=no schema decoder path=commonElem.msgInfo.extBizInfo.pic.extData
22:51:39 DEBUG              [MsgPush.UnknownElement] wire element ignored unknownTag=31 wireType=2 count=1 bytes=33 reason=no schema decoder path=commonElem.msgInfo.extBizInfo.pic.extData
22:51:39 DEBUG              [MsgPush.UnknownElement] wire element ignored unknownTag=34 wireType=0 count=1 bytes=1 reason=no schema decoder path=commonElem.msgInfo.extBizInfo.pic.extData
22:51:39 OK    [3868978960] [Event] 群 [NSUK模组-高级用户群(455415527)] | [丿angles灬神(2407939408)]: ID:1003901689 [图片]
22:51:41 DEBUG              [MsgPush.UnknownElement] wire element ignored unknownTag=1 wireType=2 count=1 bytes=34 reason=no schema decoder path=body.richText
22:51:41 DEBUG              [MsgPush.UnknownElement] wire element ignored unknownTag=10 wireType=0 count=1 bytes=1 reason=no schema decoder path=elem.generalFlags
22:51:41 DEBUG              [MsgPush.UnknownElement] wire element ignored unknownTag=12 wireType=0 count=1 bytes=1 reason=no schema decoder path=elem.generalFlags
22:51:41 DEBUG              [MsgPush.UnknownElement] wire element ignored unknownTag=13 wireType=0 count=1 bytes=1 reason=no schema decoder path=elem.generalFlags
22:51:41 DEBUG              [MsgPush.UnknownElement] wire element ignored unknownTag=17 wireType=0 count=1 bytes=1 reason=no schema decoder path=elem.generalFlags
22:51:41 DEBUG              [MsgPush.UnknownElement] wire element ignored unknownTag=19 wireType=2 count=1 bytes=105 reason=no schema decoder path=elem.generalFlags
22:51:41 DEBUG              [MsgPush.UnknownElement] wire element ignored unknownTag=9 wireType=2 count=1 bytes=8 reason=no schema decoder path=elem
22:51:41 OK    [3868978960] [Event] 群 [NSUK模组-高级用户群(455415527)] | [我是梦蓝咯(3630797734)]: ID:-982890053 绷不住了
22:51:43 DEBUG              [MsgPush.UnknownElement] wire element ignored unknownTag=1 wireType=2 count=1 bytes=34 reason=no schema decoder path=body.richText
22:51:43 DEBUG              [MsgPush.UnknownElement] wire element ignored unknownTag=10 wireType=0 count=1 bytes=1 reason=no schema decoder path=elem.generalFlags
22:51:43 DEBUG              [MsgPush.UnknownElement] wire element ignored unknownTag=12 wireType=0 count=1 bytes=1 reason=no schema decoder path=elem.generalFlags
22:51:43 DEBUG              [MsgPush.UnknownElement] wire element ignored unknownTag=13 wireType=0 count=1 bytes=1 reason=no schema decoder path=elem.generalFlags
22:51:43 DEBUG              [MsgPush.UnknownElement] wire element ignored unknownTag=16 wireType=0 count=1 bytes=1 reason=no schema decoder path=elem.generalFlags
22:51:43 DEBUG              [MsgPush.UnknownElement] wire element ignored unknownTag=17 wireType=0 count=1 bytes=1 reason=no schema decoder path=elem.generalFlags
22:51:43 DEBUG              [MsgPush.UnknownElement] wire element ignored unknownTag=19 wireType=2 count=1 bytes=111 reason=no schema decoder path=elem.generalFlags
22:51:43 DEBUG              [MsgPush.UnknownElement] wire element ignored unknownTag=9 wireType=2 count=1 bytes=8 reason=no schema decoder path=elem
22:51:43 OK    [3868978960] [Event] 群 [NSUK模组-高级用户群(455415527)] | [【仅受理建筑相关】-苏晴晴在此-(2639131152)]: ID:-1712680131 然后机器人应该回复：整合包xxxxx，请到以下群组反馈：
xxxxxxxx
22:51:43 DEBUG [3868978960] [Bridge.Action] send_group_msg params=group_id=455415527 message=[len=1]
22:51:44 INFO               [OneBot] 群聊 455415527 | 发送：关于梨小达
22:51:44 DEBUG              [MsgPush.UnknownElement] wire element ignored unknownTag=1 wireType=2 count=1 bytes=34 reason=no schema decoder path=body.richText
22:51:44 DEBUG              [MsgPush.UnknownElement] wire element ignored unknownTag=9 wireType=2 count=1 bytes=5 reason=no schema decoder path=elem
22:51:44 DEBUG              [MsgPush.UnknownElement] wire element ignored unknownTag=10 wireType=0 count=1 bytes=1 reason=no schema decoder path=elem.generalFlags
22:51:44 DEBUG              [MsgPush.UnknownElement] wire element ignored unknownTag=12 wireType=0 count=1 bytes=1 reason=no schema decoder path=elem.generalFlags
22:51:44 DEBUG              [MsgPush.UnknownElement] wire element ignored unknownTag=13 wireType=0 count=1 bytes=1 reason=no schema decoder path=elem.generalFlags
22:51:44 DEBUG              [MsgPush.UnknownElement] wire element ignored unknownTag=19 wireType=2 count=1 bytes=94 reason=no schema decoder path=elem.generalFlags
22:51:44 OK    [3868978960] [Event] [自身] 群 [NSUK模组-高级用户群(455415527)] | [机器人测试账号(3868978960)]: ID:561275454 关于梨小达
22:51:58 DEBUG              [MsgPush.UnknownElement] wire element ignored unknownTag=1 wireType=2 count=1 bytes=33 reason=no schema decoder path=body.richText
22:51:58 DEBUG              [MsgPush.UnknownElement] wire element ignored unknownTag=10 wireType=0 count=1 bytes=1 reason=no schema decoder path=elem.generalFlags
22:51:58 DEBUG              [MsgPush.UnknownElement] wire element ignored unknownTag=12 wireType=0 count=1 bytes=1 reason=no schema decoder path=elem.generalFlags
22:51:58 DEBUG              [MsgPush.UnknownElement] wire element ignored unknownTag=13 wireType=0 count=1 bytes=1 reason=no schema decoder path=elem.generalFlags
22:51:58 DEBUG              [MsgPush.UnknownElement] wire element ignored unknownTag=16 wireType=0 count=1 bytes=1 reason=no schema decoder path=elem.generalFlags
22:51:58 DEBUG              [MsgPush.UnknownElement] wire element ignored unknownTag=17 wireType=0 count=1 bytes=1 reason=no schema decoder path=elem.generalFlags
22:51:58 DEBUG              [MsgPush.UnknownElement] wire element ignored unknownTag=19 wireType=2 count=1 bytes=110 reason=no schema decoder path=elem.generalFlags
22:51:58 DEBUG              [MsgPush.UnknownElement] wire element ignored unknownTag=9 wireType=2 count=1 bytes=8 reason=no schema decoder path=elem
22:51:58 OK    [3868978960] [Event] 群 [NSUK模组-高级用户群(455415527)] | [【仅受理建筑相关】-苏晴晴在此-(2639131152)]: ID:1063229294 不要做文字匹配
22:52:05 DEBUG              [MsgPush.UnknownElement] wire element ignored unknownTag=1 wireType=2 count=1 bytes=34 reason=no schema decoder path=body.richText
22:52:05 DEBUG              [MsgPush.UnknownElement] wire element ignored unknownTag=10 wireType=0 count=1 bytes=1 reason=no schema decoder path=elem.generalFlags
22:52:05 DEBUG              [MsgPush.UnknownElement] wire element ignored unknownTag=12 wireType=0 count=1 bytes=1 reason=no schema decoder path=elem.generalFlags
22:52:05 DEBUG              [MsgPush.UnknownElement] wire element ignored unknownTag=13 wireType=0 count=1 bytes=1 reason=no schema decoder path=elem.generalFlags
22:52:05 DEBUG              [MsgPush.UnknownElement] wire element ignored unknownTag=16 wireType=0 count=1 bytes=1 reason=no schema decoder path=elem.generalFlags
22:52:05 DEBUG              [MsgPush.UnknownElement] wire element ignored unknownTag=17 wireType=0 count=1 bytes=1 reason=no schema decoder path=elem.generalFlags
22:52:05 DEBUG              [MsgPush.UnknownElement] wire element ignored unknownTag=19 wireType=2 count=1 bytes=107 reason=no schema decoder path=elem.generalFlags
22:52:05 DEBUG              [MsgPush.UnknownElement] wire element ignored unknownTag=9 wireType=2 count=1 bytes=8 reason=no schema decoder path=elem
22:52:05 OK    [3868978960] [Event] 群 [NSUK模组-高级用户群(455415527)] | [【仅受理建筑相关】-苏晴晴在此-(2639131152)]: ID:-278960854 只有输指令才响应
22:52:10 DEBUG              [MsgPush.UnknownElement] wire element ignored unknownTag=1 wireType=2 count=1 bytes=33 reason=no schema decoder path=body.richText
22:52:10 DEBUG              [MsgPush.UnknownElement] wire element ignored unknownTag=10 wireType=0 count=1 bytes=1 reason=no schema decoder path=elem.generalFlags
22:52:10 DEBUG              [MsgPush.UnknownElement] wire element ignored unknownTag=12 wireType=0 count=1 bytes=1 reason=no schema decoder path=elem.generalFlags
22:52:10 DEBUG              [MsgPush.UnknownElement] wire element ignored unknownTag=13 wireType=0 count=1 bytes=1 reason=no schema decoder path=elem.generalFlags
22:52:10 DEBUG              [MsgPush.UnknownElement] wire element ignored unknownTag=16 wireType=0 count=1 bytes=1 reason=no schema decoder path=elem.generalFlags
22:52:10 DEBUG              [MsgPush.UnknownElement] wire element ignored unknownTag=17 wireType=0 count=1 bytes=1 reason=no schema decoder path=elem.generalFlags
22:52:10 DEBUG              [MsgPush.UnknownElement] wire element ignored unknownTag=19 wireType=2 count=1 bytes=110 reason=no schema decoder path=elem.generalFlags
22:52:10 DEBUG              [MsgPush.UnknownElement] wire element ignored unknownTag=9 wireType=2 count=1 bytes=8 reason=no schema decoder path=elem
22:52:10 OK    [3868978960] [Event] 群 [NSUK模组-高级用户群(455415527)] | [【仅受理建筑相关】-苏晴晴在此-(2639131152)]: ID:943517475 要不然会误触发
22:52:31 DEBUG              [MsgPush.UnknownElement] wire element ignored unknownTag=1 wireType=2 count=1 bytes=34 reason=no schema decoder path=body.richText
22:52:31 DEBUG              [MsgPush.UnknownElement] wire element ignored unknownTag=10 wireType=0 count=1 bytes=1 reason=no schema decoder path=elem.generalFlags
22:52:31 DEBUG              [MsgPush.UnknownElement] wire element ignored unknownTag=12 wireType=0 count=1 bytes=1 reason=no schema decoder path=elem.generalFlags
22:52:31 DEBUG              [MsgPush.UnknownElement] wire element ignored unknownTag=13 wireType=0 count=1 bytes=1 reason=no schema decoder path=elem.generalFlags
22:52:31 DEBUG              [MsgPush.UnknownElement] wire element ignored unknownTag=16 wireType=0 count=1 bytes=1 reason=no schema decoder path=elem.generalFlags
22:52:31 DEBUG              [MsgPush.UnknownElement] wire element ignored unknownTag=17 wireType=0 count=1 bytes=1 reason=no schema decoder path=elem.generalFlags
22:52:31 DEBUG              [MsgPush.UnknownElement] wire element ignored unknownTag=19 wireType=2 count=1 bytes=108 reason=no schema decoder path=elem.generalFlags
22:52:31 DEBUG              [MsgPush.UnknownElement] wire element ignored unknownTag=9 wireType=2 count=1 bytes=8 reason=no schema decoder path=elem
22:52:31 DEBUG              [MsgPush.UnknownElement] wire element ignored unknownTag=11 wireType=0 count=1 bytes=1 reason=no schema decoder path=text.pbReserve
22:52:31 OK    [3868978960] [Event] 群 [NSUK模组-高级用户群(455415527)] | [【仅受理建筑相关】-苏晴晴在此-(2639131152)]: ID:-1845920448 [回复 [【仅受理建筑相关】-苏晴晴在此-(2639131152)]: 然后机器人应该回复：整合包xxxxx，请到以下群组反馈：
x...] 这里注意一下，机器人应该再次回复我调用它的时候引用的消息
22:52:31 DEBUG [3868978960] [Bridge.Action] get_msg params=message_id=-1712680131
22:53:06 DEBUG              [MsgPush.UnknownElement] wire element ignored unknownTag=1 wireType=2 count=1 bytes=34 reason=no schema decoder path=body.richText
22:53:06 DEBUG              [MsgPush.UnknownElement] wire element ignored unknownTag=9 wireType=2 count=1 bytes=8 reason=no schema decoder path=elem
22:53:06 DEBUG              [MsgPush.UnknownElement] wire element ignored unknownTag=10 wireType=0 count=1 bytes=1 reason=no schema decoder path=elem.generalFlags
22:53:06 DEBUG              [MsgPush.UnknownElement] wire element ignored unknownTag=12 wireType=0 count=1 bytes=1 reason=no schema decoder path=elem.generalFlags
22:53:06 DEBUG              [MsgPush.UnknownElement] wire element ignored unknownTag=13 wireType=0 count=1 bytes=1 reason=no schema decoder path=elem.generalFlags
22:53:06 DEBUG              [MsgPush.UnknownElement] wire element ignored unknownTag=19 wireType=2 count=1 bytes=98 reason=no schema decoder path=elem.generalFlags
22:53:06 OK    [3868978960] [Event] 群 [NSUK模组-高级用户群(455415527)] | [【仅受理建筑相关】-苏晴晴在此-(2639131152)]: ID:-463140605 [聊天记录]
22:53:09 DEBUG              [MsgPush.UnknownElement] wire element ignored unknownTag=1 wireType=2 count=1 bytes=34 reason=no schema decoder path=body.richText
22:53:09 DEBUG              [MsgPush.UnknownElement] wire element ignored unknownTag=10 wireType=0 count=1 bytes=1 reason=no schema decoder path=elem.generalFlags
22:53:09 DEBUG              [MsgPush.UnknownElement] wire element ignored unknownTag=12 wireType=0 count=1 bytes=1 reason=no schema decoder path=elem.generalFlags
22:53:09 DEBUG              [MsgPush.UnknownElement] wire element ignored unknownTag=13 wireType=0 count=1 bytes=1 reason=no schema decoder path=elem.generalFlags
22:53:09 DEBUG              [MsgPush.UnknownElement] wire element ignored unknownTag=16 wireType=0 count=1 bytes=1 reason=no schema decoder path=elem.generalFlags
22:53:09 DEBUG              [MsgPush.UnknownElement] wire element ignored unknownTag=17 wireType=0 count=1 bytes=1 reason=no schema decoder path=elem.generalFlags
22:53:09 DEBUG              [MsgPush.UnknownElement] wire element ignored unknownTag=19 wireType=2 count=1 bytes=107 reason=no schema decoder path=elem.generalFlags
22:53:09 DEBUG              [MsgPush.UnknownElement] wire element ignored unknownTag=9 wireType=2 count=1 bytes=8 reason=no schema decoder path=elem
22:53:09 OK    [3868978960] [Event] 群 [NSUK模组-高级用户群(455415527)] | [【仅受理建筑相关】-苏晴晴在此-(2639131152)]: ID:-621816938 类似于这种
22:53:27 DEBUG              [MsgPush.UnknownElement] wire element ignored unknownTag=1 wireType=2 count=1 bytes=34 reason=no schema decoder path=body.richText
22:53:27 DEBUG              [MsgPush.UnknownElement] wire element ignored unknownTag=10 wireType=0 count=1 bytes=1 reason=no schema decoder path=elem.generalFlags
22:53:27 DEBUG              [MsgPush.UnknownElement] wire element ignored unknownTag=12 wireType=0 count=1 bytes=1 reason=no schema decoder path=elem.generalFlags
22:53:27 DEBUG              [MsgPush.UnknownElement] wire element ignored unknownTag=13 wireType=0 count=1 bytes=1 reason=no schema decoder path=elem.generalFlags
22:53:27 DEBUG              [MsgPush.UnknownElement] wire element ignored unknownTag=16 wireType=0 count=1 bytes=1 reason=no schema decoder path=elem.generalFlags
22:53:27 DEBUG              [MsgPush.UnknownElement] wire element ignored unknownTag=17 wireType=0 count=1 bytes=1 reason=no schema decoder path=elem.generalFlags
22:53:27 DEBUG              [MsgPush.UnknownElement] wire element ignored unknownTag=19 wireType=2 count=1 bytes=107 reason=no schema decoder path=elem.generalFlags
22:53:27 DEBUG              [MsgPush.UnknownElement] wire element ignored unknownTag=9 wireType=2 count=1 bytes=8 reason=no schema decoder path=elem
22:53:27 OK    [3868978960] [Event] 群 [NSUK模组-高级用户群(455415527)] | [【仅受理建筑相关】-苏晴晴在此-(2639131152)]: ID:-72070513 1：1复刻这样的使用功能就行
22:54:21 DEBUG              [MsgPush.UnknownElement] wire element ignored unknownTag=1 wireType=2 count=1 bytes=33 reason=no schema decoder path=body.richText
22:54:21 DEBUG              [MsgPush.UnknownElement] wire element ignored unknownTag=10 wireType=0 count=1 bytes=1 reason=no schema decoder path=elem.generalFlags
22:54:21 DEBUG              [MsgPush.UnknownElement] wire element ignored unknownTag=12 wireType=0 count=1 bytes=1 reason=no schema decoder path=elem.generalFlags
22:54:21 DEBUG              [MsgPush.UnknownElement] wire element ignored unknownTag=13 wireType=0 count=1 bytes=1 reason=no schema decoder path=elem.generalFlags
22:54:21 DEBUG              [MsgPush.UnknownElement] wire element ignored unknownTag=17 wireType=0 count=1 bytes=1 reason=no schema decoder path=elem.generalFlags
22:54:21 DEBUG              [MsgPush.UnknownElement] wire element ignored unknownTag=19 wireType=2 count=1 bytes=104 reason=no schema decoder path=elem.generalFlags
22:54:21 DEBUG              [MsgPush.UnknownElement] wire element ignored unknownTag=9 wireType=2 count=1 bytes=8 reason=no schema decoder path=elem
22:54:21 OK    [3868978960] [Event] 群 [NSUK模组-高级用户群(455415527)] | [我是梦蓝咯(3630797734)]: ID:1729265212 /咖啡
22:54:21 DEBUG [3868978960] [Bridge.Action] send_group_msg params=group_id=455415527 message=[len=1]
22:54:21 INFO               [OneBot] 群聊 455415527 | 发送：你触发了一个斜杠指令！
22:54:21 DEBUG              [MsgPush.UnknownElement] wire element ignored unknownTag=1 wireType=2 count=1 bytes=34 reason=no schema decoder path=body.richText
22:54:21 DEBUG              [MsgPush.UnknownElement] wire element ignored unknownTag=9 wireType=2 count=1 bytes=5 reason=no schema decoder path=elem
22:54:21 DEBUG              [MsgPush.UnknownElement] wire element ignored unknownTag=10 wireType=0 count=1 bytes=1 reason=no schema decoder path=elem.generalFlags
22:54:21 DEBUG              [MsgPush.UnknownElement] wire element ignored unknownTag=12 wireType=0 count=1 bytes=1 reason=no schema decoder path=elem.generalFlags
22:54:21 DEBUG              [MsgPush.UnknownElement] wire element ignored unknownTag=13 wireType=0 count=1 bytes=1 reason=no schema decoder path=elem.generalFlags
22:54:21 DEBUG              [MsgPush.UnknownElement] wire element ignored unknownTag=19 wireType=2 count=1 bytes=93 reason=no schema decoder path=elem.generalFlags
22:54:21 OK    [3868978960] [Event] [自身] 群 [NSUK模组-高级用户群(455415527)] | [机器人测试账号(3868978960)]: ID:-620853855 你触发了一个斜杠指令！
22:54:31 DEBUG              [MsgPush.UnknownElement] wire element ignored unknownTag=1 wireType=2 count=1 bytes=34 reason=no schema decoder path=body.richText
22:54:31 DEBUG              [MsgPush.UnknownElement] wire element ignored unknownTag=10 wireType=0 count=1 bytes=1 reason=no schema decoder path=elem.generalFlags
22:54:31 DEBUG              [MsgPush.UnknownElement] wire element ignored unknownTag=12 wireType=0 count=1 bytes=1 reason=no schema decoder path=elem.generalFlags
22:54:31 DEBUG              [MsgPush.UnknownElement] wire element ignored unknownTag=13 wireType=0 count=1 bytes=1 reason=no schema decoder path=elem.generalFlags
22:54:31 DEBUG              [MsgPush.UnknownElement] wire element ignored unknownTag=17 wireType=0 count=1 bytes=1 reason=no schema decoder path=elem.generalFlags
22:54:31 DEBUG              [MsgPush.UnknownElement] wire element ignored unknownTag=19 wireType=2 count=1 bytes=104 reason=no schema decoder path=elem.generalFlags
22:54:31 DEBUG              [MsgPush.UnknownElement] wire element ignored unknownTag=9 wireType=2 count=1 bytes=8 reason=no schema decoder path=elem
22:54:31 DEBUG              [MsgPush.UnknownElement] wire element ignored unknownTag=11 wireType=0 count=1 bytes=1 reason=no schema decoder path=text.pbReserve
22:54:31 OK    [3868978960] [Event] 群 [NSUK模组-高级用户群(455415527)] | [我是梦蓝咯(3630797734)]: ID:2002094904 @2639131152 这种?
22:54:31 DEBUG [3868978960] [Bridge.Action] get_group_member_info params=group_id=455415527 user_id=2639131152
22:54:50 DEBUG              [MsgPush.UnknownElement] wire element ignored unknownTag=1 wireType=2 count=1 bytes=33 reason=no schema decoder path=body.richText
22:54:50 DEBUG              [MsgPush.UnknownElement] wire element ignored unknownTag=10 wireType=0 count=1 bytes=1 reason=no schema decoder path=elem.generalFlags
22:54:50 DEBUG              [MsgPush.UnknownElement] wire element ignored unknownTag=12 wireType=0 count=1 bytes=1 reason=no schema decoder path=elem.generalFlags
22:54:50 DEBUG              [MsgPush.UnknownElement] wire element ignored unknownTag=13 wireType=0 count=1 bytes=1 reason=no schema decoder path=elem.generalFlags
22:54:50 DEBUG              [MsgPush.UnknownElement] wire element ignored unknownTag=16 wireType=0 count=1 bytes=1 reason=no schema decoder path=elem.generalFlags
22:54:50 DEBUG              [MsgPush.UnknownElement] wire element ignored unknownTag=17 wireType=0 count=1 bytes=1 reason=no schema decoder path=elem.generalFlags
22:54:50 DEBUG              [MsgPush.UnknownElement] wire element ignored unknownTag=19 wireType=2 count=1 bytes=110 reason=no schema decoder path=elem.generalFlags
22:54:50 DEBUG              [MsgPush.UnknownElement] wire element ignored unknownTag=9 wireType=2 count=1 bytes=8 reason=no schema decoder path=elem
22:54:50 DEBUG              [MsgPush.UnknownElement] wire element ignored unknownTag=11 wireType=0 count=1 bytes=1 reason=no schema decoder path=text.pbReserve
22:54:50 OK    [3868978960] [Event] 群 [NSUK模组-高级用户群(455415527)] | [【仅受理建筑相关】-苏晴晴在此-(2639131152)]: ID:1437871123 [回复 [【仅受理建筑相关】-苏晴晴在此-(2639131152)]: [聊天记录]] 1：1复刻这个体验就行
22:54:50 DEBUG [3868978960] [Bridge.Action] get_msg params=message_id=-463140605
22:54:55 DEBUG              [MsgPush.UnknownElement] wire element ignored unknownTag=1 wireType=2 count=1 bytes=33 reason=no schema decoder path=body.richText
22:54:55 DEBUG              [MsgPush.UnknownElement] wire element ignored unknownTag=10 wireType=0 count=1 bytes=1 reason=no schema decoder path=elem.generalFlags
22:54:55 DEBUG              [MsgPush.UnknownElement] wire element ignored unknownTag=12 wireType=0 count=1 bytes=1 reason=no schema decoder path=elem.generalFlags
22:54:55 DEBUG              [MsgPush.UnknownElement] wire element ignored unknownTag=13 wireType=0 count=1 bytes=1 reason=no schema decoder path=elem.generalFlags
22:54:55 DEBUG              [MsgPush.UnknownElement] wire element ignored unknownTag=16 wireType=0 count=1 bytes=1 reason=no schema decoder path=elem.generalFlags
22:54:55 DEBUG              [MsgPush.UnknownElement] wire element ignored unknownTag=17 wireType=0 count=1 bytes=1 reason=no schema decoder path=elem.generalFlags
22:54:55 DEBUG              [MsgPush.UnknownElement] wire element ignored unknownTag=19 wireType=2 count=1 bytes=112 reason=no schema decoder path=elem.generalFlags
22:54:55 DEBUG              [MsgPush.UnknownElement] wire element ignored unknownTag=9 wireType=2 count=1 bytes=5 reason=no schema decoder path=elem
22:54:55 DEBUG              [MsgPush.UnknownElement] wire element ignored unknownTag=11 wireType=0 count=1 bytes=1 reason=no schema decoder path=text.pbReserve
22:54:55 OK    [3868978960] [Event] 群 [NSUK模组-高级用户群(455415527)] | [咖啡Coffee🏳️‍⚧️🍥(1780412693)]: ID:-804648635 @3630797734 [空消息]
22:54:55 DEBUG [3868978960] [Bridge.Action] get_group_member_info params=group_id=455415527 user_id=3630797734
22:54:57 DEBUG              [MsgPush.UnknownElement] wire element ignored unknownTag=1 wireType=2 count=1 bytes=34 reason=no schema decoder path=body.richText
22:54:57 DEBUG              [MsgPush.UnknownElement] wire element ignored unknownTag=2 wireType=2 count=1 bytes=21 reason=no schema decoder path=commonElem.msgInfo.msgInfoBody[0].hashSum
22:54:57 DEBUG              [MsgPush.UnknownElement] wire element ignored unknownTag=4 wireType=2 count=1 bytes=3 reason=no schema decoder path=commonElem.msgInfo.extBizInfo
22:54:57 DEBUG              [MsgPush.UnknownElement] wire element ignored unknownTag=3 wireType=0 count=1 bytes=1 reason=no schema decoder path=commonElem.msgInfo.extBizInfo.pic.extData
22:54:57 DEBUG              [MsgPush.UnknownElement] wire element ignored unknownTag=4 wireType=0 count=1 bytes=1 reason=no schema decoder path=commonElem.msgInfo.extBizInfo.pic.extData
22:54:57 DEBUG              [MsgPush.UnknownElement] wire element ignored unknownTag=10 wireType=0 count=1 bytes=1 reason=no schema decoder path=commonElem.msgInfo.extBizInfo.pic.extData
22:54:57 DEBUG              [MsgPush.UnknownElement] wire element ignored unknownTag=12 wireType=2 count=1 bytes=1 reason=no schema decoder path=commonElem.msgInfo.extBizInfo.pic.extData
22:54:57 DEBUG              [MsgPush.UnknownElement] wire element ignored unknownTag=18 wireType=2 count=1 bytes=1 reason=no schema decoder path=commonElem.msgInfo.extBizInfo.pic.extData
22:54:57 DEBUG              [MsgPush.UnknownElement] wire element ignored unknownTag=19 wireType=2 count=1 bytes=1 reason=no schema decoder path=commonElem.msgInfo.extBizInfo.pic.extData
22:54:57 DEBUG              [MsgPush.UnknownElement] wire element ignored unknownTag=21 wireType=2 count=1 bytes=13 reason=no schema decoder path=commonElem.msgInfo.extBizInfo.pic.extData
22:54:57 DEBUG              [MsgPush.UnknownElement] wire element ignored unknownTag=30 wireType=2 count=1 bytes=87 reason=no schema decoder path=commonElem.msgInfo.extBizInfo.pic.extData
22:54:57 DEBUG              [MsgPush.UnknownElement] wire element ignored unknownTag=31 wireType=2 count=1 bytes=33 reason=no schema decoder path=commonElem.msgInfo.extBizInfo.pic.extData
22:54:57 DEBUG              [MsgPush.UnknownElement] wire element ignored unknownTag=34 wireType=0 count=1 bytes=1 reason=no schema decoder path=commonElem.msgInfo.extBizInfo.pic.extData
22:54:57 DEBUG              [MsgPush.UnknownElement] wire element ignored unknownTag=9 wireType=2 count=1 bytes=5 reason=no schema decoder path=elem
22:54:57 DEBUG              [MsgPush.UnknownElement] wire element ignored unknownTag=10 wireType=0 count=1 bytes=1 reason=no schema decoder path=elem.generalFlags
22:54:57 DEBUG              [MsgPush.UnknownElement] wire element ignored unknownTag=12 wireType=0 count=1 bytes=1 reason=no schema decoder path=elem.generalFlags
22:54:57 DEBUG              [MsgPush.UnknownElement] wire element ignored unknownTag=13 wireType=0 count=1 bytes=1 reason=no schema decoder path=elem.generalFlags
22:54:57 DEBUG              [MsgPush.UnknownElement] wire element ignored unknownTag=19 wireType=2 count=1 bytes=105 reason=no schema decoder path=elem.generalFlags
22:54:57 OK    [3868978960] [Event] 群 [NSUK模组-高级用户群(455415527)] | [咖啡Coffee🏳️‍⚧️🍥(1780412693)]: ID:-948391470 [图片]
22:55:10 DEBUG              [MsgPush.UnknownElement] wire element ignored unknownTag=1 wireType=2 count=1 bytes=34 reason=no schema decoder path=body.richText
22:55:10 DEBUG              [MsgPush.UnknownElement] wire element ignored unknownTag=10 wireType=0 count=1 bytes=1 reason=no schema decoder path=elem.generalFlags
22:55:10 DEBUG              [MsgPush.UnknownElement] wire element ignored unknownTag=12 wireType=0 count=1 bytes=1 reason=no schema decoder path=elem.generalFlags
22:55:10 DEBUG              [MsgPush.UnknownElement] wire element ignored unknownTag=13 wireType=0 count=1 bytes=1 reason=no schema decoder path=elem.generalFlags
22:55:10 DEBUG              [MsgPush.UnknownElement] wire element ignored unknownTag=16 wireType=0 count=1 bytes=1 reason=no schema decoder path=elem.generalFlags
22:55:10 DEBUG              [MsgPush.UnknownElement] wire element ignored unknownTag=17 wireType=0 count=1 bytes=1 reason=no schema decoder path=elem.generalFlags
22:55:10 DEBUG              [MsgPush.UnknownElement] wire element ignored unknownTag=19 wireType=2 count=1 bytes=112 reason=no schema decoder path=elem.generalFlags
22:55:10 DEBUG              [MsgPush.UnknownElement] wire element ignored unknownTag=9 wireType=2 count=1 bytes=5 reason=no schema decoder path=elem
22:55:10 OK    [3868978960] [Event] 群 [NSUK模组-高级用户群(455415527)] | [咖啡Coffee🏳️‍⚧️🍥(1780412693)]: ID:1483363826 打开你的梯子
22:55:23 DEBUG              [MsgPush.UnknownElement] wire element ignored unknownTag=1 wireType=2 count=1 bytes=34 reason=no schema decoder path=body.richText
22:55:23 DEBUG              [MsgPush.UnknownElement] wire element ignored unknownTag=10 wireType=0 count=1 bytes=1 reason=no schema decoder path=elem.generalFlags
22:55:23 DEBUG              [MsgPush.UnknownElement] wire element ignored unknownTag=12 wireType=0 count=1 bytes=1 reason=no schema decoder path=elem.generalFlags
22:55:23 DEBUG              [MsgPush.UnknownElement] wire element ignored unknownTag=13 wireType=0 count=1 bytes=1 reason=no schema decoder path=elem.generalFlags
22:55:23 DEBUG              [MsgPush.UnknownElement] wire element ignored unknownTag=16 wireType=0 count=1 bytes=1 reason=no schema decoder path=elem.generalFlags
22:55:23 DEBUG              [MsgPush.UnknownElement] wire element ignored unknownTag=17 wireType=0 count=1 bytes=1 reason=no schema decoder path=elem.generalFlags
22:55:23 DEBUG              [MsgPush.UnknownElement] wire element ignored unknownTag=19 wireType=2 count=1 bytes=112 reason=no schema decoder path=elem.generalFlags
22:55:23 DEBUG              [MsgPush.UnknownElement] wire element ignored unknownTag=9 wireType=2 count=1 bytes=5 reason=no schema decoder path=elem
22:55:23 OK    [3868978960] [Event] 群 [NSUK模组-高级用户群(455415527)] | [咖啡Coffee🏳️‍⚧️🍥(1780412693)]: ID:1416089870 然后打开你的grok.com
22:55:46 DEBUG              [MsgPush.UnknownElement] wire element ignored unknownTag=1 wireType=2 count=1 bytes=34 reason=no schema decoder path=body.richText
22:55:46 DEBUG              [MsgPush.UnknownElement] wire element ignored unknownTag=10 wireType=0 count=1 bytes=1 reason=no schema decoder path=elem.generalFlags
22:55:46 DEBUG              [MsgPush.UnknownElement] wire element ignored unknownTag=12 wireType=0 count=1 bytes=1 reason=no schema decoder path=elem.generalFlags
22:55:46 DEBUG              [MsgPush.UnknownElement] wire element ignored unknownTag=13 wireType=0 count=1 bytes=1 reason=no schema decoder path=elem.generalFlags
22:55:46 DEBUG              [MsgPush.UnknownElement] wire element ignored unknownTag=16 wireType=0 count=1 bytes=1 reason=no schema decoder path=elem.generalFlags
22:55:46 DEBUG              [MsgPush.UnknownElement] wire element ignored unknownTag=17 wireType=0 count=1 bytes=1 reason=no schema decoder path=elem.generalFlags
22:55:46 DEBUG              [MsgPush.UnknownElement] wire element ignored unknownTag=19 wireType=2 count=1 bytes=111 reason=no schema decoder path=elem.generalFlags
22:55:46 DEBUG              [MsgPush.UnknownElement] wire element ignored unknownTag=9 wireType=2 count=1 bytes=5 reason=no schema decoder path=elem
22:55:46 OK    [3868978960] [Event] 群 [NSUK模组-高级用户群(455415527)] | [咖啡Coffee🏳️‍⚧️🍥(1780412693)]: ID:1568972321 然后打开你的VS Code，搜一个叫OpenGrok Plugins的插件
22:55:54 DEBUG              [MsgPush.UnknownElement] wire element ignored unknownTag=1 wireType=2 count=1 bytes=34 reason=no schema decoder path=body.richText
22:55:54 DEBUG              [MsgPush.UnknownElement] wire element ignored unknownTag=10 wireType=0 count=1 bytes=1 reason=no schema decoder path=elem.generalFlags
22:55:54 DEBUG              [MsgPush.UnknownElement] wire element ignored unknownTag=12 wireType=0 count=1 bytes=1 reason=no schema decoder path=elem.generalFlags
22:55:54 DEBUG              [MsgPush.UnknownElement] wire element ignored unknownTag=13 wireType=0 count=1 bytes=1 reason=no schema decoder path=elem.generalFlags
22:55:54 DEBUG              [MsgPush.UnknownElement] wire element ignored unknownTag=16 wireType=0 count=1 bytes=1 reason=no schema decoder path=elem.generalFlags
22:55:54 DEBUG              [MsgPush.UnknownElement] wire element ignored unknownTag=17 wireType=0 count=1 bytes=1 reason=no schema decoder path=elem.generalFlags
22:55:54 DEBUG              [MsgPush.UnknownElement] wire element ignored unknownTag=19 wireType=2 count=1 bytes=109 reason=no schema decoder path=elem.generalFlags
22:55:54 DEBUG              [MsgPush.UnknownElement] wire element ignored unknownTag=9 wireType=2 count=1 bytes=5 reason=no schema decoder path=elem
22:55:54 OK    [3868978960] [Event] 群 [NSUK模组-高级用户群(455415527)] | [咖啡Coffee🏳️‍⚧️🍥(1780412693)]: ID:1270616183 或者用Grok Build
22:56:02 DEBUG              [MsgPush.UnknownElement] wire element ignored unknownTag=1 wireType=2 count=1 bytes=34 reason=no schema decoder path=body.richText
22:56:02 DEBUG              [MsgPush.UnknownElement] wire element ignored unknownTag=10 wireType=0 count=1 bytes=1 reason=no schema decoder path=elem.generalFlags
22:56:02 DEBUG              [MsgPush.UnknownElement] wire element ignored unknownTag=12 wireType=0 count=1 bytes=1 reason=no schema decoder path=elem.generalFlags
22:56:02 DEBUG              [MsgPush.UnknownElement] wire element ignored unknownTag=13 wireType=0 count=1 bytes=1 reason=no schema decoder path=elem.generalFlags
22:56:02 DEBUG              [MsgPush.UnknownElement] wire element ignored unknownTag=16 wireType=0 count=1 bytes=1 reason=no schema decoder path=elem.generalFlags
22:56:02 DEBUG              [MsgPush.UnknownElement] wire element ignored unknownTag=17 wireType=0 count=1 bytes=1 reason=no schema decoder path=elem.generalFlags
22:56:02 DEBUG              [MsgPush.UnknownElement] wire element ignored unknownTag=19 wireType=2 count=1 bytes=112 reason=no schema decoder path=elem.generalFlags
22:56:02 DEBUG              [MsgPush.UnknownElement] wire element ignored unknownTag=9 wireType=2 count=1 bytes=5 reason=no schema decoder path=elem
22:56:02 OK    [3868978960] [Event] 群 [NSUK模组-高级用户群(455415527)] | [咖啡Coffee🏳️‍⚧️🍥(1780412693)]: ID:-1738283577 或者用OpenGrok客户端
22:56:06 DEBUG              [MsgPush.UnknownElement] wire element ignored unknownTag=1 wireType=2 count=1 bytes=34 reason=no schema decoder path=body.richText
22:56:06 DEBUG              [MsgPush.UnknownElement] wire element ignored unknownTag=10 wireType=0 count=1 bytes=1 reason=no schema decoder path=elem.generalFlags
22:56:06 DEBUG              [MsgPush.UnknownElement] wire element ignored unknownTag=12 wireType=0 count=1 bytes=1 reason=no schema decoder path=elem.generalFlags
22:56:06 DEBUG              [MsgPush.UnknownElement] wire element ignored unknownTag=13 wireType=0 count=1 bytes=1 reason=no schema decoder path=elem.generalFlags
22:56:06 DEBUG              [MsgPush.UnknownElement] wire element ignored unknownTag=16 wireType=0 count=1 bytes=1 reason=no schema decoder path=elem.generalFlags
22:56:06 DEBUG              [MsgPush.UnknownElement] wire element ignored unknownTag=17 wireType=0 count=1 bytes=1 reason=no schema decoder path=elem.generalFlags
22:56:06 DEBUG              [MsgPush.UnknownElement] wire element ignored unknownTag=19 wireType=2 count=1 bytes=109 reason=no schema decoder path=elem.generalFlags
22:56:06 DEBUG              [MsgPush.UnknownElement] wire element ignored unknownTag=9 wireType=2 count=1 bytes=5 reason=no schema decoder path=elem
22:56:06 DEBUG              [MsgPush.UnknownElement] wire element ignored unknownTag=11 wireType=0 count=1 bytes=1 reason=no schema decoder path=text.pbReserve
22:56:06 OK    [3868978960] [Event] 群 [NSUK模组-高级用户群(455415527)] | [咖啡Coffee🏳️‍⚧️🍥(1780412693)]: ID:594095560 [回复 [咖啡Coffee🏳️‍⚧️🍥(1780412693)]: 或者用OpenGrok客户端] 这个最稳定
22:56:06 DEBUG [3868978960] [Bridge.Action] get_msg params=message_id=-1738283577
22:56:09 DEBUG              [MsgPush.UnknownElement] wire element ignored unknownTag=1 wireType=2 count=1 bytes=34 reason=no schema decoder path=body.richText
22:56:09 DEBUG              [MsgPush.UnknownElement] wire element ignored unknownTag=2 wireType=2 count=1 bytes=21 reason=no schema decoder path=commonElem.msgInfo.msgInfoBody[0].hashSum
22:56:09 DEBUG              [MsgPush.UnknownElement] wire element ignored unknownTag=4 wireType=2 count=1 bytes=3 reason=no schema decoder path=commonElem.msgInfo.extBizInfo
22:56:09 DEBUG              [MsgPush.UnknownElement] wire element ignored unknownTag=3 wireType=0 count=1 bytes=1 reason=no schema decoder path=commonElem.msgInfo.extBizInfo.pic.extData
22:56:09 DEBUG              [MsgPush.UnknownElement] wire element ignored unknownTag=4 wireType=0 count=1 bytes=1 reason=no schema decoder path=commonElem.msgInfo.extBizInfo.pic.extData
22:56:09 DEBUG              [MsgPush.UnknownElement] wire element ignored unknownTag=10 wireType=0 count=1 bytes=1 reason=no schema decoder path=commonElem.msgInfo.extBizInfo.pic.extData
22:56:09 DEBUG              [MsgPush.UnknownElement] wire element ignored unknownTag=12 wireType=2 count=1 bytes=1 reason=no schema decoder path=commonElem.msgInfo.extBizInfo.pic.extData
22:56:09 DEBUG              [MsgPush.UnknownElement] wire element ignored unknownTag=18 wireType=2 count=1 bytes=1 reason=no schema decoder path=commonElem.msgInfo.extBizInfo.pic.extData
22:56:09 DEBUG              [MsgPush.UnknownElement] wire element ignored unknownTag=19 wireType=2 count=1 bytes=1 reason=no schema decoder path=commonElem.msgInfo.extBizInfo.pic.extData
22:56:09 DEBUG              [MsgPush.UnknownElement] wire element ignored unknownTag=21 wireType=2 count=1 bytes=13 reason=no schema decoder path=commonElem.msgInfo.extBizInfo.pic.extData
22:56:09 DEBUG              [MsgPush.UnknownElement] wire element ignored unknownTag=30 wireType=2 count=1 bytes=87 reason=no schema decoder path=commonElem.msgInfo.extBizInfo.pic.extData
22:56:09 DEBUG              [MsgPush.UnknownElement] wire element ignored unknownTag=31 wireType=2 count=1 bytes=33 reason=no schema decoder path=commonElem.msgInfo.extBizInfo.pic.extData
22:56:09 DEBUG              [MsgPush.UnknownElement] wire element ignored unknownTag=34 wireType=0 count=1 bytes=1 reason=no schema decoder path=commonElem.msgInfo.extBizInfo.pic.extData
22:56:09 DEBUG              [MsgPush.UnknownElement] wire element ignored unknownTag=9 wireType=2 count=1 bytes=5 reason=no schema decoder path=elem
22:56:09 DEBUG              [MsgPush.UnknownElement] wire element ignored unknownTag=10 wireType=0 count=1 bytes=1 reason=no schema decoder path=elem.generalFlags
22:56:09 DEBUG              [MsgPush.UnknownElement] wire element ignored unknownTag=12 wireType=0 count=1 bytes=1 reason=no schema decoder path=elem.generalFlags
22:56:09 DEBUG              [MsgPush.UnknownElement] wire element ignored unknownTag=13 wireType=0 count=1 bytes=1 reason=no schema decoder path=elem.generalFlags
22:56:09 DEBUG              [MsgPush.UnknownElement] wire element ignored unknownTag=19 wireType=2 count=1 bytes=102 reason=no schema decoder path=elem.generalFlags
22:56:09 OK    [3868978960] [Event] 群 [NSUK模组-高级用户群(455415527)] | [咖啡Coffee🏳️‍⚧️🍥(1780412693)]: ID:-754724258 [图片]
22:56:18 DEBUG              [MsgPush.UnknownElement] wire element ignored unknownTag=1 wireType=2 count=1 bytes=34 reason=no schema decoder path=body.richText
22:56:18 DEBUG              [MsgPush.UnknownElement] wire element ignored unknownTag=10 wireType=0 count=1 bytes=1 reason=no schema decoder path=elem.generalFlags
22:56:18 DEBUG              [MsgPush.UnknownElement] wire element ignored unknownTag=12 wireType=0 count=1 bytes=1 reason=no schema decoder path=elem.generalFlags
22:56:18 DEBUG              [MsgPush.UnknownElement] wire element ignored unknownTag=13 wireType=0 count=1 bytes=1 reason=no schema decoder path=elem.generalFlags
22:56:18 DEBUG              [MsgPush.UnknownElement] wire element ignored unknownTag=16 wireType=0 count=1 bytes=1 reason=no schema decoder path=elem.generalFlags
22:56:18 DEBUG              [MsgPush.UnknownElement] wire element ignored unknownTag=17 wireType=0 count=1 bytes=1 reason=no schema decoder path=elem.generalFlags
22:56:18 DEBUG              [MsgPush.UnknownElement] wire element ignored unknownTag=19 wireType=2 count=1 bytes=108 reason=no schema decoder path=elem.generalFlags
22:56:18 DEBUG              [MsgPush.UnknownElement] wire element ignored unknownTag=9 wireType=2 count=1 bytes=5 reason=no schema decoder path=elem
22:56:18 OK    [3868978960] [Event] 群 [NSUK模组-高级用户群(455415527)] | [咖啡Coffee🏳️‍⚧️🍥(1780412693)]: ID:876093072 明天又要修bug咯
22:56:28 DEBUG              [MsgPush.UnknownElement] wire element ignored unknownTag=1 wireType=2 count=1 bytes=34 reason=no schema decoder path=body.richText
22:56:28 DEBUG              [MsgPush.UnknownElement] wire element ignored unknownTag=10 wireType=0 count=1 bytes=1 reason=no schema decoder path=elem.generalFlags
22:56:28 DEBUG              [MsgPush.UnknownElement] wire element ignored unknownTag=12 wireType=0 count=1 bytes=1 reason=no schema decoder path=elem.generalFlags
22:56:28 DEBUG              [MsgPush.UnknownElement] wire element ignored unknownTag=13 wireType=0 count=1 bytes=1 reason=no schema decoder path=elem.generalFlags
22:56:28 DEBUG              [MsgPush.UnknownElement] wire element ignored unknownTag=16 wireType=0 count=1 bytes=1 reason=no schema decoder path=elem.generalFlags
22:56:28 DEBUG              [MsgPush.UnknownElement] wire element ignored unknownTag=17 wireType=0 count=1 bytes=1 reason=no schema decoder path=elem.generalFlags
22:56:28 DEBUG              [MsgPush.UnknownElement] wire element ignored unknownTag=19 wireType=2 count=1 bytes=112 reason=no schema decoder path=elem.generalFlags
22:56:28 DEBUG              [MsgPush.UnknownElement] wire element ignored unknownTag=9 wireType=2 count=1 bytes=5 reason=no schema decoder path=elem
22:56:28 OK    [3868978960] [Event] 群 [NSUK模组-高级用户群(455415527)] | [咖啡Coffee🏳️‍⚧️🍥(1780412693)]: ID:-1660517509 4.7出来以后出了一堆傻逼bug
22:57:02 WARN  [3868978960] [OneBot.WS-Server] [ws-default] socket error: read ECONNRESET
22:57:18 DEBUG [3868978960] [Bridge.Action] get_login_info params=
22:57:18 DEBUG [3868978960] [Bridge.Action] fetch_custom_face_detail params=count=100
23:05:22 DEBUG              [MsgPush.UnknownElement] wire element ignored unknownTag=1 wireType=2 count=1 bytes=34 reason=no schema decoder path=body.richText
23:05:22 DEBUG              [MsgPush.UnknownElement] wire element ignored unknownTag=10 wireType=0 count=1 bytes=1 reason=no schema decoder path=elem.generalFlags
23:05:22 DEBUG              [MsgPush.UnknownElement] wire element ignored unknownTag=12 wireType=0 count=1 bytes=1 reason=no schema decoder path=elem.generalFlags
23:05:22 DEBUG              [MsgPush.UnknownElement] wire element ignored unknownTag=13 wireType=0 count=1 bytes=1 reason=no schema decoder path=elem.generalFlags
23:05:22 DEBUG              [MsgPush.UnknownElement] wire element ignored unknownTag=17 wireType=0 count=1 bytes=1 reason=no schema decoder path=elem.generalFlags
23:05:22 DEBUG              [MsgPush.UnknownElement] wire element ignored unknownTag=19 wireType=2 count=1 bytes=107 reason=no schema decoder path=elem.generalFlags
23:05:22 DEBUG              [MsgPush.UnknownElement] wire element ignored unknownTag=9 wireType=2 count=1 bytes=8 reason=no schema decoder path=elem
23:05:22 DEBUG              [MsgPush.UnknownElement] wire element ignored unknownTag=11 wireType=0 count=1 bytes=1 reason=no schema decoder path=text.pbReserve
23:05:22 OK    [3868978960] [Event] 群 [NSUK模组-高级用户群(455415527)] | [我是梦蓝咯(3630797734)]: ID:1111958109 @1780412693 桌面版在哪下
23:05:22 DEBUG [3868978960] [Bridge.Action] get_group_member_info params=group_id=455415527 user_id=1780412693
23:05:26 DEBUG              [MsgPush.UnknownElement] wire element ignored unknownTag=1 wireType=2 count=1 bytes=34 reason=no schema decoder path=body.richText
23:05:26 DEBUG              [MsgPush.UnknownElement] wire element ignored unknownTag=10 wireType=0 count=1 bytes=1 reason=no schema decoder path=elem.generalFlags
23:05:26 DEBUG              [MsgPush.UnknownElement] wire element ignored unknownTag=12 wireType=0 count=1 bytes=1 reason=no schema decoder path=elem.generalFlags
23:05:26 DEBUG              [MsgPush.UnknownElement] wire element ignored unknownTag=13 wireType=0 count=1 bytes=1 reason=no schema decoder path=elem.generalFlags
23:05:26 DEBUG              [MsgPush.UnknownElement] wire element ignored unknownTag=17 wireType=0 count=1 bytes=1 reason=no schema decoder path=elem.generalFlags
23:05:26 DEBUG              [MsgPush.UnknownElement] wire element ignored unknownTag=19 wireType=2 count=1 bytes=105 reason=no schema decoder path=elem.generalFlags
23:05:26 DEBUG              [MsgPush.UnknownElement] wire element ignored unknownTag=9 wireType=2 count=1 bytes=8 reason=no schema decoder path=elem
23:05:26 OK    [3868978960] [Event] 群 [NSUK模组-高级用户群(455415527)] | [我是梦蓝咯(3630797734)]: ID:872152737 没看到D
23:05:38 DEBUG              [MsgPush.UnknownElement] wire element ignored unknownTag=1 wireType=2 count=1 bytes=34 reason=no schema decoder path=body.richText
23:05:38 DEBUG              [MsgPush.UnknownElement] wire element ignored unknownTag=10 wireType=0 count=1 bytes=1 reason=no schema decoder path=elem.generalFlags
23:05:38 DEBUG              [MsgPush.UnknownElement] wire element ignored unknownTag=12 wireType=0 count=1 bytes=1 reason=no schema decoder path=elem.generalFlags
23:05:38 DEBUG              [MsgPush.UnknownElement] wire element ignored unknownTag=13 wireType=0 count=1 bytes=1 reason=no schema decoder path=elem.generalFlags
23:05:38 DEBUG              [MsgPush.UnknownElement] wire element ignored unknownTag=17 wireType=0 count=1 bytes=1 reason=no schema decoder path=elem.generalFlags
23:05:38 DEBUG              [MsgPush.UnknownElement] wire element ignored unknownTag=19 wireType=2 count=1 bytes=105 reason=no schema decoder path=elem.generalFlags
23:05:38 DEBUG              [MsgPush.UnknownElement] wire element ignored unknownTag=9 wireType=2 count=1 bytes=6 reason=no schema decoder path=elem
23:05:38 DEBUG              [MsgPush.UnknownElement] wire element ignored unknownTag=2 wireType=2 count=1 bytes=21 reason=no schema decoder path=commonElem.msgInfo.msgInfoBody[0].hashSum
23:05:38 DEBUG              [MsgPush.UnknownElement] wire element ignored unknownTag=4 wireType=2 count=1 bytes=3 reason=no schema decoder path=commonElem.msgInfo.extBizInfo
23:05:38 DEBUG              [MsgPush.UnknownElement] wire element ignored unknownTag=1 wireType=2 count=1 bytes=34 reason=no schema decoder path=body.richText
23:05:38 DEBUG              [MsgPush.UnknownElement] wire element ignored unknownTag=10 wireType=0 count=1 bytes=1 reason=no schema decoder path=elem.generalFlags
23:05:38 DEBUG              [MsgPush.UnknownElement] wire element ignored unknownTag=12 wireType=0 count=1 bytes=1 reason=no schema decoder path=elem.generalFlags
23:05:38 DEBUG              [MsgPush.UnknownElement] wire element ignored unknownTag=13 wireType=0 count=1 bytes=1 reason=no schema decoder path=elem.generalFlags
23:05:38 DEBUG              [MsgPush.UnknownElement] wire element ignored unknownTag=16 wireType=0 count=1 bytes=1 reason=no schema decoder path=elem.generalFlags
23:05:38 DEBUG              [MsgPush.UnknownElement] wire element ignored unknownTag=17 wireType=0 count=1 bytes=1 reason=no schema decoder path=elem.generalFlags
23:05:38 DEBUG              [MsgPush.UnknownElement] wire element ignored unknownTag=19 wireType=2 count=1 bytes=111 reason=no schema decoder path=elem.generalFlags
23:05:38 DEBUG              [MsgPush.UnknownElement] wire element ignored unknownTag=9 wireType=2 count=1 bytes=5 reason=no schema decoder path=elem
23:05:38 OK    [3868978960] [Event] 群 [NSUK模组-高级用户群(455415527)] | [咖啡Coffee🏳️‍⚧️🍥(1780412693)]: ID:-1386132091 open-grok.cn
23:05:38 OK    [3868978960] [Event] 群 [NSUK模组-高级用户群(455415527)] | [我是梦蓝咯(3630797734)]: ID:819794802 [图片]
23:07:16 DEBUG              [MsgPush.UnknownElement] wire element ignored unknownTag=1 wireType=2 count=1 bytes=34 reason=no schema decoder path=body.richText
23:07:16 DEBUG              [MsgPush.UnknownElement] wire element ignored unknownTag=10 wireType=0 count=1 bytes=1 reason=no schema decoder path=elem.generalFlags
23:07:16 DEBUG              [MsgPush.UnknownElement] wire element ignored unknownTag=12 wireType=0 count=1 bytes=1 reason=no schema decoder path=elem.generalFlags
23:07:16 DEBUG              [MsgPush.UnknownElement] wire element ignored unknownTag=13 wireType=0 count=1 bytes=1 reason=no schema decoder path=elem.generalFlags
23:07:16 DEBUG              [MsgPush.UnknownElement] wire element ignored unknownTag=17 wireType=0 count=1 bytes=1 reason=no schema decoder path=elem.generalFlags
23:07:16 DEBUG              [MsgPush.UnknownElement] wire element ignored unknownTag=19 wireType=2 count=1 bytes=108 reason=no schema decoder path=elem.generalFlags
23:07:16 DEBUG              [MsgPush.UnknownElement] wire element ignored unknownTag=9 wireType=2 count=1 bytes=8 reason=no schema decoder path=elem
23:07:16 OK    [3868978960] [Event] 群 [NSUK模组-高级用户群(455415527)] | [我是梦蓝咯(3630797734)]: ID:-870631293 /pcl21
23:07:33 DEBUG              [MsgPush.UnknownElement] wire element ignored unknownTag=1 wireType=2 count=1 bytes=34 reason=no schema decoder path=body.richText
23:07:33 DEBUG              [MsgPush.UnknownElement] wire element ignored unknownTag=10 wireType=0 count=1 bytes=1 reason=no schema decoder path=elem.generalFlags
23:07:33 DEBUG              [MsgPush.UnknownElement] wire element ignored unknownTag=12 wireType=0 count=1 bytes=1 reason=no schema decoder path=elem.generalFlags
23:07:33 DEBUG              [MsgPush.UnknownElement] wire element ignored unknownTag=13 wireType=0 count=1 bytes=1 reason=no schema decoder path=elem.generalFlags
23:07:33 DEBUG              [MsgPush.UnknownElement] wire element ignored unknownTag=17 wireType=0 count=1 bytes=1 reason=no schema decoder path=elem.generalFlags
23:07:33 DEBUG              [MsgPush.UnknownElement] wire element ignored unknownTag=19 wireType=2 count=1 bytes=108 reason=no schema decoder path=elem.generalFlags
23:07:33 DEBUG              [MsgPush.UnknownElement] wire element ignored unknownTag=9 wireType=2 count=1 bytes=8 reason=no schema decoder path=elem
23:07:33 OK    [3868978960] [Event] 群 [NSUK模组-高级用户群(455415527)] | [我是梦蓝咯(3630797734)]: ID:1628816512 /pcl21
23:07:33 DEBUG [3868978960] [Bridge.Action] send_group_msg params=group_id=455415527 message=[len=1]
23:07:33 INFO               [OneBot] 群聊 455415527 | 发送：@我是梦蓝咯你触发了一个斜杠指令！
23:07:33 DEBUG              [MsgPush.UnknownElement] wire element ignored unknownTag=1 wireType=2 count=1 bytes=34 reason=no schema decoder path=body.richText
23:07:33 DEBUG              [MsgPush.UnknownElement] wire element ignored unknownTag=9 wireType=2 count=1 bytes=5 reason=no schema decoder path=elem
23:07:33 DEBUG              [MsgPush.UnknownElement] wire element ignored unknownTag=10 wireType=0 count=1 bytes=1 reason=no schema decoder path=elem.generalFlags
23:07:33 DEBUG              [MsgPush.UnknownElement] wire element ignored unknownTag=12 wireType=0 count=1 bytes=1 reason=no schema decoder path=elem.generalFlags
23:07:33 DEBUG              [MsgPush.UnknownElement] wire element ignored unknownTag=13 wireType=0 count=1 bytes=1 reason=no schema decoder path=elem.generalFlags
23:07:33 DEBUG              [MsgPush.UnknownElement] wire element ignored unknownTag=19 wireType=2 count=1 bytes=94 reason=no schema decoder path=elem.generalFlags
23:07:33 OK    [3868978960] [Event] [自身] 群 [NSUK模组-高级用户群(455415527)] | [机器人测试账号(3868978960)]: ID:949446525 @我是梦蓝咯你触发了一个斜杠指令！
23:07:38 DEBUG              [MsgPush.UnknownElement] wire element ignored unknownTag=1 wireType=2 count=1 bytes=34 reason=no schema decoder path=body.richText
23:07:38 DEBUG              [MsgPush.UnknownElement] wire element ignored unknownTag=10 wireType=0 count=1 bytes=1 reason=no schema decoder path=elem.generalFlags
23:07:38 DEBUG              [MsgPush.UnknownElement] wire element ignored unknownTag=12 wireType=0 count=1 bytes=1 reason=no schema decoder path=elem.generalFlags
23:07:38 DEBUG              [MsgPush.UnknownElement] wire element ignored unknownTag=13 wireType=0 count=1 bytes=1 reason=no schema decoder path=elem.generalFlags
23:07:38 DEBUG              [MsgPush.UnknownElement] wire element ignored unknownTag=16 wireType=0 count=1 bytes=1 reason=no schema decoder path=elem.generalFlags
23:07:38 DEBUG              [MsgPush.UnknownElement] wire element ignored unknownTag=17 wireType=0 count=1 bytes=1 reason=no schema decoder path=elem.generalFlags
23:07:38 DEBUG              [MsgPush.UnknownElement] wire element ignored unknownTag=19 wireType=2 count=1 bytes=110 reason=no schema decoder path=elem.generalFlags
23:07:38 DEBUG              [MsgPush.UnknownElement] wire element ignored unknownTag=9 wireType=2 count=1 bytes=8 reason=no schema decoder path=elem
23:07:38 DEBUG              [MsgPush.UnknownElement] wire element ignored unknownTag=11 wireType=0 count=1 bytes=1 reason=no schema decoder path=text.pbReserve
23:07:38 OK    [3868978960] [Event] 群 [NSUK模组-高级用户群(455415527)] | [【仅受理建筑相关】-苏晴晴在此-(2639131152)]: ID:-316367534 [回复 [我是梦蓝咯(3630797734)]: /pcl21] /pcl21
23:07:38 DEBUG [3868978960] [Bridge.Action] get_msg params=message_id=1628816512
23:07:38 DEBUG [3868978960] [Bridge.Action] send_group_msg params=group_id=455415527 message=[len=1]
23:07:39 DEBUG              [MsgPush.UnknownElement] wire element ignored unknownTag=1 wireType=2 count=1 bytes=33 reason=no schema decoder path=body.richText
23:07:39 DEBUG              [MsgPush.UnknownElement] wire element ignored unknownTag=10 wireType=0 count=1 bytes=1 reason=no schema decoder path=elem.generalFlags
23:07:39 DEBUG              [MsgPush.UnknownElement] wire element ignored unknownTag=12 wireType=0 count=1 bytes=1 reason=no schema decoder path=elem.generalFlags
23:07:39 DEBUG              [MsgPush.UnknownElement] wire element ignored unknownTag=13 wireType=0 count=1 bytes=1 reason=no schema decoder path=elem.generalFlags
23:07:39 DEBUG              [MsgPush.UnknownElement] wire element ignored unknownTag=17 wireType=0 count=1 bytes=1 reason=no schema decoder path=elem.generalFlags
23:07:39 DEBUG              [MsgPush.UnknownElement] wire element ignored unknownTag=19 wireType=2 count=1 bytes=108 reason=no schema decoder path=elem.generalFlags
23:07:39 DEBUG              [MsgPush.UnknownElement] wire element ignored unknownTag=9 wireType=2 count=1 bytes=8 reason=no schema decoder path=elem
23:07:39 OK    [3868978960] [Event] 群 [NSUK模组-高级用户群(455415527)] | [我是梦蓝咯(3630797734)]: ID:586650364 /pcl21
23:07:39 INFO               [OneBot] 群聊 455415527 | 发送：管理命令仅管理员可用。
23:07:39 DEBUG              [MsgPush.UnknownElement] wire element ignored unknownTag=1 wireType=2 count=1 bytes=34 reason=no schema decoder path=body.richText
23:07:39 DEBUG              [MsgPush.UnknownElement] wire element ignored unknownTag=9 wireType=2 count=1 bytes=5 reason=no schema decoder path=elem
23:07:39 DEBUG              [MsgPush.UnknownElement] wire element ignored unknownTag=10 wireType=0 count=1 bytes=1 reason=no schema decoder path=elem.generalFlags
23:07:39 DEBUG              [MsgPush.UnknownElement] wire element ignored unknownTag=12 wireType=0 count=1 bytes=1 reason=no schema decoder path=elem.generalFlags
23:07:39 DEBUG              [MsgPush.UnknownElement] wire element ignored unknownTag=13 wireType=0 count=1 bytes=1 reason=no schema decoder path=elem.generalFlags
23:07:39 DEBUG              [MsgPush.UnknownElement] wire element ignored unknownTag=19 wireType=2 count=1 bytes=93 reason=no schema decoder path=elem.generalFlags
23:07:39 OK    [3868978960] [Event] [自身] 群 [NSUK模组-高级用户群(455415527)] | [机器人测试账号(3868978960)]: ID:1909067097 管理命令仅管理员可用。
23:07:39 DEBUG [3868978960] [Bridge.Action] send_group_msg params=group_id=455415527 message=[len=1]
23:07:40 INFO               [OneBot] 群聊 455415527 | 发送：@我是梦蓝咯你触发了一个斜杠指令！
23:07:40 DEBUG              [MsgPush.UnknownElement] wire element ignored unknownTag=1 wireType=2 count=1 bytes=33 reason=no schema decoder path=body.richText
23:07:40 DEBUG              [MsgPush.UnknownElement] wire element ignored unknownTag=9 wireType=2 count=1 bytes=5 reason=no schema decoder path=elem
23:07:40 DEBUG              [MsgPush.UnknownElement] wire element ignored unknownTag=10 wireType=0 count=1 bytes=1 reason=no schema decoder path=elem.generalFlags
23:07:40 DEBUG              [MsgPush.UnknownElement] wire element ignored unknownTag=12 wireType=0 count=1 bytes=1 reason=no schema decoder path=elem.generalFlags
23:07:40 DEBUG              [MsgPush.UnknownElement] wire element ignored unknownTag=13 wireType=0 count=1 bytes=1 reason=no schema decoder path=elem.generalFlags
23:07:40 DEBUG              [MsgPush.UnknownElement] wire element ignored unknownTag=19 wireType=2 count=1 bytes=94 reason=no schema decoder path=elem.generalFlags
23:07:40 OK    [3868978960] [Event] [自身] 群 [NSUK模组-高级用户群(455415527)] | [机器人测试账号(3868978960)]: ID:1088320102 @我是梦蓝咯你触发了一个斜杠指令！
23:07:50 DEBUG              [MsgPush.UnknownElement] wire element ignored unknownTag=1 wireType=2 count=1 bytes=34 reason=no schema decoder path=body.richText
23:07:50 DEBUG              [MsgPush.UnknownElement] wire element ignored unknownTag=10 wireType=0 count=1 bytes=1 reason=no schema decoder path=elem.generalFlags
23:07:50 DEBUG              [MsgPush.UnknownElement] wire element ignored unknownTag=12 wireType=0 count=1 bytes=1 reason=no schema decoder path=elem.generalFlags
23:07:50 DEBUG              [MsgPush.UnknownElement] wire element ignored unknownTag=13 wireType=0 count=1 bytes=1 reason=no schema decoder path=elem.generalFlags
23:07:50 DEBUG              [MsgPush.UnknownElement] wire element ignored unknownTag=16 wireType=0 count=1 bytes=1 reason=no schema decoder path=elem.generalFlags
23:07:50 DEBUG              [MsgPush.UnknownElement] wire element ignored unknownTag=17 wireType=0 count=1 bytes=1 reason=no schema decoder path=elem.generalFlags
23:07:50 DEBUG              [MsgPush.UnknownElement] wire element ignored unknownTag=19 wireType=2 count=1 bytes=110 reason=no schema decoder path=elem.generalFlags
23:07:50 DEBUG              [MsgPush.UnknownElement] wire element ignored unknownTag=9 wireType=2 count=1 bytes=8 reason=no schema decoder path=elem
23:07:50 DEBUG              [MsgPush.UnknownElement] wire element ignored unknownTag=2 wireType=2 count=1 bytes=21 reason=no schema decoder path=commonElem.msgInfo.msgInfoBody[0].hashSum
23:07:50 DEBUG              [MsgPush.UnknownElement] wire element ignored unknownTag=3 wireType=0 count=1 bytes=3 reason=no schema decoder path=commonElem.msgInfo.extBizInfo.pic.extData
23:07:50 DEBUG              [MsgPush.UnknownElement] wire element ignored unknownTag=4 wireType=0 count=1 bytes=1 reason=no schema decoder path=commonElem.msgInfo.extBizInfo.pic.extData
23:07:50 DEBUG              [MsgPush.UnknownElement] wire element ignored unknownTag=10 wireType=0 count=1 bytes=1 reason=no schema decoder path=commonElem.msgInfo.extBizInfo.pic.extData
23:07:50 DEBUG              [MsgPush.UnknownElement] wire element ignored unknownTag=12 wireType=2 count=1 bytes=1 reason=no schema decoder path=commonElem.msgInfo.extBizInfo.pic.extData
23:07:50 DEBUG              [MsgPush.UnknownElement] wire element ignored unknownTag=18 wireType=2 count=1 bytes=1 reason=no schema decoder path=commonElem.msgInfo.extBizInfo.pic.extData
23:07:50 DEBUG              [MsgPush.UnknownElement] wire element ignored unknownTag=19 wireType=2 count=1 bytes=1 reason=no schema decoder path=commonElem.msgInfo.extBizInfo.pic.extData
23:07:50 DEBUG              [MsgPush.UnknownElement] wire element ignored unknownTag=21 wireType=2 count=1 bytes=13 reason=no schema decoder path=commonElem.msgInfo.extBizInfo.pic.extData
23:07:50 DEBUG              [MsgPush.UnknownElement] wire element ignored unknownTag=30 wireType=2 count=1 bytes=87 reason=no schema decoder path=commonElem.msgInfo.extBizInfo.pic.extData
23:07:50 DEBUG              [MsgPush.UnknownElement] wire element ignored unknownTag=31 wireType=2 count=1 bytes=33 reason=no schema decoder path=commonElem.msgInfo.extBizInfo.pic.extData
23:07:50 OK    [3868978960] [Event] 群 [NSUK模组-高级用户群(455415527)] | [【仅受理建筑相关】-苏晴晴在此-(2639131152)]: ID:-1362531356 [图片]
23:09:14 DEBUG              [MsgPush.UnknownElement] wire element ignored unknownTag=1 wireType=2 count=1 bytes=34 reason=no schema decoder path=body.richText
23:09:14 DEBUG              [MsgPush.UnknownElement] wire element ignored unknownTag=10 wireType=0 count=1 bytes=1 reason=no schema decoder path=elem.generalFlags
23:09:14 DEBUG              [MsgPush.UnknownElement] wire element ignored unknownTag=12 wireType=0 count=1 bytes=1 reason=no schema decoder path=elem.generalFlags
23:09:14 DEBUG              [MsgPush.UnknownElement] wire element ignored unknownTag=13 wireType=0 count=1 bytes=1 reason=no schema decoder path=elem.generalFlags
23:09:14 DEBUG              [MsgPush.UnknownElement] wire element ignored unknownTag=17 wireType=0 count=1 bytes=1 reason=no schema decoder path=elem.generalFlags
23:09:14 DEBUG              [MsgPush.UnknownElement] wire element ignored unknownTag=19 wireType=2 count=1 bytes=107 reason=no schema decoder path=elem.generalFlags
23:09:14 DEBUG              [MsgPush.UnknownElement] wire element ignored unknownTag=9 wireType=2 count=1 bytes=8 reason=no schema decoder path=elem
23:09:14 OK    [3868978960] [Event] 群 [NSUK模组-高级用户群(455415527)] | [我是梦蓝咯(3630797734)]: ID:-2025810891 没写东西呢还
23:09:26 DEBUG              [MsgPush.UnknownElement] wire element ignored unknownTag=1 wireType=2 count=1 bytes=34 reason=no schema decoder path=body.richText
23:09:26 DEBUG              [MsgPush.UnknownElement] wire element ignored unknownTag=10 wireType=0 count=1 bytes=1 reason=no schema decoder path=elem.generalFlags
23:09:26 DEBUG              [MsgPush.UnknownElement] wire element ignored unknownTag=12 wireType=0 count=1 bytes=1 reason=no schema decoder path=elem.generalFlags
23:09:26 DEBUG              [MsgPush.UnknownElement] wire element ignored unknownTag=13 wireType=0 count=1 bytes=1 reason=no schema decoder path=elem.generalFlags
23:09:26 DEBUG              [MsgPush.UnknownElement] wire element ignored unknownTag=17 wireType=0 count=1 bytes=1 reason=no schema decoder path=elem.generalFlags
23:09:26 DEBUG              [MsgPush.UnknownElement] wire element ignored unknownTag=19 wireType=2 count=1 bytes=105 reason=no schema decoder path=elem.generalFlags
23:09:26 DEBUG              [MsgPush.UnknownElement] wire element ignored unknownTag=9 wireType=2 count=1 bytes=6 reason=no schema decoder path=elem
23:09:26 DEBUG              [MsgPush.UnknownElement] wire element ignored unknownTag=11 wireType=0 count=1 bytes=1 reason=no schema decoder path=text.pbReserve
23:09:26 DEBUG              [MsgPush.UnknownElement] wire element ignored unknownTag=2 wireType=2 count=1 bytes=21 reason=no schema decoder path=commonElem.msgInfo.msgInfoBody[0].hashSum
23:09:26 DEBUG              [MsgPush.UnknownElement] wire element ignored unknownTag=4 wireType=2 count=1 bytes=3 reason=no schema decoder path=commonElem.msgInfo.extBizInfo
23:09:26 OK    [3868978960] [Event] 群 [NSUK模组-高级用户群(455415527)] | [我是梦蓝咯(3630797734)]: ID:-2132542277 @1780412693 [空消息] [图片]
23:09:46 DEBUG              [MsgPush.UnknownElement] wire element ignored unknownTag=1 wireType=2 count=1 bytes=34 reason=no schema decoder path=body.richText
23:09:46 DEBUG              [MsgPush.UnknownElement] wire element ignored unknownTag=10 wireType=0 count=1 bytes=1 reason=no schema decoder path=elem.generalFlags
23:09:46 DEBUG              [MsgPush.UnknownElement] wire element ignored unknownTag=12 wireType=0 count=1 bytes=1 reason=no schema decoder path=elem.generalFlags
23:09:46 DEBUG              [MsgPush.UnknownElement] wire element ignored unknownTag=13 wireType=0 count=1 bytes=1 reason=no schema decoder path=elem.generalFlags
23:09:46 DEBUG              [MsgPush.UnknownElement] wire element ignored unknownTag=17 wireType=0 count=1 bytes=1 reason=no schema decoder path=elem.generalFlags
23:09:46 DEBUG              [MsgPush.UnknownElement] wire element ignored unknownTag=19 wireType=2 count=1 bytes=107 reason=no schema decoder path=elem.generalFlags
23:09:46 DEBUG              [MsgPush.UnknownElement] wire element ignored unknownTag=9 wireType=2 count=1 bytes=8 reason=no schema decoder path=elem
23:09:46 OK    [3868978960] [Event] 群 [NSUK模组-高级用户群(455415527)] | [我是梦蓝咯(3630797734)]: ID:1497665054 /看图
23:09:46 DEBUG [3868978960] [Bridge.Action] send_group_msg params=group_id=455415527 message=[len=1]
23:09:46 INFO               [OneBot] 群聊 455415527 | 发送：这是一张图片：[CQ：image,file=https://www.baidu.com/img/fl...
23:09:46 DEBUG              [MsgPush.UnknownElement] wire element ignored unknownTag=1 wireType=2 count=1 bytes=34 reason=no schema decoder path=body.richText
23:09:46 DEBUG              [MsgPush.UnknownElement] wire element ignored unknownTag=9 wireType=2 count=1 bytes=5 reason=no schema decoder path=elem
23:09:46 DEBUG              [MsgPush.UnknownElement] wire element ignored unknownTag=10 wireType=0 count=1 bytes=1 reason=no schema decoder path=elem.generalFlags
23:09:46 DEBUG              [MsgPush.UnknownElement] wire element ignored unknownTag=12 wireType=0 count=1 bytes=1 reason=no schema decoder path=elem.generalFlags
23:09:46 DEBUG              [MsgPush.UnknownElement] wire element ignored unknownTag=13 wireType=0 count=1 bytes=1 reason=no schema decoder path=elem.generalFlags
23:09:46 DEBUG              [MsgPush.UnknownElement] wire element ignored unknownTag=19 wireType=2 count=1 bytes=94 reason=no schema decoder path=elem.generalFlags
23:09:46 OK    [3868978960] [Event] [自身] 群 [NSUK模组-高级用户群(455415527)] | [机器人测试账号(3868978960)]: ID:305254451 这是一张图片：[CQ：image,file=https://www.baidu.com/img/fl...
23:09:50 DEBUG              [MsgPush.UnknownElement] wire element ignored unknownTag=1 wireType=2 count=1 bytes=34 reason=no schema decoder path=body.richText
23:09:50 DEBUG              [MsgPush.UnknownElement] wire element ignored unknownTag=10 wireType=0 count=1 bytes=1 reason=no schema decoder path=elem.generalFlags
23:09:50 DEBUG              [MsgPush.UnknownElement] wire element ignored unknownTag=12 wireType=0 count=1 bytes=1 reason=no schema decoder path=elem.generalFlags
23:09:50 DEBUG              [MsgPush.UnknownElement] wire element ignored unknownTag=13 wireType=0 count=1 bytes=1 reason=no schema decoder path=elem.generalFlags
23:09:50 DEBUG              [MsgPush.UnknownElement] wire element ignored unknownTag=16 wireType=0 count=1 bytes=1 reason=no schema decoder path=elem.generalFlags
23:09:50 DEBUG              [MsgPush.UnknownElement] wire element ignored unknownTag=17 wireType=0 count=1 bytes=1 reason=no schema decoder path=elem.generalFlags
23:09:50 DEBUG              [MsgPush.UnknownElement] wire element ignored unknownTag=19 wireType=2 count=1 bytes=108 reason=no schema decoder path=elem.generalFlags
23:09:50 DEBUG              [MsgPush.UnknownElement] wire element ignored unknownTag=9 wireType=2 count=1 bytes=5 reason=no schema decoder path=elem
23:09:50 OK    [3868978960] [Event] 群 [NSUK模组-高级用户群(455415527)] | [咖啡Coffee🏳️‍⚧️🍥(1780412693)]: ID:-878347939 复制到终端安装
23:09:57 DEBUG              [MsgPush.UnknownElement] wire element ignored unknownTag=1 wireType=2 count=1 bytes=34 reason=no schema decoder path=body.richText
23:09:57 DEBUG              [MsgPush.UnknownElement] wire element ignored unknownTag=10 wireType=0 count=1 bytes=1 reason=no schema decoder path=elem.generalFlags
23:09:57 DEBUG              [MsgPush.UnknownElement] wire element ignored unknownTag=12 wireType=0 count=1 bytes=1 reason=no schema decoder path=elem.generalFlags
23:09:57 DEBUG              [MsgPush.UnknownElement] wire element ignored unknownTag=13 wireType=0 count=1 bytes=1 reason=no schema decoder path=elem.generalFlags
23:09:57 DEBUG              [MsgPush.UnknownElement] wire element ignored unknownTag=16 wireType=0 count=1 bytes=1 reason=no schema decoder path=elem.generalFlags
23:09:57 DEBUG              [MsgPush.UnknownElement] wire element ignored unknownTag=17 wireType=0 count=1 bytes=1 reason=no schema decoder path=elem.generalFlags
23:09:57 DEBUG              [MsgPush.UnknownElement] wire element ignored unknownTag=19 wireType=2 count=1 bytes=112 reason=no schema decoder path=elem.generalFlags
23:09:57 DEBUG              [MsgPush.UnknownElement] wire element ignored unknownTag=9 wireType=2 count=1 bytes=5 reason=no schema decoder path=elem
23:09:57 OK    [3868978960] [Event] 群 [NSUK模组-高级用户群(455415527)] | [咖啡Coffee🏳️‍⚧️🍥(1780412693)]: ID:444594111 明天我会修
23:15:42 DEBUG              [MsgPush.UnknownElement] wire element ignored unknownTag=1 wireType=2 count=1 bytes=33 reason=no schema decoder path=body.richText
23:15:42 DEBUG              [MsgPush.UnknownElement] wire element ignored unknownTag=10 wireType=0 count=1 bytes=1 reason=no schema decoder path=elem.generalFlags
23:15:42 DEBUG              [MsgPush.UnknownElement] wire element ignored unknownTag=12 wireType=0 count=1 bytes=1 reason=no schema decoder path=elem.generalFlags
23:15:42 DEBUG              [MsgPush.UnknownElement] wire element ignored unknownTag=13 wireType=0 count=1 bytes=1 reason=no schema decoder path=elem.generalFlags
23:15:42 DEBUG              [MsgPush.UnknownElement] wire element ignored unknownTag=17 wireType=0 count=1 bytes=1 reason=no schema decoder path=elem.generalFlags
23:15:42 DEBUG              [MsgPush.UnknownElement] wire element ignored unknownTag=19 wireType=2 count=1 bytes=108 reason=no schema decoder path=elem.generalFlags
23:15:42 DEBUG              [MsgPush.UnknownElement] wire element ignored unknownTag=9 wireType=2 count=1 bytes=8 reason=no schema decoder path=elem
23:15:42 DEBUG              [MsgPush.UnknownElement] wire element ignored unknownTag=11 wireType=0 count=1 bytes=1 reason=no schema decoder path=text.pbReserve
23:15:42 OK    [3868978960] [Event] 群 [NSUK模组-高级用户群(455415527)] | [我是梦蓝咯(3630797734)]: ID:-725505847 C:\Users\小亮傻逼>irm https://x.ai/cli/install.psl |ie... @1780412693 [空消息]
23:15:42 DEBUG [3868978960] [Bridge.Action] get_group_member_info params=group_id=455415527 user_id=1780412693
23:16:01 DEBUG              [MsgPush.UnknownElement] wire element ignored unknownTag=1 wireType=2 count=1 bytes=34 reason=no schema decoder path=body.richText
23:16:01 DEBUG              [MsgPush.UnknownElement] wire element ignored unknownTag=10 wireType=0 count=1 bytes=1 reason=no schema decoder path=elem.generalFlags
23:16:01 DEBUG              [MsgPush.UnknownElement] wire element ignored unknownTag=12 wireType=0 count=1 bytes=1 reason=no schema decoder path=elem.generalFlags
23:16:01 DEBUG              [MsgPush.UnknownElement] wire element ignored unknownTag=13 wireType=0 count=1 bytes=1 reason=no schema decoder path=elem.generalFlags
23:16:01 DEBUG              [MsgPush.UnknownElement] wire element ignored unknownTag=16 wireType=0 count=1 bytes=1 reason=no schema decoder path=elem.generalFlags
23:16:01 DEBUG              [MsgPush.UnknownElement] wire element ignored unknownTag=17 wireType=0 count=1 bytes=1 reason=no schema decoder path=elem.generalFlags
23:16:01 DEBUG              [MsgPush.UnknownElement] wire element ignored unknownTag=19 wireType=2 count=1 bytes=111 reason=no schema decoder path=elem.generalFlags
23:16:01 DEBUG              [MsgPush.UnknownElement] wire element ignored unknownTag=9 wireType=2 count=1 bytes=5 reason=no schema decoder path=elem
23:16:01 OK    [3868978960] [Event] 群 [NSUK模组-高级用户群(455415527)] | [咖啡Coffee🏳️‍⚧️🍥(1780412693)]: ID:-595807065 ？
23:16:08 DEBUG              [MsgPush.UnknownElement] wire element ignored unknownTag=1 wireType=2 count=1 bytes=33 reason=no schema decoder path=body.richText
23:16:08 DEBUG              [MsgPush.UnknownElement] wire element ignored unknownTag=10 wireType=0 count=1 bytes=1 reason=no schema decoder path=elem.generalFlags
23:16:08 DEBUG              [MsgPush.UnknownElement] wire element ignored unknownTag=12 wireType=0 count=1 bytes=1 reason=no schema decoder path=elem.generalFlags
23:16:08 DEBUG              [MsgPush.UnknownElement] wire element ignored unknownTag=13 wireType=0 count=1 bytes=1 reason=no schema decoder path=elem.generalFlags
23:16:08 DEBUG              [MsgPush.UnknownElement] wire element ignored unknownTag=16 wireType=0 count=1 bytes=1 reason=no schema decoder path=elem.generalFlags
23:16:08 DEBUG              [MsgPush.UnknownElement] wire element ignored unknownTag=17 wireType=0 count=1 bytes=1 reason=no schema decoder path=elem.generalFlags
23:16:08 DEBUG              [MsgPush.UnknownElement] wire element ignored unknownTag=19 wireType=2 count=1 bytes=111 reason=no schema decoder path=elem.generalFlags
23:16:08 DEBUG              [MsgPush.UnknownElement] wire element ignored unknownTag=9 wireType=2 count=1 bytes=5 reason=no schema decoder path=elem
23:16:08 OK    [3868978960] [Event] 群 [NSUK模组-高级用户群(455415527)] | [咖啡Coffee🏳️‍⚧️🍥(1780412693)]: ID:213970612 用shell
23:16:13 DEBUG              [MsgPush.UnknownElement] wire element ignored unknownTag=1 wireType=2 count=1 bytes=33 reason=no schema decoder path=body.richText
23:16:13 DEBUG              [MsgPush.UnknownElement] wire element ignored unknownTag=10 wireType=0 count=1 bytes=1 reason=no schema decoder path=elem.generalFlags
23:16:13 DEBUG              [MsgPush.UnknownElement] wire element ignored unknownTag=12 wireType=0 count=1 bytes=1 reason=no schema decoder path=elem.generalFlags
23:16:13 DEBUG              [MsgPush.UnknownElement] wire element ignored unknownTag=13 wireType=0 count=1 bytes=1 reason=no schema decoder path=elem.generalFlags
23:16:13 DEBUG              [MsgPush.UnknownElement] wire element ignored unknownTag=16 wireType=0 count=1 bytes=1 reason=no schema decoder path=elem.generalFlags
23:16:13 DEBUG              [MsgPush.UnknownElement] wire element ignored unknownTag=17 wireType=0 count=1 bytes=1 reason=no schema decoder path=elem.generalFlags
23:16:13 DEBUG              [MsgPush.UnknownElement] wire element ignored unknownTag=19 wireType=2 count=1 bytes=112 reason=no schema decoder path=elem.generalFlags
23:16:13 DEBUG              [MsgPush.UnknownElement] wire element ignored unknownTag=9 wireType=2 count=1 bytes=5 reason=no schema decoder path=elem
23:16:13 OK    [3868978960] [Event] 群 [NSUK模组-高级用户群(455415527)] | [咖啡Coffee🏳️‍⚧️🍥(1780412693)]: ID:-1034887800 你用cmd干嘛
23:16:22 DEBUG              [MsgPush.UnknownElement] wire element ignored unknownTag=1 wireType=2 count=1 bytes=34 reason=no schema decoder path=body.richText
23:16:22 DEBUG              [MsgPush.UnknownElement] wire element ignored unknownTag=10 wireType=0 count=1 bytes=1 reason=no schema decoder path=elem.generalFlags
23:16:22 DEBUG              [MsgPush.UnknownElement] wire element ignored unknownTag=12 wireType=0 count=1 bytes=1 reason=no schema decoder path=elem.generalFlags
23:16:22 DEBUG              [MsgPush.UnknownElement] wire element ignored unknownTag=13 wireType=0 count=1 bytes=1 reason=no schema decoder path=elem.generalFlags
23:16:22 DEBUG              [MsgPush.UnknownElement] wire element ignored unknownTag=16 wireType=0 count=1 bytes=1 reason=no schema decoder path=elem.generalFlags
23:16:22 DEBUG              [MsgPush.UnknownElement] wire element ignored unknownTag=17 wireType=0 count=1 bytes=1 reason=no schema decoder path=elem.generalFlags
23:16:22 DEBUG              [MsgPush.UnknownElement] wire element ignored unknownTag=19 wireType=2 count=1 bytes=109 reason=no schema decoder path=elem.generalFlags
23:16:22 DEBUG              [MsgPush.UnknownElement] wire element ignored unknownTag=9 wireType=2 count=1 bytes=5 reason=no schema decoder path=elem
23:16:22 OK    [3868978960] [Event] 群 [NSUK模组-高级用户群(455415527)] | [咖啡Coffee🏳️‍⚧️🍥(1780412693)]: ID:2071461162 这tm一看就是shell啊
23:16:26 DEBUG              [MsgPush.UnknownElement] wire element ignored unknownTag=1 wireType=2 count=1 bytes=34 reason=no schema decoder path=body.richText
23:16:26 DEBUG              [MsgPush.UnknownElement] wire element ignored unknownTag=2 wireType=2 count=1 bytes=21 reason=no schema decoder path=commonElem.msgInfo.msgInfoBody[0].hashSum
23:16:26 DEBUG              [MsgPush.UnknownElement] wire element ignored unknownTag=4 wireType=2 count=1 bytes=3 reason=no schema decoder path=commonElem.msgInfo.extBizInfo
23:16:26 DEBUG              [MsgPush.UnknownElement] wire element ignored unknownTag=3 wireType=0 count=1 bytes=3 reason=no schema decoder path=commonElem.msgInfo.extBizInfo.pic.extData
23:16:26 DEBUG              [MsgPush.UnknownElement] wire element ignored unknownTag=4 wireType=0 count=1 bytes=1 reason=no schema decoder path=commonElem.msgInfo.extBizInfo.pic.extData
23:16:26 DEBUG              [MsgPush.UnknownElement] wire element ignored unknownTag=10 wireType=0 count=1 bytes=1 reason=no schema decoder path=commonElem.msgInfo.extBizInfo.pic.extData
23:16:26 DEBUG              [MsgPush.UnknownElement] wire element ignored unknownTag=12 wireType=2 count=1 bytes=1 reason=no schema decoder path=commonElem.msgInfo.extBizInfo.pic.extData
23:16:26 DEBUG              [MsgPush.UnknownElement] wire element ignored unknownTag=18 wireType=2 count=1 bytes=1 reason=no schema decoder path=commonElem.msgInfo.extBizInfo.pic.extData
23:16:26 DEBUG              [MsgPush.UnknownElement] wire element ignored unknownTag=19 wireType=2 count=1 bytes=1 reason=no schema decoder path=commonElem.msgInfo.extBizInfo.pic.extData
23:16:26 DEBUG              [MsgPush.UnknownElement] wire element ignored unknownTag=21 wireType=2 count=1 bytes=13 reason=no schema decoder path=commonElem.msgInfo.extBizInfo.pic.extData
23:16:26 DEBUG              [MsgPush.UnknownElement] wire element ignored unknownTag=30 wireType=2 count=1 bytes=87 reason=no schema decoder path=commonElem.msgInfo.extBizInfo.pic.extData
23:16:26 DEBUG              [MsgPush.UnknownElement] wire element ignored unknownTag=31 wireType=2 count=1 bytes=33 reason=no schema decoder path=commonElem.msgInfo.extBizInfo.pic.extData
23:16:26 DEBUG              [MsgPush.UnknownElement] wire element ignored unknownTag=34 wireType=0 count=1 bytes=1 reason=no schema decoder path=commonElem.msgInfo.extBizInfo.pic.extData
23:16:26 DEBUG              [MsgPush.UnknownElement] wire element ignored unknownTag=9 wireType=2 count=1 bytes=3 reason=no schema decoder path=elem
23:16:26 DEBUG              [MsgPush.UnknownElement] wire element ignored unknownTag=10 wireType=0 count=1 bytes=1 reason=no schema decoder path=elem.generalFlags
23:16:26 DEBUG              [MsgPush.UnknownElement] wire element ignored unknownTag=12 wireType=0 count=1 bytes=1 reason=no schema decoder path=elem.generalFlags
23:16:26 DEBUG              [MsgPush.UnknownElement] wire element ignored unknownTag=13 wireType=0 count=1 bytes=1 reason=no schema decoder path=elem.generalFlags
23:16:26 DEBUG              [MsgPush.UnknownElement] wire element ignored unknownTag=19 wireType=2 count=1 bytes=105 reason=no schema decoder path=elem.generalFlags
23:16:26 OK    [3868978960] [Event] 群 [NSUK模组-高级用户群(455415527)] | [咖啡Coffee🏳️‍⚧️🍥(1780412693)]: ID:1217366551 [图片]
23:16:48 DEBUG              [MsgPush.UnknownElement] wire element ignored unknownTag=1 wireType=2 count=1 bytes=34 reason=no schema decoder path=body.richText
23:16:48 DEBUG              [MsgPush.UnknownElement] wire element ignored unknownTag=10 wireType=0 count=1 bytes=1 reason=no schema decoder path=elem.generalFlags
23:16:48 DEBUG              [MsgPush.UnknownElement] wire element ignored unknownTag=12 wireType=0 count=1 bytes=1 reason=no schema decoder path=elem.generalFlags
23:16:48 DEBUG              [MsgPush.UnknownElement] wire element ignored unknownTag=13 wireType=0 count=1 bytes=1 reason=no schema decoder path=elem.generalFlags
23:16:48 DEBUG              [MsgPush.UnknownElement] wire element ignored unknownTag=16 wireType=0 count=1 bytes=1 reason=no schema decoder path=elem.generalFlags
23:16:48 DEBUG              [MsgPush.UnknownElement] wire element ignored unknownTag=17 wireType=0 count=1 bytes=1 reason=no schema decoder path=elem.generalFlags
23:16:48 DEBUG              [MsgPush.UnknownElement] wire element ignored unknownTag=19 wireType=2 count=1 bytes=111 reason=no schema decoder path=elem.generalFlags
23:16:48 DEBUG              [MsgPush.UnknownElement] wire element ignored unknownTag=9 wireType=2 count=1 bytes=8 reason=no schema decoder path=elem
23:16:48 OK    [3868978960] [Event] 群 [NSUK模组-高级用户群(455415527)] | [【仅受理建筑相关】-苏晴晴在此-(2639131152)]: ID:1257208254 《小亮傻逼》
23:16:50 DEBUG              [MsgPush.UnknownElement] wire element ignored unknownTag=1 wireType=2 count=1 bytes=34 reason=no schema decoder path=body.richText
23:16:50 DEBUG              [MsgPush.UnknownElement] wire element ignored unknownTag=10 wireType=0 count=1 bytes=1 reason=no schema decoder path=elem.generalFlags
23:16:50 DEBUG              [MsgPush.UnknownElement] wire element ignored unknownTag=12 wireType=0 count=1 bytes=1 reason=no schema decoder path=elem.generalFlags
23:16:50 DEBUG              [MsgPush.UnknownElement] wire element ignored unknownTag=13 wireType=0 count=1 bytes=1 reason=no schema decoder path=elem.generalFlags
23:16:50 DEBUG              [MsgPush.UnknownElement] wire element ignored unknownTag=17 wireType=0 count=1 bytes=1 reason=no schema decoder path=elem.generalFlags
23:16:50 DEBUG              [MsgPush.UnknownElement] wire element ignored unknownTag=19 wireType=2 count=1 bytes=107 reason=no schema decoder path=elem.generalFlags
23:16:50 DEBUG              [MsgPush.UnknownElement] wire element ignored unknownTag=9 wireType=2 count=1 bytes=8 reason=no schema decoder path=elem
23:16:50 OK    [3868978960] [Event] 群 [NSUK模组-高级用户群(455415527)] | [我是梦蓝咯(3630797734)]: ID:966425468 你说的终端
23:16:58 DEBUG              [MsgPush.UnknownElement] wire element ignored unknownTag=1 wireType=2 count=1 bytes=34 reason=no schema decoder path=body.richText
23:16:58 DEBUG              [MsgPush.UnknownElement] wire element ignored unknownTag=10 wireType=0 count=1 bytes=1 reason=no schema decoder path=elem.generalFlags
23:16:58 DEBUG              [MsgPush.UnknownElement] wire element ignored unknownTag=12 wireType=0 count=1 bytes=1 reason=no schema decoder path=elem.generalFlags
23:16:58 DEBUG              [MsgPush.UnknownElement] wire element ignored unknownTag=13 wireType=0 count=1 bytes=1 reason=no schema decoder path=elem.generalFlags
23:16:58 DEBUG              [MsgPush.UnknownElement] wire element ignored unknownTag=16 wireType=0 count=1 bytes=1 reason=no schema decoder path=elem.generalFlags
23:16:58 DEBUG              [MsgPush.UnknownElement] wire element ignored unknownTag=17 wireType=0 count=1 bytes=1 reason=no schema decoder path=elem.generalFlags
23:16:58 DEBUG              [MsgPush.UnknownElement] wire element ignored unknownTag=19 wireType=2 count=1 bytes=110 reason=no schema decoder path=elem.generalFlags
23:16:58 DEBUG              [MsgPush.UnknownElement] wire element ignored unknownTag=9 wireType=2 count=1 bytes=8 reason=no schema decoder path=elem
23:16:58 OK    [3868978960] [Event] 群 [NSUK模组-高级用户群(455415527)] | [【仅受理建筑相关】-苏晴晴在此-(2639131152)]: ID:-425515636 PowerShell
23:17:17 DEBUG              [MsgPush.UnknownElement] wire element ignored unknownTag=1 wireType=2 count=1 bytes=34 reason=no schema decoder path=body.richText
23:17:17 DEBUG              [MsgPush.UnknownElement] wire element ignored unknownTag=10 wireType=0 count=1 bytes=1 reason=no schema decoder path=elem.generalFlags
23:17:17 DEBUG              [MsgPush.UnknownElement] wire element ignored unknownTag=12 wireType=0 count=1 bytes=1 reason=no schema decoder path=elem.generalFlags
23:17:17 DEBUG              [MsgPush.UnknownElement] wire element ignored unknownTag=13 wireType=0 count=1 bytes=1 reason=no schema decoder path=elem.generalFlags
23:17:17 DEBUG              [MsgPush.UnknownElement] wire element ignored unknownTag=16 wireType=0 count=1 bytes=1 reason=no schema decoder path=elem.generalFlags
23:17:17 DEBUG              [MsgPush.UnknownElement] wire element ignored unknownTag=17 wireType=0 count=1 bytes=1 reason=no schema decoder path=elem.generalFlags
23:17:17 DEBUG              [MsgPush.UnknownElement] wire element ignored unknownTag=19 wireType=2 count=1 bytes=111 reason=no schema decoder path=elem.generalFlags
23:17:17 DEBUG              [MsgPush.UnknownElement] wire element ignored unknownTag=9 wireType=2 count=1 bytes=8 reason=no schema decoder path=elem
23:17:17 OK    [3868978960] [Event] 群 [NSUK模组-高级用户群(455415527)] | [【仅受理建筑相关】-苏晴晴在此-(2639131152)]: ID:741306568 当年steam假激活就是用这种指令骗别人下破解代码的
23:17:18 DEBUG              [MsgPush.UnknownElement] wire element ignored unknownTag=1 wireType=2 count=1 bytes=34 reason=no schema decoder path=body.richText
23:17:18 DEBUG              [MsgPush.UnknownElement] wire element ignored unknownTag=10 wireType=0 count=1 bytes=1 reason=no schema decoder path=elem.generalFlags
23:17:18 DEBUG              [MsgPush.UnknownElement] wire element ignored unknownTag=12 wireType=0 count=1 bytes=1 reason=no schema decoder path=elem.generalFlags
23:17:18 DEBUG              [MsgPush.UnknownElement] wire element ignored unknownTag=13 wireType=0 count=1 bytes=1 reason=no schema decoder path=elem.generalFlags
23:17:18 DEBUG              [MsgPush.UnknownElement] wire element ignored unknownTag=17 wireType=0 count=1 bytes=1 reason=no schema decoder path=elem.generalFlags
23:17:18 DEBUG              [MsgPush.UnknownElement] wire element ignored unknownTag=19 wireType=2 count=1 bytes=107 reason=no schema decoder path=elem.generalFlags
23:17:18 DEBUG              [MsgPush.UnknownElement] wire element ignored unknownTag=9 wireType=2 count=1 bytes=6 reason=no schema decoder path=elem
23:17:18 OK    [3868978960] [Event] 群 [NSUK模组-高级用户群(455415527)] | [我是梦蓝咯(3630797734)]: ID:-733048297 PS C:\Users\小亮傻逼> C:\Users\小亮傻逼>irm https://x.ai/c...
23:17:20 DEBUG              [MsgPush.UnknownElement] wire element ignored unknownTag=1 wireType=2 count=1 bytes=34 reason=no schema decoder path=body.richText
23:17:20 DEBUG              [MsgPush.UnknownElement] wire element ignored unknownTag=10 wireType=0 count=1 bytes=1 reason=no schema decoder path=elem.generalFlags
23:17:20 DEBUG              [MsgPush.UnknownElement] wire element ignored unknownTag=12 wireType=0 count=1 bytes=1 reason=no schema decoder path=elem.generalFlags
23:17:20 DEBUG              [MsgPush.UnknownElement] wire element ignored unknownTag=13 wireType=0 count=1 bytes=1 reason=no schema decoder path=elem.generalFlags
23:17:20 DEBUG              [MsgPush.UnknownElement] wire element ignored unknownTag=16 wireType=0 count=1 bytes=1 reason=no schema decoder path=elem.generalFlags
23:17:20 DEBUG              [MsgPush.UnknownElement] wire element ignored unknownTag=17 wireType=0 count=1 bytes=1 reason=no schema decoder path=elem.generalFlags
23:17:20 DEBUG              [MsgPush.UnknownElement] wire element ignored unknownTag=19 wireType=2 count=1 bytes=110 reason=no schema decoder path=elem.generalFlags
23:17:20 DEBUG              [MsgPush.UnknownElement] wire element ignored unknownTag=9 wireType=2 count=1 bytes=8 reason=no schema decoder path=elem
23:17:20 DEBUG              [MsgPush.UnknownElement] wire element ignored unknownTag=2 wireType=2 count=1 bytes=21 reason=no schema decoder path=commonElem.msgInfo.msgInfoBody[0].hashSum
23:17:20 DEBUG              [MsgPush.UnknownElement] wire element ignored unknownTag=3 wireType=0 count=1 bytes=1 reason=no schema decoder path=commonElem.msgInfo.extBizInfo.pic.extData
23:17:20 DEBUG              [MsgPush.UnknownElement] wire element ignored unknownTag=4 wireType=0 count=1 bytes=1 reason=no schema decoder path=commonElem.msgInfo.extBizInfo.pic.extData
23:17:20 DEBUG              [MsgPush.UnknownElement] wire element ignored unknownTag=10 wireType=0 count=1 bytes=1 reason=no schema decoder path=commonElem.msgInfo.extBizInfo.pic.extData
23:17:20 DEBUG              [MsgPush.UnknownElement] wire element ignored unknownTag=12 wireType=2 count=1 bytes=1 reason=no schema decoder path=commonElem.msgInfo.extBizInfo.pic.extData
23:17:20 DEBUG              [MsgPush.UnknownElement] wire element ignored unknownTag=18 wireType=2 count=1 bytes=1 reason=no schema decoder path=commonElem.msgInfo.extBizInfo.pic.extData
23:17:20 DEBUG              [MsgPush.UnknownElement] wire element ignored unknownTag=19 wireType=2 count=1 bytes=1 reason=no schema decoder path=commonElem.msgInfo.extBizInfo.pic.extData
23:17:20 DEBUG              [MsgPush.UnknownElement] wire element ignored unknownTag=21 wireType=2 count=1 bytes=13 reason=no schema decoder path=commonElem.msgInfo.extBizInfo.pic.extData
23:17:20 DEBUG              [MsgPush.UnknownElement] wire element ignored unknownTag=30 wireType=2 count=1 bytes=87 reason=no schema decoder path=commonElem.msgInfo.extBizInfo.pic.extData
23:17:20 DEBUG              [MsgPush.UnknownElement] wire element ignored unknownTag=31 wireType=2 count=1 bytes=33 reason=no schema decoder path=commonElem.msgInfo.extBizInfo.pic.extData
23:17:20 OK    [3868978960] [Event] 群 [NSUK模组-高级用户群(455415527)] | [【仅受理建筑相关】-苏晴晴在此-(2639131152)]: ID:1274377780 [图片]
23:17:24 DEBUG              [MsgPush.UnknownElement] wire element ignored unknownTag=1 wireType=2 count=1 bytes=34 reason=no schema decoder path=body.richText
23:17:24 DEBUG              [MsgPush.UnknownElement] wire element ignored unknownTag=10 wireType=0 count=1 bytes=1 reason=no schema decoder path=elem.generalFlags
23:17:24 DEBUG              [MsgPush.UnknownElement] wire element ignored unknownTag=12 wireType=0 count=1 bytes=1 reason=no schema decoder path=elem.generalFlags
23:17:24 DEBUG              [MsgPush.UnknownElement] wire element ignored unknownTag=13 wireType=0 count=1 bytes=1 reason=no schema decoder path=elem.generalFlags
23:17:24 DEBUG              [MsgPush.UnknownElement] wire element ignored unknownTag=17 wireType=0 count=1 bytes=1 reason=no schema decoder path=elem.generalFlags
23:17:24 DEBUG              [MsgPush.UnknownElement] wire element ignored unknownTag=19 wireType=2 count=1 bytes=107 reason=no schema decoder path=elem.generalFlags
23:17:24 DEBUG              [MsgPush.UnknownElement] wire element ignored unknownTag=9 wireType=2 count=1 bytes=8 reason=no schema decoder path=elem
23:17:24 OK    [3868978960] [Event] 群 [NSUK模组-高级用户群(455415527)] | [我是梦蓝咯(3630797734)]: ID:1810327168 饿啊
23:17:33 DEBUG              [MsgPush.UnknownElement] wire element ignored unknownTag=1 wireType=2 count=1 bytes=34 reason=no schema decoder path=body.richText
23:17:33 DEBUG              [MsgPush.UnknownElement] wire element ignored unknownTag=10 wireType=0 count=1 bytes=1 reason=no schema decoder path=elem.generalFlags
23:17:33 DEBUG              [MsgPush.UnknownElement] wire element ignored unknownTag=12 wireType=0 count=1 bytes=1 reason=no schema decoder path=elem.generalFlags
23:17:33 DEBUG              [MsgPush.UnknownElement] wire element ignored unknownTag=13 wireType=0 count=1 bytes=1 reason=no schema decoder path=elem.generalFlags
23:17:33 DEBUG              [MsgPush.UnknownElement] wire element ignored unknownTag=16 wireType=0 count=1 bytes=1 reason=no schema decoder path=elem.generalFlags
23:17:33 DEBUG              [MsgPush.UnknownElement] wire element ignored unknownTag=17 wireType=0 count=1 bytes=1 reason=no schema decoder path=elem.generalFlags
23:17:33 DEBUG              [MsgPush.UnknownElement] wire element ignored unknownTag=19 wireType=2 count=1 bytes=110 reason=no schema decoder path=elem.generalFlags
23:17:33 DEBUG              [MsgPush.UnknownElement] wire element ignored unknownTag=9 wireType=2 count=1 bytes=8 reason=no schema decoder path=elem
23:17:33 OK    [3868978960] [Event] 群 [NSUK模组-高级用户群(455415527)] | [【仅受理建筑相关】-苏晴晴在此-(2639131152)]: ID:-187159149 啊？
23:17:49 DEBUG              [MsgPush.UnknownElement] wire element ignored unknownTag=1 wireType=2 count=1 bytes=34 reason=no schema decoder path=body.richText
23:17:49 DEBUG              [MsgPush.UnknownElement] wire element ignored unknownTag=10 wireType=0 count=1 bytes=1 reason=no schema decoder path=elem.generalFlags
23:17:49 DEBUG              [MsgPush.UnknownElement] wire element ignored unknownTag=12 wireType=0 count=1 bytes=1 reason=no schema decoder path=elem.generalFlags
23:17:49 DEBUG              [MsgPush.UnknownElement] wire element ignored unknownTag=13 wireType=0 count=1 bytes=1 reason=no schema decoder path=elem.generalFlags
23:17:49 DEBUG              [MsgPush.UnknownElement] wire element ignored unknownTag=17 wireType=0 count=1 bytes=1 reason=no schema decoder path=elem.generalFlags
23:17:49 DEBUG              [MsgPush.UnknownElement] wire element ignored unknownTag=19 wireType=2 count=1 bytes=105 reason=no schema decoder path=elem.generalFlags
23:17:49 DEBUG              [MsgPush.UnknownElement] wire element ignored unknownTag=9 wireType=2 count=1 bytes=8 reason=no schema decoder path=elem
23:17:49 OK    [3868978960] [Event] 群 [NSUK模组-高级用户群(455415527)] | [我是梦蓝咯(3630797734)]: ID:-2083681326 /penG:
23:17:55 DEBUG              [MsgPush.UnknownElement] wire element ignored unknownTag=1 wireType=2 count=1 bytes=34 reason=no schema decoder path=body.richText
23:17:55 DEBUG              [MsgPush.UnknownElement] wire element ignored unknownTag=10 wireType=0 count=1 bytes=1 reason=no schema decoder path=elem.generalFlags
23:17:55 DEBUG              [MsgPush.UnknownElement] wire element ignored unknownTag=12 wireType=0 count=1 bytes=1 reason=no schema decoder path=elem.generalFlags
23:17:55 DEBUG              [MsgPush.UnknownElement] wire element ignored unknownTag=13 wireType=0 count=1 bytes=1 reason=no schema decoder path=elem.generalFlags
23:17:55 DEBUG              [MsgPush.UnknownElement] wire element ignored unknownTag=17 wireType=0 count=1 bytes=1 reason=no schema decoder path=elem.generalFlags
23:17:55 DEBUG              [MsgPush.UnknownElement] wire element ignored unknownTag=19 wireType=2 count=1 bytes=105 reason=no schema decoder path=elem.generalFlags
23:17:55 DEBUG              [MsgPush.UnknownElement] wire element ignored unknownTag=9 wireType=2 count=1 bytes=8 reason=no schema decoder path=elem
23:17:55 OK    [3868978960] [Event] 群 [NSUK模组-高级用户群(455415527)] | [我是梦蓝咯(3630797734)]: ID:1428300145 /openGL
23:17:55 DEBUG [3868978960] [Bridge.Action] send_group_msg params=group_id=455415527 message=[len=1]
23:17:56 INFO               [OneBot] 群聊 455415527 | 发送：这是openGL：[CQ：image,file=file:///{ROOT}/img/OpenGL_...
23:17:56 DEBUG              [MsgPush.UnknownElement] wire element ignored unknownTag=1 wireType=2 count=1 bytes=34 reason=no schema decoder path=body.richText
23:17:56 DEBUG              [MsgPush.UnknownElement] wire element ignored unknownTag=9 wireType=2 count=1 bytes=5 reason=no schema decoder path=elem
23:17:56 DEBUG              [MsgPush.UnknownElement] wire element ignored unknownTag=10 wireType=0 count=1 bytes=1 reason=no schema decoder path=elem.generalFlags
23:17:56 DEBUG              [MsgPush.UnknownElement] wire element ignored unknownTag=12 wireType=0 count=1 bytes=1 reason=no schema decoder path=elem.generalFlags
23:17:56 DEBUG              [MsgPush.UnknownElement] wire element ignored unknownTag=13 wireType=0 count=1 bytes=1 reason=no schema decoder path=elem.generalFlags
23:17:56 DEBUG              [MsgPush.UnknownElement] wire element ignored unknownTag=19 wireType=2 count=1 bytes=93 reason=no schema decoder path=elem.generalFlags
23:17:56 OK    [3868978960] [Event] [自身] 群 [NSUK模组-高级用户群(455415527)] | [机器人测试账号(3868978960)]: ID:1652501759 这是openGL：[CQ：image,file=file:///{ROOT}/img/OpenGL_...
23:17:59 DEBUG              [MsgPush.UnknownElement] wire element ignored unknownTag=1 wireType=2 count=1 bytes=33 reason=no schema decoder path=body.richText
23:17:59 DEBUG              [MsgPush.UnknownElement] wire element ignored unknownTag=10 wireType=0 count=1 bytes=1 reason=no schema decoder path=elem.generalFlags
23:17:59 DEBUG              [MsgPush.UnknownElement] wire element ignored unknownTag=12 wireType=0 count=1 bytes=1 reason=no schema decoder path=elem.generalFlags
23:17:59 DEBUG              [MsgPush.UnknownElement] wire element ignored unknownTag=13 wireType=0 count=1 bytes=1 reason=no schema decoder path=elem.generalFlags
23:17:59 DEBUG              [MsgPush.UnknownElement] wire element ignored unknownTag=17 wireType=0 count=1 bytes=1 reason=no schema decoder path=elem.generalFlags
23:17:59 DEBUG              [MsgPush.UnknownElement] wire element ignored unknownTag=19 wireType=2 count=1 bytes=107 reason=no schema decoder path=elem.generalFlags
23:17:59 DEBUG              [MsgPush.UnknownElement] wire element ignored unknownTag=9 wireType=2 count=1 bytes=8 reason=no schema decoder path=elem
23:17:59 OK    [3868978960] [Event] 群 [NSUK模组-高级用户群(455415527)] | [我是梦蓝咯(3630797734)]: ID:1772904075 ?
23:18:09 DEBUG              [MsgPush.UnknownElement] wire element ignored unknownTag=1 wireType=2 count=1 bytes=34 reason=no schema decoder path=body.richText
23:18:09 DEBUG              [MsgPush.UnknownElement] wire element ignored unknownTag=10 wireType=0 count=1 bytes=1 reason=no schema decoder path=elem.generalFlags
23:18:09 DEBUG              [MsgPush.UnknownElement] wire element ignored unknownTag=12 wireType=0 count=1 bytes=1 reason=no schema decoder path=elem.generalFlags
23:18:09 DEBUG              [MsgPush.UnknownElement] wire element ignored unknownTag=13 wireType=0 count=1 bytes=1 reason=no schema decoder path=elem.generalFlags
23:18:09 DEBUG              [MsgPush.UnknownElement] wire element ignored unknownTag=16 wireType=0 count=1 bytes=1 reason=no schema decoder path=elem.generalFlags
23:18:09 DEBUG              [MsgPush.UnknownElement] wire element ignored unknownTag=17 wireType=0 count=1 bytes=1 reason=no schema decoder path=elem.generalFlags
23:18:09 DEBUG              [MsgPush.UnknownElement] wire element ignored unknownTag=19 wireType=2 count=1 bytes=108 reason=no schema decoder path=elem.generalFlags
23:18:09 DEBUG              [MsgPush.UnknownElement] wire element ignored unknownTag=9 wireType=2 count=1 bytes=8 reason=no schema decoder path=elem
23:18:09 DEBUG              [MsgPush.UnknownElement] wire element ignored unknownTag=11 wireType=0 count=1 bytes=1 reason=no schema decoder path=text.pbReserve
23:18:09 OK    [3868978960] [Event] 群 [NSUK模组-高级用户群(455415527)] | [【仅受理建筑相关】-苏晴晴在此-(2639131152)]: ID:1915120077 [回复 [我是梦蓝咯(3630797734)]: /openGL] /openGL
23:18:09 DEBUG [3868978960] [Bridge.Action] get_msg params=message_id=1428300145
23:18:09 DEBUG [3868978960] [Bridge.Action] send_group_msg params=group_id=455415527 message=[len=1]
23:18:09 INFO               [OneBot] 群聊 455415527 | 发送：管理命令仅管理员可用。
23:18:09 DEBUG              [MsgPush.UnknownElement] wire element ignored unknownTag=1 wireType=2 count=1 bytes=34 reason=no schema decoder path=body.richText
23:18:09 DEBUG              [MsgPush.UnknownElement] wire element ignored unknownTag=9 wireType=2 count=1 bytes=5 reason=no schema decoder path=elem
23:18:09 DEBUG              [MsgPush.UnknownElement] wire element ignored unknownTag=10 wireType=0 count=1 bytes=1 reason=no schema decoder path=elem.generalFlags
23:18:09 DEBUG              [MsgPush.UnknownElement] wire element ignored unknownTag=12 wireType=0 count=1 bytes=1 reason=no schema decoder path=elem.generalFlags
23:18:09 DEBUG              [MsgPush.UnknownElement] wire element ignored unknownTag=13 wireType=0 count=1 bytes=1 reason=no schema decoder path=elem.generalFlags
23:18:09 DEBUG              [MsgPush.UnknownElement] wire element ignored unknownTag=19 wireType=2 count=1 bytes=93 reason=no schema decoder path=elem.generalFlags
23:18:09 OK    [3868978960] [Event] [自身] 群 [NSUK模组-高级用户群(455415527)] | [机器人测试账号(3868978960)]: ID:-2056061722 管理命令仅管理员可用。
23:18:22 DEBUG              [MsgPush.UnknownElement] wire element ignored unknownTag=1 wireType=2 count=1 bytes=34 reason=no schema decoder path=body.richText
23:18:22 DEBUG              [MsgPush.UnknownElement] wire element ignored unknownTag=10 wireType=0 count=1 bytes=1 reason=no schema decoder path=elem.generalFlags
23:18:22 DEBUG              [MsgPush.UnknownElement] wire element ignored unknownTag=12 wireType=0 count=1 bytes=1 reason=no schema decoder path=elem.generalFlags
23:18:22 DEBUG              [MsgPush.UnknownElement] wire element ignored unknownTag=13 wireType=0 count=1 bytes=1 reason=no schema decoder path=elem.generalFlags
23:18:22 DEBUG              [MsgPush.UnknownElement] wire element ignored unknownTag=16 wireType=0 count=1 bytes=1 reason=no schema decoder path=elem.generalFlags
23:18:22 DEBUG              [MsgPush.UnknownElement] wire element ignored unknownTag=17 wireType=0 count=1 bytes=1 reason=no schema decoder path=elem.generalFlags
23:18:22 DEBUG              [MsgPush.UnknownElement] wire element ignored unknownTag=19 wireType=2 count=1 bytes=110 reason=no schema decoder path=elem.generalFlags
23:18:22 DEBUG              [MsgPush.UnknownElement] wire element ignored unknownTag=9 wireType=2 count=1 bytes=8 reason=no schema decoder path=elem
23:18:22 DEBUG              [MsgPush.UnknownElement] wire element ignored unknownTag=2 wireType=2 count=1 bytes=21 reason=no schema decoder path=commonElem.msgInfo.msgInfoBody[0].hashSum
23:18:22 DEBUG              [MsgPush.UnknownElement] wire element ignored unknownTag=3 wireType=0 count=1 bytes=3 reason=no schema decoder path=commonElem.msgInfo.extBizInfo.pic.extData
23:18:22 DEBUG              [MsgPush.UnknownElement] wire element ignored unknownTag=4 wireType=0 count=1 bytes=1 reason=no schema decoder path=commonElem.msgInfo.extBizInfo.pic.extData
23:18:22 DEBUG              [MsgPush.UnknownElement] wire element ignored unknownTag=10 wireType=0 count=1 bytes=1 reason=no schema decoder path=commonElem.msgInfo.extBizInfo.pic.extData
23:18:22 DEBUG              [MsgPush.UnknownElement] wire element ignored unknownTag=12 wireType=2 count=1 bytes=1 reason=no schema decoder path=commonElem.msgInfo.extBizInfo.pic.extData
23:18:22 DEBUG              [MsgPush.UnknownElement] wire element ignored unknownTag=18 wireType=2 count=1 bytes=1 reason=no schema decoder path=commonElem.msgInfo.extBizInfo.pic.extData
23:18:22 DEBUG              [MsgPush.UnknownElement] wire element ignored unknownTag=19 wireType=2 count=1 bytes=1 reason=no schema decoder path=commonElem.msgInfo.extBizInfo.pic.extData
23:18:22 DEBUG              [MsgPush.UnknownElement] wire element ignored unknownTag=21 wireType=2 count=1 bytes=13 reason=no schema decoder path=commonElem.msgInfo.extBizInfo.pic.extData
23:18:22 DEBUG              [MsgPush.UnknownElement] wire element ignored unknownTag=30 wireType=2 count=1 bytes=87 reason=no schema decoder path=commonElem.msgInfo.extBizInfo.pic.extData
23:18:22 DEBUG              [MsgPush.UnknownElement] wire element ignored unknownTag=31 wireType=2 count=1 bytes=33 reason=no schema decoder path=commonElem.msgInfo.extBizInfo.pic.extData
23:18:22 OK    [3868978960] [Event] 群 [NSUK模组-高级用户群(455415527)] | [【仅受理建筑相关】-苏晴晴在此-(2639131152)]: ID:-1186397204 [图片]
23:18:35 DEBUG              [MsgPush.UnknownElement] wire element ignored unknownTag=1 wireType=2 count=1 bytes=34 reason=no schema decoder path=body.richText
23:18:35 DEBUG              [MsgPush.UnknownElement] wire element ignored unknownTag=10 wireType=0 count=1 bytes=1 reason=no schema decoder path=elem.generalFlags
23:18:35 DEBUG              [MsgPush.UnknownElement] wire element ignored unknownTag=12 wireType=0 count=1 bytes=1 reason=no schema decoder path=elem.generalFlags
23:18:35 DEBUG              [MsgPush.UnknownElement] wire element ignored unknownTag=13 wireType=0 count=1 bytes=1 reason=no schema decoder path=elem.generalFlags
23:18:35 DEBUG              [MsgPush.UnknownElement] wire element ignored unknownTag=17 wireType=0 count=1 bytes=1 reason=no schema decoder path=elem.generalFlags
23:18:35 DEBUG              [MsgPush.UnknownElement] wire element ignored unknownTag=19 wireType=2 count=1 bytes=108 reason=no schema decoder path=elem.generalFlags
23:18:35 DEBUG              [MsgPush.UnknownElement] wire element ignored unknownTag=9 wireType=2 count=1 bytes=8 reason=no schema decoder path=elem
23:18:35 OK    [3868978960] [Event] 群 [NSUK模组-高级用户群(455415527)] | [我是梦蓝咯(3630797734)]: ID:-2080656628 现在先不能用
23:18:51 DEBUG              [MsgPush.UnknownElement] wire element ignored unknownTag=1 wireType=2 count=1 bytes=33 reason=no schema decoder path=body.richText
23:18:51 DEBUG              [MsgPush.UnknownElement] wire element ignored unknownTag=10 wireType=0 count=1 bytes=1 reason=no schema decoder path=elem.generalFlags
23:18:51 DEBUG              [MsgPush.UnknownElement] wire element ignored unknownTag=12 wireType=0 count=1 bytes=1 reason=no schema decoder path=elem.generalFlags
23:18:51 DEBUG              [MsgPush.UnknownElement] wire element ignored unknownTag=13 wireType=0 count=1 bytes=1 reason=no schema decoder path=elem.generalFlags
23:18:51 DEBUG              [MsgPush.UnknownElement] wire element ignored unknownTag=16 wireType=0 count=1 bytes=1 reason=no schema decoder path=elem.generalFlags
23:18:51 DEBUG              [MsgPush.UnknownElement] wire element ignored unknownTag=17 wireType=0 count=1 bytes=1 reason=no schema decoder path=elem.generalFlags
23:18:51 DEBUG              [MsgPush.UnknownElement] wire element ignored unknownTag=19 wireType=2 count=1 bytes=110 reason=no schema decoder path=elem.generalFlags
23:18:51 DEBUG              [MsgPush.UnknownElement] wire element ignored unknownTag=9 wireType=2 count=1 bytes=8 reason=no schema decoder path=elem
23:18:51 OK    [3868978960] [Event] 群 [NSUK模组-高级用户群(455415527)] | [【仅受理建筑相关】-苏晴晴在此-(2639131152)]: ID:2074236704 ok
23:18:56 DEBUG              [MsgPush.UnknownElement] wire element ignored unknownTag=1 wireType=2 count=1 bytes=34 reason=no schema decoder path=body.richText
23:18:56 DEBUG              [MsgPush.UnknownElement] wire element ignored unknownTag=10 wireType=0 count=1 bytes=1 reason=no schema decoder path=elem.generalFlags
23:18:56 DEBUG              [MsgPush.UnknownElement] wire element ignored unknownTag=12 wireType=0 count=1 bytes=1 reason=no schema decoder path=elem.generalFlags
23:18:56 DEBUG              [MsgPush.UnknownElement] wire element ignored unknownTag=13 wireType=0 count=1 bytes=1 reason=no schema decoder path=elem.generalFlags
23:18:56 DEBUG              [MsgPush.UnknownElement] wire element ignored unknownTag=16 wireType=0 count=1 bytes=1 reason=no schema decoder path=elem.generalFlags
23:18:56 DEBUG              [MsgPush.UnknownElement] wire element ignored unknownTag=17 wireType=0 count=1 bytes=1 reason=no schema decoder path=elem.generalFlags
23:18:56 DEBUG              [MsgPush.UnknownElement] wire element ignored unknownTag=19 wireType=2 count=1 bytes=110 reason=no schema decoder path=elem.generalFlags
23:18:56 DEBUG              [MsgPush.UnknownElement] wire element ignored unknownTag=9 wireType=2 count=1 bytes=8 reason=no schema decoder path=elem
23:18:56 OK    [3868978960] [Event] 群 [NSUK模组-高级用户群(455415527)] | [【仅受理建筑相关】-苏晴晴在此-(2639131152)]: ID:1151847381 你先调试着
23:24:29 DEBUG              [MsgPush.UnknownElement] wire element ignored unknownTag=1 wireType=2 count=1 bytes=34 reason=no schema decoder path=body.richText
23:24:29 DEBUG              [MsgPush.UnknownElement] wire element ignored unknownTag=10 wireType=0 count=1 bytes=1 reason=no schema decoder path=elem.generalFlags
23:24:29 DEBUG              [MsgPush.UnknownElement] wire element ignored unknownTag=12 wireType=0 count=1 bytes=1 reason=no schema decoder path=elem.generalFlags
23:24:29 DEBUG              [MsgPush.UnknownElement] wire element ignored unknownTag=13 wireType=0 count=1 bytes=1 reason=no schema decoder path=elem.generalFlags
23:24:29 DEBUG              [MsgPush.UnknownElement] wire element ignored unknownTag=17 wireType=0 count=1 bytes=1 reason=no schema decoder path=elem.generalFlags
23:24:29 DEBUG              [MsgPush.UnknownElement] wire element ignored unknownTag=19 wireType=2 count=1 bytes=104 reason=no schema decoder path=elem.generalFlags
23:24:29 DEBUG              [MsgPush.UnknownElement] wire element ignored unknownTag=9 wireType=2 count=1 bytes=8 reason=no schema decoder path=elem
23:24:29 OK    [3868978960] [Event] 群 [NSUK模组-高级用户群(455415527)] | [我是梦蓝咯(3630797734)]: ID:-147275086 /openGL
23:24:29 DEBUG [3868978960] [Bridge.Action] send_group_msg params=group_id=455415527 message=[len=1]
23:24:30 INFO               [OneBot] 群聊 455415527 | 发送：这是openGL：[CQ：image,file=file:///{ROOT}/img/OpenGL_...
23:24:30 DEBUG              [MsgPush.UnknownElement] wire element ignored unknownTag=1 wireType=2 count=1 bytes=33 reason=no schema decoder path=body.richText
23:24:30 DEBUG              [MsgPush.UnknownElement] wire element ignored unknownTag=9 wireType=2 count=1 bytes=5 reason=no schema decoder path=elem
23:24:30 DEBUG              [MsgPush.UnknownElement] wire element ignored unknownTag=10 wireType=0 count=1 bytes=1 reason=no schema decoder path=elem.generalFlags
23:24:30 DEBUG              [MsgPush.UnknownElement] wire element ignored unknownTag=12 wireType=0 count=1 bytes=1 reason=no schema decoder path=elem.generalFlags
23:24:30 DEBUG              [MsgPush.UnknownElement] wire element ignored unknownTag=13 wireType=0 count=1 bytes=1 reason=no schema decoder path=elem.generalFlags
23:24:30 DEBUG              [MsgPush.UnknownElement] wire element ignored unknownTag=19 wireType=2 count=1 bytes=94 reason=no schema decoder path=elem.generalFlags
23:24:30 OK    [3868978960] [Event] [自身] 群 [NSUK模组-高级用户群(455415527)] | [机器人测试账号(3868978960)]: ID:-415633619 这是openGL：[CQ：image,file=file:///{ROOT}/img/OpenGL_...
23:24:59 DEBUG              [MsgPush.UnknownElement] wire element ignored unknownTag=1 wireType=2 count=1 bytes=33 reason=no schema decoder path=body.richText
23:24:59 DEBUG              [MsgPush.UnknownElement] wire element ignored unknownTag=10 wireType=0 count=1 bytes=1 reason=no schema decoder path=elem.generalFlags
23:24:59 DEBUG              [MsgPush.UnknownElement] wire element ignored unknownTag=12 wireType=0 count=1 bytes=1 reason=no schema decoder path=elem.generalFlags
23:24:59 DEBUG              [MsgPush.UnknownElement] wire element ignored unknownTag=13 wireType=0 count=1 bytes=1 reason=no schema decoder path=elem.generalFlags
23:24:59 DEBUG              [MsgPush.UnknownElement] wire element ignored unknownTag=16 wireType=0 count=1 bytes=1 reason=no schema decoder path=elem.generalFlags
23:24:59 DEBUG              [MsgPush.UnknownElement] wire element ignored unknownTag=17 wireType=0 count=1 bytes=1 reason=no schema decoder path=elem.generalFlags
23:24:59 DEBUG              [MsgPush.UnknownElement] wire element ignored unknownTag=19 wireType=2 count=1 bytes=110 reason=no schema decoder path=elem.generalFlags
23:24:59 DEBUG              [MsgPush.UnknownElement] wire element ignored unknownTag=9 wireType=2 count=1 bytes=8 reason=no schema decoder path=elem
23:24:59 DEBUG              [MsgPush.UnknownElement] wire element ignored unknownTag=2 wireType=2 count=1 bytes=21 reason=no schema decoder path=commonElem.msgInfo.msgInfoBody[0].hashSum
23:24:59 DEBUG              [MsgPush.UnknownElement] wire element ignored unknownTag=3 wireType=0 count=1 bytes=1 reason=no schema decoder path=commonElem.msgInfo.extBizInfo.pic.extData
23:24:59 DEBUG              [MsgPush.UnknownElement] wire element ignored unknownTag=4 wireType=0 count=1 bytes=1 reason=no schema decoder path=commonElem.msgInfo.extBizInfo.pic.extData
23:24:59 DEBUG              [MsgPush.UnknownElement] wire element ignored unknownTag=10 wireType=0 count=1 bytes=1 reason=no schema decoder path=commonElem.msgInfo.extBizInfo.pic.extData
23:24:59 DEBUG              [MsgPush.UnknownElement] wire element ignored unknownTag=12 wireType=2 count=1 bytes=1 reason=no schema decoder path=commonElem.msgInfo.extBizInfo.pic.extData
23:24:59 DEBUG              [MsgPush.UnknownElement] wire element ignored unknownTag=18 wireType=2 count=1 bytes=1 reason=no schema decoder path=commonElem.msgInfo.extBizInfo.pic.extData
23:24:59 DEBUG              [MsgPush.UnknownElement] wire element ignored unknownTag=19 wireType=2 count=1 bytes=1 reason=no schema decoder path=commonElem.msgInfo.extBizInfo.pic.extData
23:24:59 DEBUG              [MsgPush.UnknownElement] wire element ignored unknownTag=21 wireType=2 count=1 bytes=13 reason=no schema decoder path=commonElem.msgInfo.extBizInfo.pic.extData
23:24:59 DEBUG              [MsgPush.UnknownElement] wire element ignored unknownTag=30 wireType=2 count=1 bytes=87 reason=no schema decoder path=commonElem.msgInfo.extBizInfo.pic.extData
23:24:59 DEBUG              [MsgPush.UnknownElement] wire element ignored unknownTag=31 wireType=2 count=1 bytes=33 reason=no schema decoder path=commonElem.msgInfo.extBizInfo.pic.extData
23:24:59 OK    [3868978960] [Event] 群 [NSUK模组-高级用户群(455415527)] | [【仅受理建筑相关】-苏晴晴在此-(2639131152)]: ID:-1782577499 [图片]
23:25:18 DEBUG              [MsgPush.UnknownElement] wire element ignored unknownTag=1 wireType=2 count=1 bytes=34 reason=no schema decoder path=body.richText
23:25:18 DEBUG              [MsgPush.UnknownElement] wire element ignored unknownTag=2 wireType=2 count=1 bytes=21 reason=no schema decoder path=commonElem.msgInfo.msgInfoBody[0].hashSum
23:25:18 DEBUG              [MsgPush.UnknownElement] wire element ignored unknownTag=4 wireType=2 count=1 bytes=3 reason=no schema decoder path=commonElem.msgInfo.extBizInfo
23:25:18 DEBUG              [MsgPush.UnknownElement] wire element ignored unknownTag=9 wireType=2 count=1 bytes=3 reason=no schema decoder path=elem
23:25:18 DEBUG              [MsgPush.UnknownElement] wire element ignored unknownTag=10 wireType=0 count=1 bytes=1 reason=no schema decoder path=elem.generalFlags
23:25:18 DEBUG              [MsgPush.UnknownElement] wire element ignored unknownTag=12 wireType=0 count=1 bytes=1 reason=no schema decoder path=elem.generalFlags
23:25:18 DEBUG              [MsgPush.UnknownElement] wire element ignored unknownTag=13 wireType=0 count=1 bytes=1 reason=no schema decoder path=elem.generalFlags
23:25:18 DEBUG              [MsgPush.UnknownElement] wire element ignored unknownTag=19 wireType=2 count=1 bytes=98 reason=no schema decoder path=elem.generalFlags
23:25:18 OK    [3868978960] [Event] 群 [NSUK模组-高级用户群(455415527)] | [Helvetica_Volubi(1945892653)]: ID:-1713340532 [图片]
23:25:37 INFO  [3868978960] [Event] 精华 [NSUK模组-高级用户群(455415527)] | +精华
23:25:46 DEBUG              [MsgPush.UnknownElement] wire element ignored unknownTag=1 wireType=2 count=1 bytes=34 reason=no schema decoder path=body.richText
23:25:46 DEBUG              [MsgPush.UnknownElement] wire element ignored unknownTag=10 wireType=0 count=1 bytes=1 reason=no schema decoder path=elem.generalFlags
23:25:46 DEBUG              [MsgPush.UnknownElement] wire element ignored unknownTag=12 wireType=0 count=1 bytes=1 reason=no schema decoder path=elem.generalFlags
23:25:46 DEBUG              [MsgPush.UnknownElement] wire element ignored unknownTag=13 wireType=0 count=1 bytes=1 reason=no schema decoder path=elem.generalFlags
23:25:46 DEBUG              [MsgPush.UnknownElement] wire element ignored unknownTag=17 wireType=0 count=1 bytes=1 reason=no schema decoder path=elem.generalFlags
23:25:46 DEBUG              [MsgPush.UnknownElement] wire element ignored unknownTag=19 wireType=2 count=1 bytes=108 reason=no schema decoder path=elem.generalFlags
23:25:46 DEBUG              [MsgPush.UnknownElement] wire element ignored unknownTag=9 wireType=2 count=1 bytes=6 reason=no schema decoder path=elem
23:25:46 DEBUG              [MsgPush.UnknownElement] wire element ignored unknownTag=2 wireType=2 count=1 bytes=21 reason=no schema decoder path=commonElem.msgInfo.msgInfoBody[0].hashSum
23:25:46 DEBUG              [MsgPush.UnknownElement] wire element ignored unknownTag=4 wireType=2 count=1 bytes=3 reason=no schema decoder path=commonElem.msgInfo.extBizInfo
23:25:46 OK    [3868978960] [Event] 群 [NSUK模组-高级用户群(455415527)] | [我是梦蓝咯(3630797734)]: ID:-2099425041 [图片]
23:28:02 INFO  [3868978960] [Event] 群戳 [NSUK模组-高级用户群(455415527)] | [【仅受理建筑相关】-苏晴晴在此-(2639131152)] -> [Helvetica_Volubi(1945892653)]
23:30:14 DEBUG              [MsgPush.UnknownElement] wire element ignored unknownTag=1 wireType=2 count=1 bytes=34 reason=no schema decoder path=body.richText
23:30:14 DEBUG              [MsgPush.UnknownElement] wire element ignored unknownTag=10 wireType=0 count=1 bytes=1 reason=no schema decoder path=elem.generalFlags
23:30:14 DEBUG              [MsgPush.UnknownElement] wire element ignored unknownTag=12 wireType=0 count=1 bytes=1 reason=no schema decoder path=elem.generalFlags
23:30:14 DEBUG              [MsgPush.UnknownElement] wire element ignored unknownTag=13 wireType=0 count=1 bytes=1 reason=no schema decoder path=elem.generalFlags
23:30:14 DEBUG              [MsgPush.UnknownElement] wire element ignored unknownTag=17 wireType=0 count=1 bytes=1 reason=no schema decoder path=elem.generalFlags
23:30:14 DEBUG              [MsgPush.UnknownElement] wire element ignored unknownTag=19 wireType=2 count=1 bytes=108 reason=no schema decoder path=elem.generalFlags
23:30:14 DEBUG              [MsgPush.UnknownElement] wire element ignored unknownTag=9 wireType=2 count=1 bytes=6 reason=no schema decoder path=elem
23:30:14 DEBUG              [MsgPush.UnknownElement] wire element ignored unknownTag=2 wireType=2 count=1 bytes=21 reason=no schema decoder path=commonElem.msgInfo.msgInfoBody[0].hashSum
23:30:14 DEBUG              [MsgPush.UnknownElement] wire element ignored unknownTag=4 wireType=2 count=1 bytes=3 reason=no schema decoder path=commonElem.msgInfo.extBizInfo
23:30:14 OK    [3868978960] [Event] 群 [NSUK模组-高级用户群(455415527)] | [我是梦蓝咯(3630797734)]: ID:-1059405403 [图片]
23:31:32 DEBUG              [MsgPush.UnknownElement] wire element ignored unknownTag=1 wireType=2 count=1 bytes=34 reason=no schema decoder path=body.richText
23:31:32 DEBUG              [MsgPush.UnknownElement] wire element ignored unknownTag=2 wireType=2 count=1 bytes=21 reason=no schema decoder path=commonElem.msgInfo.msgInfoBody[0].hashSum
23:31:32 DEBUG              [MsgPush.UnknownElement] wire element ignored unknownTag=4 wireType=2 count=1 bytes=3 reason=no schema decoder path=commonElem.msgInfo.extBizInfo
23:31:32 DEBUG              [MsgPush.UnknownElement] wire element ignored unknownTag=9 wireType=2 count=1 bytes=3 reason=no schema decoder path=elem
23:31:32 DEBUG              [MsgPush.UnknownElement] wire element ignored unknownTag=10 wireType=0 count=1 bytes=1 reason=no schema decoder path=elem.generalFlags
23:31:32 DEBUG              [MsgPush.UnknownElement] wire element ignored unknownTag=12 wireType=0 count=1 bytes=1 reason=no schema decoder path=elem.generalFlags
23:31:32 DEBUG              [MsgPush.UnknownElement] wire element ignored unknownTag=13 wireType=0 count=1 bytes=1 reason=no schema decoder path=elem.generalFlags
23:31:32 DEBUG              [MsgPush.UnknownElement] wire element ignored unknownTag=19 wireType=2 count=1 bytes=99 reason=no schema decoder path=elem.generalFlags
23:31:32 OK    [3868978960] [Event] 群 [NSUK模组-高级用户群(455415527)] | [Helvetica_Volubi(1945892653)]: ID:1227440807 [图片]
23:31:34 DEBUG              [MsgPush.UnknownElement] wire element ignored unknownTag=1 wireType=2 count=1 bytes=34 reason=no schema decoder path=body.richText
23:31:34 DEBUG              [MsgPush.UnknownElement] wire element ignored unknownTag=9 wireType=2 count=1 bytes=5 reason=no schema decoder path=elem
23:31:34 DEBUG              [MsgPush.UnknownElement] wire element ignored unknownTag=10 wireType=0 count=1 bytes=1 reason=no schema decoder path=elem.generalFlags
23:31:34 DEBUG              [MsgPush.UnknownElement] wire element ignored unknownTag=12 wireType=0 count=1 bytes=1 reason=no schema decoder path=elem.generalFlags
23:31:34 DEBUG              [MsgPush.UnknownElement] wire element ignored unknownTag=13 wireType=0 count=1 bytes=1 reason=no schema decoder path=elem.generalFlags
23:31:34 DEBUG              [MsgPush.UnknownElement] wire element ignored unknownTag=19 wireType=2 count=1 bytes=95 reason=no schema decoder path=elem.generalFlags
23:31:34 OK    [3868978960] [Event] 群 [NSUK模组-高级用户群(455415527)] | [Helvetica_Volubi(1945892653)]: ID:2118580938 我就要写这个
23:32:40 WARN  [3868978960] [OneBot.WS-Server] [ws-default] socket error: read ECONNRESET
23:32:49 DEBUG              [MsgPush.UnknownElement] wire element ignored unknownTag=1 wireType=2 count=1 bytes=34 reason=no schema decoder path=body.richText
23:32:49 DEBUG              [MsgPush.UnknownElement] wire element ignored unknownTag=2 wireType=2 count=1 bytes=21 reason=no schema decoder path=commonElem.msgInfo.msgInfoBody[0].hashSum
23:32:49 DEBUG              [MsgPush.UnknownElement] wire element ignored unknownTag=4 wireType=2 count=1 bytes=3 reason=no schema decoder path=commonElem.msgInfo.extBizInfo
23:32:49 DEBUG              [MsgPush.UnknownElement] wire element ignored unknownTag=9 wireType=2 count=1 bytes=3 reason=no schema decoder path=elem
23:32:49 DEBUG              [MsgPush.UnknownElement] wire element ignored unknownTag=10 wireType=0 count=1 bytes=1 reason=no schema decoder path=elem.generalFlags
23:32:49 DEBUG              [MsgPush.UnknownElement] wire element ignored unknownTag=12 wireType=0 count=1 bytes=1 reason=no schema decoder path=elem.generalFlags
23:32:49 DEBUG              [MsgPush.UnknownElement] wire element ignored unknownTag=13 wireType=0 count=1 bytes=1 reason=no schema decoder path=elem.generalFlags
23:32:49 DEBUG              [MsgPush.UnknownElement] wire element ignored unknownTag=19 wireType=2 count=1 bytes=98 reason=no schema decoder path=elem.generalFlags
23:32:49 OK    [3868978960] [Event] 群 [NSUK模组-高级用户群(455415527)] | [Helvetica_Volubi(1945892653)]: ID:1474234408 [图片]
23:32:51 DEBUG [3868978960] [Bridge.Action] get_login_info params=
23:32:51 DEBUG [3868978960] [Bridge.Action] fetch_custom_face_detail params=count=100
23:33:15 DEBUG              [MsgPush.UnknownElement] wire element ignored unknownTag=1 wireType=2 count=1 bytes=34 reason=no schema decoder path=body.richText
23:33:15 DEBUG              [MsgPush.UnknownElement] wire element ignored unknownTag=10 wireType=0 count=1 bytes=1 reason=no schema decoder path=elem.generalFlags
23:33:15 DEBUG              [MsgPush.UnknownElement] wire element ignored unknownTag=12 wireType=0 count=1 bytes=1 reason=no schema decoder path=elem.generalFlags
23:33:15 DEBUG              [MsgPush.UnknownElement] wire element ignored unknownTag=13 wireType=0 count=1 bytes=1 reason=no schema decoder path=elem.generalFlags
23:33:15 DEBUG              [MsgPush.UnknownElement] wire element ignored unknownTag=17 wireType=0 count=1 bytes=1 reason=no schema decoder path=elem.generalFlags
23:33:15 DEBUG              [MsgPush.UnknownElement] wire element ignored unknownTag=19 wireType=2 count=1 bytes=108 reason=no schema decoder path=elem.generalFlags
23:33:15 DEBUG              [MsgPush.UnknownElement] wire element ignored unknownTag=9 wireType=2 count=1 bytes=6 reason=no schema decoder path=elem
23:33:15 DEBUG              [MsgPush.UnknownElement] wire element ignored unknownTag=2 wireType=2 count=1 bytes=21 reason=no schema decoder path=commonElem.msgInfo.msgInfoBody[0].hashSum
23:33:15 DEBUG              [MsgPush.UnknownElement] wire element ignored unknownTag=4 wireType=2 count=1 bytes=3 reason=no schema decoder path=commonElem.msgInfo.extBizInfo
23:33:15 OK    [3868978960] [Event] 群 [NSUK模组-高级用户群(455415527)] | [我是梦蓝咯(3630797734)]: ID:-1878527537 [图片]
23:33:15 DEBUG [3868978960] [Bridge.Action] send_group_msg params=group_id=455415527 message=[len=1]
23:33:16 INFO               [OneBot] 群聊 455415527 | 发送：⏳ 系统服务重启中，消息已排队，恢复后自动处理（队列保留 1 分钟）。
23:33:16 DEBUG              [MsgPush.UnknownElement] wire element ignored unknownTag=1 wireType=2 count=1 bytes=34 reason=no schema decoder path=body.richText
23:33:16 DEBUG              [MsgPush.UnknownElement] wire element ignored unknownTag=9 wireType=2 count=1 bytes=5 reason=no schema decoder path=elem
23:33:16 DEBUG              [MsgPush.UnknownElement] wire element ignored unknownTag=10 wireType=0 count=1 bytes=1 reason=no schema decoder path=elem.generalFlags
23:33:16 DEBUG              [MsgPush.UnknownElement] wire element ignored unknownTag=12 wireType=0 count=1 bytes=1 reason=no schema decoder path=elem.generalFlags
23:33:16 DEBUG              [MsgPush.UnknownElement] wire element ignored unknownTag=13 wireType=0 count=1 bytes=1 reason=no schema decoder path=elem.generalFlags
23:33:16 DEBUG              [MsgPush.UnknownElement] wire element ignored unknownTag=19 wireType=2 count=1 bytes=93 reason=no schema decoder path=elem.generalFlags
23:33:16 OK    [3868978960] [Event] [自身] 群 [NSUK模组-高级用户群(455415527)] | [机器人测试账号(3868978960)]: ID:43473807 ⏳ 系统服务重启中，消息已排队，恢复后自动处理（队列保留 1 分钟）。
23:33:21 DEBUG              [MsgPush.UnknownElement] wire element ignored unknownTag=1 wireType=2 count=1 bytes=34 reason=no schema decoder path=body.richText
23:33:21 DEBUG              [MsgPush.UnknownElement] wire element ignored unknownTag=10 wireType=0 count=1 bytes=1 reason=no schema decoder path=elem.generalFlags
23:33:21 DEBUG              [MsgPush.UnknownElement] wire element ignored unknownTag=12 wireType=0 count=1 bytes=1 reason=no schema decoder path=elem.generalFlags
23:33:21 DEBUG              [MsgPush.UnknownElement] wire element ignored unknownTag=13 wireType=0 count=1 bytes=1 reason=no schema decoder path=elem.generalFlags
23:33:21 DEBUG              [MsgPush.UnknownElement] wire element ignored unknownTag=17 wireType=0 count=1 bytes=1 reason=no schema decoder path=elem.generalFlags
23:33:21 DEBUG              [MsgPush.UnknownElement] wire element ignored unknownTag=19 wireType=2 count=1 bytes=105 reason=no schema decoder path=elem.generalFlags
23:33:21 DEBUG              [MsgPush.UnknownElement] wire element ignored unknownTag=9 wireType=2 count=1 bytes=8 reason=no schema decoder path=elem
23:33:21 OK    [3868978960] [Event] 群 [NSUK模组-高级用户群(455415527)] | [我是梦蓝咯(3630797734)]: ID:793800776 /openGL
23:34:13 DEBUG              [MsgPush.UnknownElement] wire element ignored unknownTag=1 wireType=2 count=1 bytes=33 reason=no schema decoder path=body.richText
23:34:13 DEBUG              [MsgPush.UnknownElement] wire element ignored unknownTag=10 wireType=0 count=1 bytes=1 reason=no schema decoder path=elem.generalFlags
23:34:13 DEBUG              [MsgPush.UnknownElement] wire element ignored unknownTag=12 wireType=0 count=1 bytes=1 reason=no schema decoder path=elem.generalFlags
23:34:13 DEBUG              [MsgPush.UnknownElement] wire element ignored unknownTag=13 wireType=0 count=1 bytes=1 reason=no schema decoder path=elem.generalFlags
23:34:13 DEBUG              [MsgPush.UnknownElement] wire element ignored unknownTag=17 wireType=0 count=1 bytes=1 reason=no schema decoder path=elem.generalFlags
23:34:13 DEBUG              [MsgPush.UnknownElement] wire element ignored unknownTag=19 wireType=2 count=1 bytes=107 reason=no schema decoder path=elem.generalFlags
23:34:13 DEBUG              [MsgPush.UnknownElement] wire element ignored unknownTag=9 wireType=2 count=1 bytes=8 reason=no schema decoder path=elem
23:34:13 OK    [3868978960] [Event] 群 [NSUK模组-高级用户群(455415527)] | [我是梦蓝咯(3630797734)]: ID:-109045793 /openGL
23:34:13 DEBUG [3868978960] [Bridge.Action] send_group_msg params=group_id=455415527 message=[len=2]
23:34:13 WARN  [3868978960] [Bridge.Action] send_group_msg failed: message segment array entries must be objects with a non-empty string type
MessageElementValidationError: message segment array entries must be objects with a non-empty string type
    at parseMessage (file:///C:/Users/%E5%B0%8F%E4%BA%AE%E5%82%BB%E9%80%BC/Desktop/SnowLuma-v1.14.19-win-x64/index.mjs:4326:39)
    at sendGroupMessage (file:///C:/Users/%E5%B0%8F%E4%BA%AE%E5%82%BB%E9%80%BC/Desktop/SnowLuma-v1.14.19-win-x64/index.mjs:17243:25)
    at Object.sendGroupMessage (file:///C:/Users/%E5%B0%8F%E4%BA%AE%E5%82%BB%E9%80%BC/Desktop/SnowLuma-v1.14.19-win-x64/index.mjs:18722:55)
    at Object.run (file:///C:/Users/%E5%B0%8F%E4%BA%AE%E5%82%BB%E9%80%BC/Desktop/SnowLuma-v1.14.19-win-x64/config-CEQwQxHY.js:1696:47)
    at file:///C:/Users/%E5%B0%8F%E4%BA%AE%E5%82%BB%E9%80%BC/Desktop/SnowLuma-v1.14.19-win-x64/config-CEQwQxHY.js:1393:14
    at ApiHandler.runAction (file:///C:/Users/%E5%B0%8F%E4%BA%AE%E5%82%BB%E9%80%BC/Desktop/SnowLuma-v1.14.19-win-x64/index.mjs:3425:21)
    at ApiHandler.handleInContext (file:///C:/Users/%E5%B0%8F%E4%BA%AE%E5%82%BB%E9%80%BC/Desktop/SnowLuma-v1.14.19-win-x64/index.mjs:3417:15)
    at file:///C:/Users/%E5%B0%8F%E4%BA%AE%E5%82%BB%E9%80%BC/Desktop/SnowLuma-v1.14.19-win-x64/index.mjs:3385:41
    at runWithTraceRequest (file:///C:/Users/%E5%B0%8F%E4%BA%AE%E5%82%BB%E9%80%BC/Desktop/SnowLuma-v1.14.19-win-x64/logger-BAozzyTt.js:1501:72)
    at ApiHandler.handle (file:///C:/Users/%E5%B0%8F%E4%BA%AE%E5%82%BB%E9%80%BC/Desktop/SnowLuma-v1.14.19-win-x64/index.mjs:3385:10)
23:36:11 DEBUG              [MsgPush.UnknownElement] wire element ignored unknownTag=1 wireType=2 count=1 bytes=34 reason=no schema decoder path=body.richText
23:36:11 DEBUG              [MsgPush.UnknownElement] wire element ignored unknownTag=10 wireType=0 count=1 bytes=1 reason=no schema decoder path=elem.generalFlags
23:36:11 DEBUG              [MsgPush.UnknownElement] wire element ignored unknownTag=12 wireType=0 count=1 bytes=1 reason=no schema decoder path=elem.generalFlags
23:36:11 DEBUG              [MsgPush.UnknownElement] wire element ignored unknownTag=13 wireType=0 count=1 bytes=1 reason=no schema decoder path=elem.generalFlags
23:36:11 DEBUG              [MsgPush.UnknownElement] wire element ignored unknownTag=16 wireType=0 count=1 bytes=1 reason=no schema decoder path=elem.generalFlags
23:36:11 DEBUG              [MsgPush.UnknownElement] wire element ignored unknownTag=17 wireType=0 count=1 bytes=1 reason=no schema decoder path=elem.generalFlags
23:36:11 DEBUG              [MsgPush.UnknownElement] wire element ignored unknownTag=19 wireType=2 count=1 bytes=111 reason=no schema decoder path=elem.generalFlags
23:36:11 DEBUG              [MsgPush.UnknownElement] wire element ignored unknownTag=9 wireType=2 count=1 bytes=5 reason=no schema decoder path=elem
23:36:11 DEBUG              [MsgPush.UnknownElement] wire element ignored unknownTag=11 wireType=0 count=1 bytes=1 reason=no schema decoder path=text.pbReserve
23:36:11 OK    [3868978960] [Event] 群 [NSUK模组-高级用户群(455415527)] | [艾迪(2325956352)]: ID:-939732843 @2744518057 想你了
23:36:11 DEBUG [3868978960] [Bridge.Action] get_group_member_info params=group_id=455415527 user_id=2744518057
23:36:34 WARN  [3868978960] [OneBot.WS-Server] [ws-default] socket error: read ECONNRESET
23:36:44 DEBUG [3868978960] [Bridge.Action] get_login_info params=
23:36:44 DEBUG [3868978960] [Bridge.Action] fetch_custom_face_detail params=count=100
23:36:52 DEBUG              [MsgPush.UnknownElement] wire element ignored unknownTag=1 wireType=2 count=1 bytes=34 reason=no schema decoder path=body.richText
23:36:52 DEBUG              [MsgPush.UnknownElement] wire element ignored unknownTag=10 wireType=0 count=1 bytes=1 reason=no schema decoder path=elem.generalFlags
23:36:52 DEBUG              [MsgPush.UnknownElement] wire element ignored unknownTag=12 wireType=0 count=1 bytes=1 reason=no schema decoder path=elem.generalFlags
23:36:52 DEBUG              [MsgPush.UnknownElement] wire element ignored unknownTag=13 wireType=0 count=1 bytes=1 reason=no schema decoder path=elem.generalFlags
23:36:52 DEBUG              [MsgPush.UnknownElement] wire element ignored unknownTag=17 wireType=0 count=1 bytes=1 reason=no schema decoder path=elem.generalFlags
23:36:52 DEBUG              [MsgPush.UnknownElement] wire element ignored unknownTag=19 wireType=2 count=1 bytes=107 reason=no schema decoder path=elem.generalFlags
23:36:52 DEBUG              [MsgPush.UnknownElement] wire element ignored unknownTag=9 wireType=2 count=1 bytes=8 reason=no schema decoder path=elem
23:36:52 OK    [3868978960] [Event] 群 [NSUK模组-高级用户群(455415527)] | [我是梦蓝咯(3630797734)]: ID:2147319021 /openGL
23:36:52 DEBUG [3868978960] [Bridge.Action] send_group_msg params=group_id=455415527 message=[len=1]
23:36:52 INFO               [OneBot] 群聊 455415527 | 发送：⏳ 系统服务重启中，消息已排队，恢复后自动处理（队列保留 1 分钟）。
23:36:52 DEBUG              [MsgPush.UnknownElement] wire element ignored unknownTag=1 wireType=2 count=1 bytes=34 reason=no schema decoder path=body.richText
23:36:52 DEBUG              [MsgPush.UnknownElement] wire element ignored unknownTag=9 wireType=2 count=1 bytes=5 reason=no schema decoder path=elem
23:36:52 DEBUG              [MsgPush.UnknownElement] wire element ignored unknownTag=10 wireType=0 count=1 bytes=1 reason=no schema decoder path=elem.generalFlags
23:36:52 DEBUG              [MsgPush.UnknownElement] wire element ignored unknownTag=12 wireType=0 count=1 bytes=1 reason=no schema decoder path=elem.generalFlags
23:36:52 DEBUG              [MsgPush.UnknownElement] wire element ignored unknownTag=13 wireType=0 count=1 bytes=1 reason=no schema decoder path=elem.generalFlags
23:36:52 DEBUG              [MsgPush.UnknownElement] wire element ignored unknownTag=19 wireType=2 count=1 bytes=94 reason=no schema decoder path=elem.generalFlags
23:36:52 OK    [3868978960] [Event] [自身] 群 [NSUK模组-高级用户群(455415527)] | [机器人测试账号(3868978960)]: ID:1936658837 ⏳ 系统服务重启中，消息已排队，恢复后自动处理（队列保留 1 分钟）。
23:37:15 DEBUG              [MsgPush.UnknownElement] wire element ignored unknownTag=1 wireType=2 count=1 bytes=34 reason=no schema decoder path=body.richText
23:37:15 DEBUG              [MsgPush.UnknownElement] wire element ignored unknownTag=10 wireType=0 count=1 bytes=1 reason=no schema decoder path=elem.generalFlags
23:37:15 DEBUG              [MsgPush.UnknownElement] wire element ignored unknownTag=12 wireType=0 count=1 bytes=1 reason=no schema decoder path=elem.generalFlags
23:37:15 DEBUG              [MsgPush.UnknownElement] wire element ignored unknownTag=13 wireType=0 count=1 bytes=1 reason=no schema decoder path=elem.generalFlags
23:37:15 DEBUG              [MsgPush.UnknownElement] wire element ignored unknownTag=17 wireType=0 count=1 bytes=1 reason=no schema decoder path=elem.generalFlags
23:37:15 DEBUG              [MsgPush.UnknownElement] wire element ignored unknownTag=19 wireType=2 count=1 bytes=107 reason=no schema decoder path=elem.generalFlags
23:37:15 DEBUG              [MsgPush.UnknownElement] wire element ignored unknownTag=9 wireType=2 count=1 bytes=8 reason=no schema decoder path=elem
23:37:15 OK    [3868978960] [Event] 群 [NSUK模组-高级用户群(455415527)] | [我是梦蓝咯(3630797734)]: ID:-422304325 /openGL
23:37:15 DEBUG [3868978960] [Bridge.Action] send_group_msg params=group_id=455415527 message=[len=2]
23:37:15 DEBUG [3868978960] [Highway.Image] uploading 17937 bytes md5=5093f6cd... → group 455415527
23:37:15 DEBUG [3868978960] [Highway] image fast-upload hit for sub=top (server reusing cached resource)
23:37:15 DEBUG [3868978960] [Highway] image fast-upload hit (server already had bytes)
23:37:16 DEBUG              [MsgPush.UnknownElement] wire element ignored unknownTag=1 wireType=2 count=1 bytes=34 reason=no schema decoder path=body.richText
23:37:16 DEBUG              [MsgPush.UnknownElement] wire element ignored unknownTag=9 wireType=2 count=1 bytes=3 reason=no schema decoder path=elem
23:37:16 DEBUG              [MsgPush.UnknownElement] wire element ignored unknownTag=10 wireType=0 count=1 bytes=1 reason=no schema decoder path=elem.generalFlags
23:37:16 DEBUG              [MsgPush.UnknownElement] wire element ignored unknownTag=12 wireType=0 count=1 bytes=1 reason=no schema decoder path=elem.generalFlags
23:37:16 DEBUG              [MsgPush.UnknownElement] wire element ignored unknownTag=13 wireType=0 count=1 bytes=1 reason=no schema decoder path=elem.generalFlags
23:37:16 DEBUG              [MsgPush.UnknownElement] wire element ignored unknownTag=19 wireType=2 count=1 bytes=94 reason=no schema decoder path=elem.generalFlags
23:37:16 OK    [3868978960] [Event] [自身] 群 [NSUK模组-高级用户群(455415527)] | [机器人测试账号(3868978960)]: ID:361883378 这是openGL： [图片]
23:37:16 INFO               [OneBot] 群聊 455415527 | 发送：这是openGL： [图片]
23:37:19 DEBUG              [MsgPush.UnknownElement] wire element ignored unknownTag=1 wireType=2 count=1 bytes=34 reason=no schema decoder path=body.richText
23:37:19 DEBUG              [MsgPush.UnknownElement] wire element ignored unknownTag=10 wireType=0 count=1 bytes=1 reason=no schema decoder path=elem.generalFlags
23:37:19 DEBUG              [MsgPush.UnknownElement] wire element ignored unknownTag=12 wireType=0 count=1 bytes=1 reason=no schema decoder path=elem.generalFlags
23:37:19 DEBUG              [MsgPush.UnknownElement] wire element ignored unknownTag=13 wireType=0 count=1 bytes=1 reason=no schema decoder path=elem.generalFlags
23:37:19 DEBUG              [MsgPush.UnknownElement] wire element ignored unknownTag=17 wireType=0 count=1 bytes=1 reason=no schema decoder path=elem.generalFlags
23:37:19 DEBUG              [MsgPush.UnknownElement] wire element ignored unknownTag=19 wireType=2 count=1 bytes=108 reason=no schema decoder path=elem.generalFlags
23:37:19 DEBUG              [MsgPush.UnknownElement] wire element ignored unknownTag=9 wireType=2 count=1 bytes=8 reason=no schema decoder path=elem
23:37:19 OK    [3868978960] [Event] 群 [NSUK模组-高级用户群(455415527)] | [我是梦蓝咯(3630797734)]: ID:1219218670 好了
23:38:18 DEBUG              [MsgPush.UnknownElement] wire element ignored unknownTag=1 wireType=2 count=1 bytes=34 reason=no schema decoder path=body.richText
23:38:18 DEBUG              [MsgPush.UnknownElement] wire element ignored unknownTag=10 wireType=0 count=1 bytes=1 reason=no schema decoder path=elem.generalFlags
23:38:18 DEBUG              [MsgPush.UnknownElement] wire element ignored unknownTag=12 wireType=0 count=1 bytes=1 reason=no schema decoder path=elem.generalFlags
23:38:18 DEBUG              [MsgPush.UnknownElement] wire element ignored unknownTag=13 wireType=0 count=1 bytes=1 reason=no schema decoder path=elem.generalFlags
23:38:18 DEBUG              [MsgPush.UnknownElement] wire element ignored unknownTag=17 wireType=0 count=1 bytes=1 reason=no schema decoder path=elem.generalFlags
23:38:18 DEBUG              [MsgPush.UnknownElement] wire element ignored unknownTag=19 wireType=2 count=1 bytes=107 reason=no schema decoder path=elem.generalFlags
23:38:18 DEBUG              [MsgPush.UnknownElement] wire element ignored unknownTag=9 wireType=2 count=1 bytes=8 reason=no schema decoder path=elem
23:38:18 OK    [3868978960] [Event] 群 [NSUK模组-高级用户群(455415527)] | [我是梦蓝咯(3630797734)]: ID:813904448 openGL
23:39:37 DEBUG              [MsgPush.UnknownElement] wire element ignored unknownTag=1 wireType=2 count=1 bytes=34 reason=no schema decoder path=body.richText
23:39:37 DEBUG              [MsgPush.UnknownElement] wire element ignored unknownTag=10 wireType=0 count=1 bytes=1 reason=no schema decoder path=elem.generalFlags
23:39:37 DEBUG              [MsgPush.UnknownElement] wire element ignored unknownTag=12 wireType=0 count=1 bytes=1 reason=no schema decoder path=elem.generalFlags
23:39:37 DEBUG              [MsgPush.UnknownElement] wire element ignored unknownTag=13 wireType=0 count=1 bytes=1 reason=no schema decoder path=elem.generalFlags
23:39:37 DEBUG              [MsgPush.UnknownElement] wire element ignored unknownTag=16 wireType=0 count=1 bytes=1 reason=no schema decoder path=elem.generalFlags
23:39:37 DEBUG              [MsgPush.UnknownElement] wire element ignored unknownTag=17 wireType=0 count=1 bytes=1 reason=no schema decoder path=elem.generalFlags
23:39:37 DEBUG              [MsgPush.UnknownElement] wire element ignored unknownTag=19 wireType=2 count=1 bytes=113 reason=no schema decoder path=elem.generalFlags
23:39:37 DEBUG              [MsgPush.UnknownElement] wire element ignored unknownTag=9 wireType=2 count=1 bytes=8 reason=no schema decoder path=elem
23:39:37 OK    [3868978960] [Event] 群 [NSUK模组-高级用户群(455415527)] | [小问号(2744518057)]: ID:-2005101042 我也是
23:39:39 DEBUG              [MsgPush.UnknownElement] wire element ignored unknownTag=1 wireType=2 count=1 bytes=34 reason=no schema decoder path=body.richText
23:39:39 DEBUG              [MsgPush.UnknownElement] wire element ignored unknownTag=13 wireType=2 count=1 bytes=7 reason=no schema decoder path=text.pbReserve
23:39:39 DEBUG              [MsgPush.UnknownElement] wire element ignored unknownTag=10 wireType=0 count=1 bytes=1 reason=no schema decoder path=elem.generalFlags
23:39:39 DEBUG              [MsgPush.UnknownElement] wire element ignored unknownTag=12 wireType=0 count=1 bytes=1 reason=no schema decoder path=elem.generalFlags
23:39:39 DEBUG              [MsgPush.UnknownElement] wire element ignored unknownTag=13 wireType=0 count=1 bytes=1 reason=no schema decoder path=elem.generalFlags
23:39:39 DEBUG              [MsgPush.UnknownElement] wire element ignored unknownTag=16 wireType=0 count=1 bytes=1 reason=no schema decoder path=elem.generalFlags
23:39:39 DEBUG              [MsgPush.UnknownElement] wire element ignored unknownTag=17 wireType=0 count=1 bytes=1 reason=no schema decoder path=elem.generalFlags
23:39:39 DEBUG              [MsgPush.UnknownElement] wire element ignored unknownTag=19 wireType=2 count=1 bytes=115 reason=no schema decoder path=elem.generalFlags
23:39:39 DEBUG              [MsgPush.UnknownElement] wire element ignored unknownTag=9 wireType=2 count=1 bytes=6 reason=no schema decoder path=elem
23:39:39 DEBUG              [MsgPush.UnknownElement] wire element ignored unknownTag=11 wireType=0 count=1 bytes=1 reason=no schema decoder path=text.pbReserve
23:39:39 DEBUG              [MsgPush.UnknownElement] wire element ignored unknownTag=11 wireType=0 count=1 bytes=1 reason=no schema decoder path=text.pbReserve
23:39:39 OK    [3868978960] [Event] 群 [NSUK模组-高级用户群(455415527)] | [壹(3217933263)]: ID:-934634179 [回复 [我是梦蓝咯(3630797734)]: [图片]] @3630797734 6
23:39:39 DEBUG [3868978960] [Bridge.Action] get_msg params=message_id=-1878527537
23:39:39 DEBUG [3868978960] [Bridge.Action] get_group_member_info params=group_id=455415527 user_id=3630797734
23:39:45 DEBUG              [MsgPush.UnknownElement] wire element ignored unknownTag=1 wireType=2 count=1 bytes=33 reason=no schema decoder path=body.richText
23:39:45 DEBUG              [MsgPush.UnknownElement] wire element ignored unknownTag=10 wireType=0 count=1 bytes=1 reason=no schema decoder path=elem.generalFlags
23:39:45 DEBUG              [MsgPush.UnknownElement] wire element ignored unknownTag=12 wireType=0 count=1 bytes=1 reason=no schema decoder path=elem.generalFlags
23:39:45 DEBUG              [MsgPush.UnknownElement] wire element ignored unknownTag=13 wireType=0 count=1 bytes=1 reason=no schema decoder path=elem.generalFlags
23:39:45 DEBUG              [MsgPush.UnknownElement] wire element ignored unknownTag=16 wireType=0 count=1 bytes=1 reason=no schema decoder path=elem.generalFlags
23:39:45 DEBUG              [MsgPush.UnknownElement] wire element ignored unknownTag=17 wireType=0 count=1 bytes=1 reason=no schema decoder path=elem.generalFlags
23:39:45 DEBUG              [MsgPush.UnknownElement] wire element ignored unknownTag=19 wireType=2 count=1 bytes=116 reason=no schema decoder path=elem.generalFlags
23:39:45 DEBUG              [MsgPush.UnknownElement] wire element ignored unknownTag=9 wireType=2 count=1 bytes=6 reason=no schema decoder path=elem
23:39:45 DEBUG              [MsgPush.UnknownElement] wire element ignored unknownTag=2 wireType=2 count=1 bytes=21 reason=no schema decoder path=commonElem.msgInfo.msgInfoBody[0].hashSum
23:39:45 DEBUG              [MsgPush.UnknownElement] wire element ignored unknownTag=4 wireType=2 count=1 bytes=3 reason=no schema decoder path=commonElem.msgInfo.extBizInfo
23:39:45 DEBUG              [MsgPush.UnknownElement] wire element ignored unknownTag=3 wireType=0 count=1 bytes=1 reason=no schema decoder path=commonElem.msgInfo.extBizInfo.pic.extData
23:39:45 DEBUG              [MsgPush.UnknownElement] wire element ignored unknownTag=4 wireType=0 count=1 bytes=1 reason=no schema decoder path=commonElem.msgInfo.extBizInfo.pic.extData
23:39:45 DEBUG              [MsgPush.UnknownElement] wire element ignored unknownTag=10 wireType=0 count=1 bytes=1 reason=no schema decoder path=commonElem.msgInfo.extBizInfo.pic.extData
23:39:45 DEBUG              [MsgPush.UnknownElement] wire element ignored unknownTag=12 wireType=2 count=1 bytes=1 reason=no schema decoder path=commonElem.msgInfo.extBizInfo.pic.extData
23:39:45 DEBUG              [MsgPush.UnknownElement] wire element ignored unknownTag=18 wireType=2 count=1 bytes=1 reason=no schema decoder path=commonElem.msgInfo.extBizInfo.pic.extData
23:39:45 DEBUG              [MsgPush.UnknownElement] wire element ignored unknownTag=19 wireType=2 count=1 bytes=1 reason=no schema decoder path=commonElem.msgInfo.extBizInfo.pic.extData
23:39:45 DEBUG              [MsgPush.UnknownElement] wire element ignored unknownTag=21 wireType=2 count=1 bytes=13 reason=no schema decoder path=commonElem.msgInfo.extBizInfo.pic.extData
23:39:45 DEBUG              [MsgPush.UnknownElement] wire element ignored unknownTag=30 wireType=2 count=1 bytes=87 reason=no schema decoder path=commonElem.msgInfo.extBizInfo.pic.extData
23:39:45 DEBUG              [MsgPush.UnknownElement] wire element ignored unknownTag=31 wireType=2 count=1 bytes=33 reason=no schema decoder path=commonElem.msgInfo.extBizInfo.pic.extData
23:39:45 DEBUG              [MsgPush.UnknownElement] wire element ignored unknownTag=34 wireType=0 count=1 bytes=1 reason=no schema decoder path=commonElem.msgInfo.extBizInfo.pic.extData
23:39:45 OK    [3868978960] [Event] 群 [NSUK模组-高级用户群(455415527)] | [壹(3217933263)]: ID:1523479387 [图片]
23:40:58 DEBUG              [MsgPush.UnknownElement] wire element ignored unknownTag=1 wireType=2 count=1 bytes=34 reason=no schema decoder path=body.richText
23:40:58 DEBUG              [MsgPush.UnknownElement] wire element ignored unknownTag=10 wireType=0 count=1 bytes=1 reason=no schema decoder path=elem.generalFlags
23:40:58 DEBUG              [MsgPush.UnknownElement] wire element ignored unknownTag=12 wireType=0 count=1 bytes=1 reason=no schema decoder path=elem.generalFlags
23:40:58 DEBUG              [MsgPush.UnknownElement] wire element ignored unknownTag=13 wireType=0 count=1 bytes=1 reason=no schema decoder path=elem.generalFlags
23:40:58 DEBUG              [MsgPush.UnknownElement] wire element ignored unknownTag=17 wireType=0 count=1 bytes=1 reason=no schema decoder path=elem.generalFlags
23:40:58 DEBUG              [MsgPush.UnknownElement] wire element ignored unknownTag=19 wireType=2 count=1 bytes=107 reason=no schema decoder path=elem.generalFlags
23:40:58 DEBUG              [MsgPush.UnknownElement] wire element ignored unknownTag=9 wireType=2 count=1 bytes=8 reason=no schema decoder path=elem
23:40:58 DEBUG              [MsgPush.UnknownElement] wire element ignored unknownTag=11 wireType=0 count=1 bytes=1 reason=no schema decoder path=text.pbReserve
23:40:58 OK    [3868978960] [Event] 群 [NSUK模组-高级用户群(455415527)] | [我是梦蓝咯(3630797734)]: ID:1367615363 @1780412693 那你那个插件呢
23:40:58 DEBUG [3868978960] [Bridge.Action] get_group_member_info params=group_id=455415527 user_id=1780412693
23:41:05 DEBUG              [MsgPush.UnknownElement] wire element ignored unknownTag=1 wireType=2 count=1 bytes=34 reason=no schema decoder path=body.richText
23:41:05 DEBUG              [MsgPush.UnknownElement] wire element ignored unknownTag=10 wireType=0 count=1 bytes=1 reason=no schema decoder path=elem.generalFlags
23:41:05 DEBUG              [MsgPush.UnknownElement] wire element ignored unknownTag=12 wireType=0 count=1 bytes=1 reason=no schema decoder path=elem.generalFlags
23:41:05 DEBUG              [MsgPush.UnknownElement] wire element ignored unknownTag=13 wireType=0 count=1 bytes=1 reason=no schema decoder path=elem.generalFlags
23:41:05 DEBUG              [MsgPush.UnknownElement] wire element ignored unknownTag=17 wireType=0 count=1 bytes=1 reason=no schema decoder path=elem.generalFlags
23:41:05 DEBUG              [MsgPush.UnknownElement] wire element ignored unknownTag=19 wireType=2 count=1 bytes=104 reason=no schema decoder path=elem.generalFlags
23:41:05 DEBUG              [MsgPush.UnknownElement] wire element ignored unknownTag=9 wireType=2 count=1 bytes=8 reason=no schema decoder path=elem
23:41:05 OK    [3868978960] [Event] 群 [NSUK模组-高级用户群(455415527)] | [我是梦蓝咯(3630797734)]: ID:180892738 gork的那个
23:43:02 DEBUG              [MsgPush.UnknownElement] wire element ignored unknownTag=1 wireType=2 count=1 bytes=34 reason=no schema decoder path=body.richText
23:43:02 DEBUG              [MsgPush.UnknownElement] wire element ignored unknownTag=10 wireType=0 count=1 bytes=1 reason=no schema decoder path=elem.generalFlags
23:43:02 DEBUG              [MsgPush.UnknownElement] wire element ignored unknownTag=12 wireType=0 count=1 bytes=1 reason=no schema decoder path=elem.generalFlags
23:43:02 DEBUG              [MsgPush.UnknownElement] wire element ignored unknownTag=13 wireType=0 count=1 bytes=1 reason=no schema decoder path=elem.generalFlags
23:43:02 DEBUG              [MsgPush.UnknownElement] wire element ignored unknownTag=16 wireType=0 count=1 bytes=1 reason=no schema decoder path=elem.generalFlags
23:43:02 DEBUG              [MsgPush.UnknownElement] wire element ignored unknownTag=17 wireType=0 count=1 bytes=1 reason=no schema decoder path=elem.generalFlags
23:43:02 DEBUG              [MsgPush.UnknownElement] wire element ignored unknownTag=19 wireType=2 count=1 bytes=113 reason=no schema decoder path=elem.generalFlags
23:43:02 DEBUG              [MsgPush.UnknownElement] wire element ignored unknownTag=9 wireType=2 count=1 bytes=5 reason=no schema decoder path=elem
23:43:02 DEBUG              [MsgPush.UnknownElement] wire element ignored unknownTag=2 wireType=2 count=1 bytes=21 reason=no schema decoder path=commonElem.msgInfo.msgInfoBody[0].hashSum
23:43:02 DEBUG              [MsgPush.UnknownElement] wire element ignored unknownTag=4 wireType=2 count=1 bytes=3 reason=no schema decoder path=commonElem.msgInfo.extBizInfo
23:43:02 DEBUG              [MsgPush.UnknownElement] wire element ignored unknownTag=3 wireType=0 count=1 bytes=1 reason=no schema decoder path=commonElem.msgInfo.extBizInfo.pic.extData
23:43:02 DEBUG              [MsgPush.UnknownElement] wire element ignored unknownTag=4 wireType=0 count=1 bytes=1 reason=no schema decoder path=commonElem.msgInfo.extBizInfo.pic.extData
23:43:02 DEBUG              [MsgPush.UnknownElement] wire element ignored unknownTag=10 wireType=0 count=1 bytes=1 reason=no schema decoder path=commonElem.msgInfo.extBizInfo.pic.extData
23:43:02 DEBUG              [MsgPush.UnknownElement] wire element ignored unknownTag=12 wireType=2 count=1 bytes=1 reason=no schema decoder path=commonElem.msgInfo.extBizInfo.pic.extData
23:43:02 DEBUG              [MsgPush.UnknownElement] wire element ignored unknownTag=18 wireType=2 count=1 bytes=1 reason=no schema decoder path=commonElem.msgInfo.extBizInfo.pic.extData
23:43:02 DEBUG              [MsgPush.UnknownElement] wire element ignored unknownTag=19 wireType=2 count=1 bytes=1 reason=no schema decoder path=commonElem.msgInfo.extBizInfo.pic.extData
23:43:02 DEBUG              [MsgPush.UnknownElement] wire element ignored unknownTag=21 wireType=2 count=1 bytes=13 reason=no schema decoder path=commonElem.msgInfo.extBizInfo.pic.extData
23:43:02 DEBUG              [MsgPush.UnknownElement] wire element ignored unknownTag=30 wireType=2 count=1 bytes=87 reason=no schema decoder path=commonElem.msgInfo.extBizInfo.pic.extData
23:43:02 DEBUG              [MsgPush.UnknownElement] wire element ignored unknownTag=31 wireType=2 count=1 bytes=33 reason=no schema decoder path=commonElem.msgInfo.extBizInfo.pic.extData
23:43:02 DEBUG              [MsgPush.UnknownElement] wire element ignored unknownTag=34 wireType=0 count=1 bytes=1 reason=no schema decoder path=commonElem.msgInfo.extBizInfo.pic.extData
23:43:02 OK    [3868978960] [Event] 群 [NSUK模组-高级用户群(455415527)] | [星辰acy(3461138205)]: ID:1570799533 [图片]
23:43:37 DEBUG              [MsgPush.UnknownElement] wire element ignored unknownTag=1 wireType=2 count=1 bytes=34 reason=no schema decoder path=body.richText
23:43:37 DEBUG              [MsgPush.UnknownElement] wire element ignored unknownTag=10 wireType=0 count=1 bytes=1 reason=no schema decoder path=elem.generalFlags
23:43:37 DEBUG              [MsgPush.UnknownElement] wire element ignored unknownTag=12 wireType=0 count=1 bytes=1 reason=no schema decoder path=elem.generalFlags
23:43:37 DEBUG              [MsgPush.UnknownElement] wire element ignored unknownTag=13 wireType=0 count=1 bytes=1 reason=no schema decoder path=elem.generalFlags
23:43:37 DEBUG              [MsgPush.UnknownElement] wire element ignored unknownTag=16 wireType=0 count=1 bytes=1 reason=no schema decoder path=elem.generalFlags
23:43:37 DEBUG              [MsgPush.UnknownElement] wire element ignored unknownTag=17 wireType=0 count=1 bytes=1 reason=no schema decoder path=elem.generalFlags
23:43:37 DEBUG              [MsgPush.UnknownElement] wire element ignored unknownTag=19 wireType=2 count=1 bytes=113 reason=no schema decoder path=elem.generalFlags
23:43:37 DEBUG              [MsgPush.UnknownElement] wire element ignored unknownTag=9 wireType=2 count=1 bytes=5 reason=no schema decoder path=elem
23:43:37 OK    [3868978960] [Event] 群 [NSUK模组-高级用户群(455415527)] | [星辰acy(3461138205)]: ID:-1659231356 界面怎么变大
23:44:55 DEBUG              [MsgPush.UnknownElement] wire element ignored unknownTag=1 wireType=2 count=1 bytes=34 reason=no schema decoder path=body.richText
23:44:55 DEBUG              [MsgPush.UnknownElement] wire element ignored unknownTag=10 wireType=0 count=1 bytes=1 reason=no schema decoder path=elem.generalFlags
23:44:55 DEBUG              [MsgPush.UnknownElement] wire element ignored unknownTag=12 wireType=0 count=1 bytes=1 reason=no schema decoder path=elem.generalFlags
23:44:55 DEBUG              [MsgPush.UnknownElement] wire element ignored unknownTag=13 wireType=0 count=1 bytes=1 reason=no schema decoder path=elem.generalFlags
23:44:55 DEBUG              [MsgPush.UnknownElement] wire element ignored unknownTag=16 wireType=0 count=1 bytes=1 reason=no schema decoder path=elem.generalFlags
23:44:55 DEBUG              [MsgPush.UnknownElement] wire element ignored unknownTag=17 wireType=0 count=1 bytes=1 reason=no schema decoder path=elem.generalFlags
23:44:55 DEBUG              [MsgPush.UnknownElement] wire element ignored unknownTag=19 wireType=2 count=1 bytes=115 reason=no schema decoder path=elem.generalFlags
23:44:55 DEBUG              [MsgPush.UnknownElement] wire element ignored unknownTag=9 wireType=2 count=1 bytes=6 reason=no schema decoder path=elem
23:44:55 OK    [3868978960] [Event] 群 [NSUK模组-高级用户群(455415527)] | [白日梦想家已退出群聊(3223845398)]: ID:192177626 /openGL
23:44:55 DEBUG [3868978960] [Bridge.Action] send_group_msg params=group_id=455415527 message=[len=1]
23:44:56 INFO               [OneBot] 群聊 455415527 | 发送：管理命令仅管理员可用。
23:44:56 DEBUG              [MsgPush.UnknownElement] wire element ignored unknownTag=1 wireType=2 count=1 bytes=33 reason=no schema decoder path=body.richText
23:44:56 DEBUG              [MsgPush.UnknownElement] wire element ignored unknownTag=9 wireType=2 count=1 bytes=5 reason=no schema decoder path=elem
23:44:56 DEBUG              [MsgPush.UnknownElement] wire element ignored unknownTag=10 wireType=0 count=1 bytes=1 reason=no schema decoder path=elem.generalFlags
23:44:56 DEBUG              [MsgPush.UnknownElement] wire element ignored unknownTag=12 wireType=0 count=1 bytes=1 reason=no schema decoder path=elem.generalFlags
23:44:56 DEBUG              [MsgPush.UnknownElement] wire element ignored unknownTag=13 wireType=0 count=1 bytes=1 reason=no schema decoder path=elem.generalFlags
23:44:56 DEBUG              [MsgPush.UnknownElement] wire element ignored unknownTag=19 wireType=2 count=1 bytes=94 reason=no schema decoder path=elem.generalFlags
23:44:56 OK    [3868978960] [Event] [自身] 群 [NSUK模组-高级用户群(455415527)] | [机器人测试账号(3868978960)]: ID:1597031619 管理命令仅管理员可用。
23:45:02 DEBUG              [MsgPush.UnknownElement] wire element ignored unknownTag=1 wireType=2 count=1 bytes=34 reason=no schema decoder path=body.richText
23:45:02 DEBUG              [MsgPush.UnknownElement] wire element ignored unknownTag=10 wireType=0 count=1 bytes=1 reason=no schema decoder path=elem.generalFlags
23:45:02 DEBUG              [MsgPush.UnknownElement] wire element ignored unknownTag=12 wireType=0 count=1 bytes=1 reason=no schema decoder path=elem.generalFlags
23:45:02 DEBUG              [MsgPush.UnknownElement] wire element ignored unknownTag=13 wireType=0 count=1 bytes=1 reason=no schema decoder path=elem.generalFlags
23:45:02 DEBUG              [MsgPush.UnknownElement] wire element ignored unknownTag=16 wireType=0 count=1 bytes=1 reason=no schema decoder path=elem.generalFlags
23:45:02 DEBUG              [MsgPush.UnknownElement] wire element ignored unknownTag=17 wireType=0 count=1 bytes=1 reason=no schema decoder path=elem.generalFlags
23:45:02 DEBUG              [MsgPush.UnknownElement] wire element ignored unknownTag=19 wireType=2 count=1 bytes=115 reason=no schema decoder path=elem.generalFlags
23:45:02 DEBUG              [MsgPush.UnknownElement] wire element ignored unknownTag=9 wireType=2 count=1 bytes=6 reason=no schema decoder path=elem
23:45:02 DEBUG              [MsgPush.UnknownElement] wire element ignored unknownTag=2 wireType=2 count=1 bytes=21 reason=no schema decoder path=commonElem.msgInfo.msgInfoBody[0].hashSum
23:45:02 DEBUG              [MsgPush.UnknownElement] wire element ignored unknownTag=4 wireType=2 count=1 bytes=3 reason=no schema decoder path=commonElem.msgInfo.extBizInfo
23:45:02 DEBUG              [MsgPush.UnknownElement] wire element ignored unknownTag=3 wireType=0 count=1 bytes=1 reason=no schema decoder path=commonElem.msgInfo.extBizInfo.pic.extData
23:45:02 DEBUG              [MsgPush.UnknownElement] wire element ignored unknownTag=4 wireType=0 count=1 bytes=1 reason=no schema decoder path=commonElem.msgInfo.extBizInfo.pic.extData
23:45:02 DEBUG              [MsgPush.UnknownElement] wire element ignored unknownTag=10 wireType=0 count=1 bytes=1 reason=no schema decoder path=commonElem.msgInfo.extBizInfo.pic.extData
23:45:02 DEBUG              [MsgPush.UnknownElement] wire element ignored unknownTag=12 wireType=2 count=1 bytes=1 reason=no schema decoder path=commonElem.msgInfo.extBizInfo.pic.extData
23:45:02 DEBUG              [MsgPush.UnknownElement] wire element ignored unknownTag=18 wireType=2 count=1 bytes=1 reason=no schema decoder path=commonElem.msgInfo.extBizInfo.pic.extData
23:45:02 DEBUG              [MsgPush.UnknownElement] wire element ignored unknownTag=19 wireType=2 count=1 bytes=1 reason=no schema decoder path=commonElem.msgInfo.extBizInfo.pic.extData
23:45:02 DEBUG              [MsgPush.UnknownElement] wire element ignored unknownTag=21 wireType=2 count=1 bytes=13 reason=no schema decoder path=commonElem.msgInfo.extBizInfo.pic.extData
23:45:02 DEBUG              [MsgPush.UnknownElement] wire element ignored unknownTag=30 wireType=2 count=1 bytes=87 reason=no schema decoder path=commonElem.msgInfo.extBizInfo.pic.extData
23:45:02 DEBUG              [MsgPush.UnknownElement] wire element ignored unknownTag=31 wireType=2 count=1 bytes=33 reason=no schema decoder path=commonElem.msgInfo.extBizInfo.pic.extData
23:45:02 DEBUG              [MsgPush.UnknownElement] wire element ignored unknownTag=34 wireType=0 count=1 bytes=1 reason=no schema decoder path=commonElem.msgInfo.extBizInfo.pic.extData
23:45:02 OK    [3868978960] [Event] 群 [NSUK模组-高级用户群(455415527)] | [白日梦想家已退出群聊(3223845398)]: ID:587882774 [图片]
23:45:10 DEBUG              [MsgPush.UnknownElement] wire element ignored unknownTag=1 wireType=2 count=1 bytes=34 reason=no schema decoder path=body.richText
23:45:10 DEBUG              [MsgPush.UnknownElement] wire element ignored unknownTag=10 wireType=0 count=1 bytes=1 reason=no schema decoder path=elem.generalFlags
23:45:10 DEBUG              [MsgPush.UnknownElement] wire element ignored unknownTag=12 wireType=0 count=1 bytes=1 reason=no schema decoder path=elem.generalFlags
23:45:10 DEBUG              [MsgPush.UnknownElement] wire element ignored unknownTag=13 wireType=0 count=1 bytes=1 reason=no schema decoder path=elem.generalFlags
23:45:10 DEBUG              [MsgPush.UnknownElement] wire element ignored unknownTag=16 wireType=0 count=1 bytes=1 reason=no schema decoder path=elem.generalFlags
23:45:10 DEBUG              [MsgPush.UnknownElement] wire element ignored unknownTag=17 wireType=0 count=1 bytes=1 reason=no schema decoder path=elem.generalFlags
23:45:10 DEBUG              [MsgPush.UnknownElement] wire element ignored unknownTag=19 wireType=2 count=1 bytes=116 reason=no schema decoder path=elem.generalFlags
23:45:10 DEBUG              [MsgPush.UnknownElement] wire element ignored unknownTag=9 wireType=2 count=1 bytes=6 reason=no schema decoder path=elem
23:45:10 OK    [3868978960] [Event] 群 [NSUK模组-高级用户群(455415527)] | [白日梦想家已退出群聊(3223845398)]: ID:-444864329 有没有不是管理员能玩的
23:45:25 DEBUG              [MsgPush.UnknownElement] wire element ignored unknownTag=1 wireType=2 count=1 bytes=34 reason=no schema decoder path=body.richText
23:45:25 DEBUG              [MsgPush.UnknownElement] wire element ignored unknownTag=13 wireType=2 count=1 bytes=7 reason=no schema decoder path=text.pbReserve
23:45:25 DEBUG              [MsgPush.UnknownElement] wire element ignored unknownTag=10 wireType=0 count=1 bytes=1 reason=no schema decoder path=elem.generalFlags
23:45:25 DEBUG              [MsgPush.UnknownElement] wire element ignored unknownTag=12 wireType=0 count=1 bytes=1 reason=no schema decoder path=elem.generalFlags
23:45:25 DEBUG              [MsgPush.UnknownElement] wire element ignored unknownTag=13 wireType=0 count=1 bytes=1 reason=no schema decoder path=elem.generalFlags
23:45:25 DEBUG              [MsgPush.UnknownElement] wire element ignored unknownTag=16 wireType=0 count=1 bytes=1 reason=no schema decoder path=elem.generalFlags
23:45:25 DEBUG              [MsgPush.UnknownElement] wire element ignored unknownTag=17 wireType=0 count=1 bytes=1 reason=no schema decoder path=elem.generalFlags
23:45:25 DEBUG              [MsgPush.UnknownElement] wire element ignored unknownTag=19 wireType=2 count=1 bytes=115 reason=no schema decoder path=elem.generalFlags
23:45:25 DEBUG              [MsgPush.UnknownElement] wire element ignored unknownTag=9 wireType=2 count=1 bytes=6 reason=no schema decoder path=elem
23:45:25 DEBUG              [MsgPush.UnknownElement] wire element ignored unknownTag=11 wireType=0 count=1 bytes=1 reason=no schema decoder path=text.pbReserve
23:45:25 OK    [3868978960] [Event] 群 [NSUK模组-高级用户群(455415527)] | [白日梦想家已退出群聊(3223845398)]: ID:-89485391 [回复 [星辰acy(3461138205)]: [图片]] 其他界面大小正常吗
23:45:25 DEBUG [3868978960] [Bridge.Action] get_msg params=message_id=1570799533
23:45:45 DEBUG              [MsgPush.UnknownElement] wire element ignored unknownTag=1 wireType=2 count=1 bytes=34 reason=no schema decoder path=body.richText
23:45:45 DEBUG              [MsgPush.UnknownElement] wire element ignored unknownTag=10 wireType=0 count=1 bytes=1 reason=no schema decoder path=elem.generalFlags
23:45:45 DEBUG              [MsgPush.UnknownElement] wire element ignored unknownTag=12 wireType=0 count=1 bytes=1 reason=no schema decoder path=elem.generalFlags
23:45:45 DEBUG              [MsgPush.UnknownElement] wire element ignored unknownTag=13 wireType=0 count=1 bytes=1 reason=no schema decoder path=elem.generalFlags
23:45:45 DEBUG              [MsgPush.UnknownElement] wire element ignored unknownTag=16 wireType=0 count=1 bytes=1 reason=no schema decoder path=elem.generalFlags
23:45:45 DEBUG              [MsgPush.UnknownElement] wire element ignored unknownTag=17 wireType=0 count=1 bytes=1 reason=no schema decoder path=elem.generalFlags
23:45:45 DEBUG              [MsgPush.UnknownElement] wire element ignored unknownTag=19 wireType=2 count=1 bytes=111 reason=no schema decoder path=elem.generalFlags
23:45:45 DEBUG              [MsgPush.UnknownElement] wire element ignored unknownTag=9 wireType=2 count=1 bytes=5 reason=no schema decoder path=elem
23:45:45 DEBUG              [MsgPush.UnknownElement] wire element ignored unknownTag=11 wireType=0 count=1 bytes=1 reason=no schema decoder path=text.pbReserve
23:45:45 OK    [3868978960] [Event] 群 [NSUK模组-高级用户群(455415527)] | [咖啡Coffee🏳️‍⚧️🍥(1780412693)]: ID:-508645035 @3630797734 [空消息] 你不会去网上搜怎么下载Grok build吗
23:45:45 DEBUG [3868978960] [Bridge.Action] get_group_member_info params=group_id=455415527 user_id=3630797734
23:45:46 DEBUG              [MsgPush.UnknownElement] wire element ignored unknownTag=1 wireType=2 count=1 bytes=34 reason=no schema decoder path=body.richText
23:45:46 DEBUG              [MsgPush.UnknownElement] wire element ignored unknownTag=10 wireType=0 count=1 bytes=1 reason=no schema decoder path=elem.generalFlags
23:45:46 DEBUG              [MsgPush.UnknownElement] wire element ignored unknownTag=12 wireType=0 count=1 bytes=1 reason=no schema decoder path=elem.generalFlags
23:45:46 DEBUG              [MsgPush.UnknownElement] wire element ignored unknownTag=13 wireType=0 count=1 bytes=1 reason=no schema decoder path=elem.generalFlags
23:45:46 DEBUG              [MsgPush.UnknownElement] wire element ignored unknownTag=17 wireType=0 count=1 bytes=1 reason=no schema decoder path=elem.generalFlags
23:45:46 DEBUG              [MsgPush.UnknownElement] wire element ignored unknownTag=19 wireType=2 count=1 bytes=107 reason=no schema decoder path=elem.generalFlags
23:45:46 DEBUG              [MsgPush.UnknownElement] wire element ignored unknownTag=9 wireType=2 count=1 bytes=8 reason=no schema decoder path=elem
23:45:46 OK    [3868978960] [Event] 群 [NSUK模组-高级用户群(455415527)] | [我是梦蓝咯(3630797734)]: ID:653136078 /aidm help
23:45:46 DEBUG [3868978960] [Bridge.Action] send_group_msg params=group_id=455415527 message=[len=1]
23:45:47 INFO               [OneBot] 群聊 455415527 | 发送：【管理员专属指令】已成功执行 /aidm help！参数:
23:45:47 DEBUG              [MsgPush.UnknownElement] wire element ignored unknownTag=1 wireType=2 count=1 bytes=34 reason=no schema decoder path=body.richText
23:45:47 DEBUG              [MsgPush.UnknownElement] wire element ignored unknownTag=9 wireType=2 count=1 bytes=5 reason=no schema decoder path=elem
23:45:47 DEBUG              [MsgPush.UnknownElement] wire element ignored unknownTag=10 wireType=0 count=1 bytes=1 reason=no schema decoder path=elem.generalFlags
23:45:47 DEBUG              [MsgPush.UnknownElement] wire element ignored unknownTag=12 wireType=0 count=1 bytes=1 reason=no schema decoder path=elem.generalFlags
23:45:47 DEBUG              [MsgPush.UnknownElement] wire element ignored unknownTag=13 wireType=0 count=1 bytes=1 reason=no schema decoder path=elem.generalFlags
23:45:47 DEBUG              [MsgPush.UnknownElement] wire element ignored unknownTag=19 wireType=2 count=1 bytes=91 reason=no schema decoder path=elem.generalFlags
23:45:47 OK    [3868978960] [Event] [自身] 群 [NSUK模组-高级用户群(455415527)] | [机器人测试账号(3868978960)]: ID:-74190720 【管理员专属指令】已成功执行 /aidm help！参数:
23:45:50 DEBUG              [MsgPush.UnknownElement] wire element ignored unknownTag=1 wireType=2 count=1 bytes=34 reason=no schema decoder path=body.richText
23:45:50 DEBUG              [MsgPush.UnknownElement] wire element ignored unknownTag=10 wireType=0 count=1 bytes=1 reason=no schema decoder path=elem.generalFlags
23:45:50 DEBUG              [MsgPush.UnknownElement] wire element ignored unknownTag=12 wireType=0 count=1 bytes=1 reason=no schema decoder path=elem.generalFlags
23:45:50 DEBUG              [MsgPush.UnknownElement] wire element ignored unknownTag=13 wireType=0 count=1 bytes=1 reason=no schema decoder path=elem.generalFlags
23:45:50 DEBUG              [MsgPush.UnknownElement] wire element ignored unknownTag=17 wireType=0 count=1 bytes=1 reason=no schema decoder path=elem.generalFlags
23:45:50 DEBUG              [MsgPush.UnknownElement] wire element ignored unknownTag=19 wireType=2 count=1 bytes=107 reason=no schema decoder path=elem.generalFlags
23:45:50 DEBUG              [MsgPush.UnknownElement] wire element ignored unknownTag=9 wireType=2 count=1 bytes=8 reason=no schema decoder path=elem
23:45:50 DEBUG              [MsgPush.UnknownElement] wire element ignored unknownTag=11 wireType=0 count=1 bytes=1 reason=no schema decoder path=text.pbReserve
23:45:50 OK    [3868978960] [Event] 群 [NSUK模组-高级用户群(455415527)] | [我是梦蓝咯(3630797734)]: ID:139147122 @1780412693 行
23:45:51 DEBUG              [MsgPush.UnknownElement] wire element ignored unknownTag=1 wireType=2 count=1 bytes=34 reason=no schema decoder path=body.richText
23:45:51 DEBUG              [MsgPush.UnknownElement] wire element ignored unknownTag=9 wireType=2 count=1 bytes=5 reason=no schema decoder path=elem
23:45:51 DEBUG              [MsgPush.UnknownElement] wire element ignored unknownTag=10 wireType=0 count=1 bytes=1 reason=no schema decoder path=elem.generalFlags
23:45:51 DEBUG              [MsgPush.UnknownElement] wire element ignored unknownTag=12 wireType=0 count=1 bytes=1 reason=no schema decoder path=elem.generalFlags
23:45:51 DEBUG              [MsgPush.UnknownElement] wire element ignored unknownTag=13 wireType=0 count=1 bytes=1 reason=no schema decoder path=elem.generalFlags
23:45:51 DEBUG              [MsgPush.UnknownElement] wire element ignored unknownTag=19 wireType=2 count=1 bytes=98 reason=no schema decoder path=elem.generalFlags
23:45:51 OK    [3868978960] [Event] 群 [NSUK模组-高级用户群(455415527)] | [Helvetica_Volubi(1945892653)]: ID:-903125013 /aidm help
23:45:51 DEBUG [3868978960] [Bridge.Action] send_group_msg params=group_id=455415527 message=[len=1]
23:45:51 DEBUG              [MsgPush.UnknownElement] wire element ignored unknownTag=1 wireType=2 count=1 bytes=34 reason=no schema decoder path=body.richText
23:45:51 DEBUG              [MsgPush.UnknownElement] wire element ignored unknownTag=10 wireType=0 count=1 bytes=1 reason=no schema decoder path=elem.generalFlags
23:45:51 DEBUG              [MsgPush.UnknownElement] wire element ignored unknownTag=12 wireType=0 count=1 bytes=1 reason=no schema decoder path=elem.generalFlags
23:45:51 DEBUG              [MsgPush.UnknownElement] wire element ignored unknownTag=13 wireType=0 count=1 bytes=1 reason=no schema decoder path=elem.generalFlags
23:45:51 DEBUG              [MsgPush.UnknownElement] wire element ignored unknownTag=16 wireType=0 count=1 bytes=1 reason=no schema decoder path=elem.generalFlags
23:45:51 DEBUG              [MsgPush.UnknownElement] wire element ignored unknownTag=17 wireType=0 count=1 bytes=1 reason=no schema decoder path=elem.generalFlags
23:45:51 DEBUG              [MsgPush.UnknownElement] wire element ignored unknownTag=19 wireType=2 count=1 bytes=112 reason=no schema decoder path=elem.generalFlags
23:45:51 DEBUG              [MsgPush.UnknownElement] wire element ignored unknownTag=9 wireType=2 count=1 bytes=5 reason=no schema decoder path=elem
23:45:51 OK    [3868978960] [Event] 群 [NSUK模组-高级用户群(455415527)] | [咖啡Coffee🏳️‍⚧️🍥(1780412693)]: ID:-1128052823 下载了就能用
23:45:51 INFO               [OneBot] 群聊 455415527 | 发送：管理命令仅管理员可用。
23:45:51 DEBUG              [MsgPush.UnknownElement] wire element ignored unknownTag=1 wireType=2 count=1 bytes=34 reason=no schema decoder path=body.richText
23:45:51 DEBUG              [MsgPush.UnknownElement] wire element ignored unknownTag=9 wireType=2 count=1 bytes=5 reason=no schema decoder path=elem
23:45:51 DEBUG              [MsgPush.UnknownElement] wire element ignored unknownTag=10 wireType=0 count=1 bytes=1 reason=no schema decoder path=elem.generalFlags
23:45:51 DEBUG              [MsgPush.UnknownElement] wire element ignored unknownTag=12 wireType=0 count=1 bytes=1 reason=no schema decoder path=elem.generalFlags
23:45:51 DEBUG              [MsgPush.UnknownElement] wire element ignored unknownTag=13 wireType=0 count=1 bytes=1 reason=no schema decoder path=elem.generalFlags
23:45:51 DEBUG              [MsgPush.UnknownElement] wire element ignored unknownTag=19 wireType=2 count=1 bytes=93 reason=no schema decoder path=elem.generalFlags
23:45:51 OK    [3868978960] [Event] [自身] 群 [NSUK模组-高级用户群(455415527)] | [机器人测试账号(3868978960)]: ID:720190317 管理命令仅管理员可用。
23:46:08 DEBUG              [MsgPush.UnknownElement] wire element ignored unknownTag=1 wireType=2 count=1 bytes=34 reason=no schema decoder path=body.richText
23:46:08 DEBUG              [MsgPush.UnknownElement] wire element ignored unknownTag=10 wireType=0 count=1 bytes=1 reason=no schema decoder path=elem.generalFlags
23:46:08 DEBUG              [MsgPush.UnknownElement] wire element ignored unknownTag=12 wireType=0 count=1 bytes=1 reason=no schema decoder path=elem.generalFlags
23:46:08 DEBUG              [MsgPush.UnknownElement] wire element ignored unknownTag=13 wireType=0 count=1 bytes=1 reason=no schema decoder path=elem.generalFlags
23:46:08 DEBUG              [MsgPush.UnknownElement] wire element ignored unknownTag=17 wireType=0 count=1 bytes=1 reason=no schema decoder path=elem.generalFlags
23:46:08 DEBUG              [MsgPush.UnknownElement] wire element ignored unknownTag=19 wireType=2 count=1 bytes=108 reason=no schema decoder path=elem.generalFlags
23:46:08 DEBUG              [MsgPush.UnknownElement] wire element ignored unknownTag=9 wireType=2 count=1 bytes=8 reason=no schema decoder path=elem
23:46:08 OK    [3868978960] [Event] 群 [NSUK模组-高级用户群(455415527)] | [我是梦蓝咯(3630797734)]: ID:-486642973 /openGL
23:46:08 DEBUG [3868978960] [Bridge.Action] send_group_msg params=group_id=455415527 message=[len=2]
23:46:08 DEBUG [3868978960] [Highway.Image] uploading 17937 bytes md5=5093f6cd... → group 455415527
23:46:08 DEBUG [3868978960] [Highway] image fast-upload hit for sub=top (server reusing cached resource)
23:46:08 DEBUG [3868978960] [Highway] image fast-upload hit (server already had bytes)
23:46:09 INFO               [OneBot] 群聊 455415527 | 发送：这是openGL： [图片]
23:46:09 DEBUG              [MsgPush.UnknownElement] wire element ignored unknownTag=1 wireType=2 count=1 bytes=34 reason=no schema decoder path=body.richText
23:46:09 DEBUG              [MsgPush.UnknownElement] wire element ignored unknownTag=9 wireType=2 count=1 bytes=3 reason=no schema decoder path=elem
23:46:09 DEBUG              [MsgPush.UnknownElement] wire element ignored unknownTag=10 wireType=0 count=1 bytes=1 reason=no schema decoder path=elem.generalFlags
23:46:09 DEBUG              [MsgPush.UnknownElement] wire element ignored unknownTag=12 wireType=0 count=1 bytes=1 reason=no schema decoder path=elem.generalFlags
23:46:09 DEBUG              [MsgPush.UnknownElement] wire element ignored unknownTag=13 wireType=0 count=1 bytes=1 reason=no schema decoder path=elem.generalFlags
23:46:09 DEBUG              [MsgPush.UnknownElement] wire element ignored unknownTag=19 wireType=2 count=1 bytes=94 reason=no schema decoder path=elem.generalFlags
23:46:09 OK    [3868978960] [Event] [自身] 群 [NSUK模组-高级用户群(455415527)] | [机器人测试账号(3868978960)]: ID:1265464766 这是openGL： [图片]
23:46:14 DEBUG              [MsgPush.UnknownElement] wire element ignored unknownTag=1 wireType=2 count=1 bytes=34 reason=no schema decoder path=body.richText
23:46:14 DEBUG              [MsgPush.UnknownElement] wire element ignored unknownTag=9 wireType=2 count=1 bytes=5 reason=no schema decoder path=elem
23:46:14 DEBUG              [MsgPush.UnknownElement] wire element ignored unknownTag=10 wireType=0 count=1 bytes=1 reason=no schema decoder path=elem.generalFlags
23:46:14 DEBUG              [MsgPush.UnknownElement] wire element ignored unknownTag=12 wireType=0 count=1 bytes=1 reason=no schema decoder path=elem.generalFlags
23:46:14 DEBUG              [MsgPush.UnknownElement] wire element ignored unknownTag=13 wireType=0 count=1 bytes=1 reason=no schema decoder path=elem.generalFlags
23:46:14 DEBUG              [MsgPush.UnknownElement] wire element ignored unknownTag=19 wireType=2 count=1 bytes=98 reason=no schema decoder path=elem.generalFlags
23:46:14 OK    [3868978960] [Event] 群 [NSUK模组-高级用户群(455415527)] | [Helvetica_Volubi(1945892653)]: ID:-2128975200 /openGL
23:46:14 DEBUG [3868978960] [Bridge.Action] send_group_msg params=group_id=455415527 message=[len=1]
23:46:14 INFO               [OneBot] 群聊 455415527 | 发送：管理命令仅管理员可用。
23:46:15 DEBUG              [MsgPush.UnknownElement] wire element ignored unknownTag=1 wireType=2 count=1 bytes=34 reason=no schema decoder path=body.richText
23:46:15 DEBUG              [MsgPush.UnknownElement] wire element ignored unknownTag=9 wireType=2 count=1 bytes=5 reason=no schema decoder path=elem
23:46:15 DEBUG              [MsgPush.UnknownElement] wire element ignored unknownTag=10 wireType=0 count=1 bytes=1 reason=no schema decoder path=elem.generalFlags
23:46:15 DEBUG              [MsgPush.UnknownElement] wire element ignored unknownTag=12 wireType=0 count=1 bytes=1 reason=no schema decoder path=elem.generalFlags
23:46:15 DEBUG              [MsgPush.UnknownElement] wire element ignored unknownTag=13 wireType=0 count=1 bytes=1 reason=no schema decoder path=elem.generalFlags
23:46:15 DEBUG              [MsgPush.UnknownElement] wire element ignored unknownTag=19 wireType=2 count=1 bytes=93 reason=no schema decoder path=elem.generalFlags
23:46:15 OK    [3868978960] [Event] [自身] 群 [NSUK模组-高级用户群(455415527)] | [机器人测试账号(3868978960)]: ID:2066536976 管理命令仅管理员可用。
23:46:28 DEBUG              [MsgPush.UnknownElement] wire element ignored unknownTag=1 wireType=2 count=1 bytes=34 reason=no schema decoder path=body.richText
23:46:28 DEBUG              [MsgPush.UnknownElement] wire element ignored unknownTag=10 wireType=0 count=1 bytes=1 reason=no schema decoder path=elem.generalFlags
23:46:28 DEBUG              [MsgPush.UnknownElement] wire element ignored unknownTag=12 wireType=0 count=1 bytes=1 reason=no schema decoder path=elem.generalFlags
23:46:28 DEBUG              [MsgPush.UnknownElement] wire element ignored unknownTag=13 wireType=0 count=1 bytes=1 reason=no schema decoder path=elem.generalFlags
23:46:28 DEBUG              [MsgPush.UnknownElement] wire element ignored unknownTag=16 wireType=0 count=1 bytes=1 reason=no schema decoder path=elem.generalFlags
23:46:28 DEBUG              [MsgPush.UnknownElement] wire element ignored unknownTag=17 wireType=0 count=1 bytes=1 reason=no schema decoder path=elem.generalFlags
23:46:28 DEBUG              [MsgPush.UnknownElement] wire element ignored unknownTag=19 wireType=2 count=1 bytes=116 reason=no schema decoder path=elem.generalFlags
23:46:28 DEBUG              [MsgPush.UnknownElement] wire element ignored unknownTag=9 wireType=2 count=1 bytes=6 reason=no schema decoder path=elem
23:46:28 DEBUG              [MsgPush.UnknownElement] wire element ignored unknownTag=2 wireType=2 count=1 bytes=21 reason=no schema decoder path=commonElem.msgInfo.msgInfoBody[0].hashSum
23:46:28 DEBUG              [MsgPush.UnknownElement] wire element ignored unknownTag=4 wireType=2 count=1 bytes=3 reason=no schema decoder path=commonElem.msgInfo.extBizInfo
23:46:28 DEBUG              [MsgPush.UnknownElement] wire element ignored unknownTag=3 wireType=0 count=1 bytes=1 reason=no schema decoder path=commonElem.msgInfo.extBizInfo.pic.extData
23:46:28 DEBUG              [MsgPush.UnknownElement] wire element ignored unknownTag=4 wireType=0 count=1 bytes=1 reason=no schema decoder path=commonElem.msgInfo.extBizInfo.pic.extData
23:46:28 DEBUG              [MsgPush.UnknownElement] wire element ignored unknownTag=10 wireType=0 count=1 bytes=1 reason=no schema decoder path=commonElem.msgInfo.extBizInfo.pic.extData
23:46:28 DEBUG              [MsgPush.UnknownElement] wire element ignored unknownTag=12 wireType=2 count=1 bytes=1 reason=no schema decoder path=commonElem.msgInfo.extBizInfo.pic.extData
23:46:28 DEBUG              [MsgPush.UnknownElement] wire element ignored unknownTag=18 wireType=2 count=1 bytes=1 reason=no schema decoder path=commonElem.msgInfo.extBizInfo.pic.extData
23:46:28 DEBUG              [MsgPush.UnknownElement] wire element ignored unknownTag=19 wireType=2 count=1 bytes=1 reason=no schema decoder path=commonElem.msgInfo.extBizInfo.pic.extData
23:46:28 DEBUG              [MsgPush.UnknownElement] wire element ignored unknownTag=21 wireType=2 count=1 bytes=13 reason=no schema decoder path=commonElem.msgInfo.extBizInfo.pic.extData
23:46:28 DEBUG              [MsgPush.UnknownElement] wire element ignored unknownTag=30 wireType=2 count=1 bytes=87 reason=no schema decoder path=commonElem.msgInfo.extBizInfo.pic.extData
23:46:28 DEBUG              [MsgPush.UnknownElement] wire element ignored unknownTag=31 wireType=2 count=1 bytes=33 reason=no schema decoder path=commonElem.msgInfo.extBizInfo.pic.extData
23:46:28 DEBUG              [MsgPush.UnknownElement] wire element ignored unknownTag=34 wireType=0 count=1 bytes=1 reason=no schema decoder path=commonElem.msgInfo.extBizInfo.pic.extData
23:46:28 OK    [3868978960] [Event] 群 [NSUK模组-高级用户群(455415527)] | [壹(3217933263)]: ID:1936112822 [图片]
23:46:36 DEBUG              [MsgPush.UnknownElement] wire element ignored unknownTag=1 wireType=2 count=1 bytes=33 reason=no schema decoder path=body.richText
23:46:36 DEBUG              [MsgPush.UnknownElement] wire element ignored unknownTag=10 wireType=0 count=1 bytes=1 reason=no schema decoder path=elem.generalFlags
23:46:36 DEBUG              [MsgPush.UnknownElement] wire element ignored unknownTag=12 wireType=0 count=1 bytes=1 reason=no schema decoder path=elem.generalFlags
23:46:36 DEBUG              [MsgPush.UnknownElement] wire element ignored unknownTag=13 wireType=0 count=1 bytes=1 reason=no schema decoder path=elem.generalFlags
23:46:36 DEBUG              [MsgPush.UnknownElement] wire element ignored unknownTag=16 wireType=0 count=1 bytes=1 reason=no schema decoder path=elem.generalFlags
23:46:36 DEBUG              [MsgPush.UnknownElement] wire element ignored unknownTag=17 wireType=0 count=1 bytes=1 reason=no schema decoder path=elem.generalFlags
23:46:36 DEBUG              [MsgPush.UnknownElement] wire element ignored unknownTag=19 wireType=2 count=1 bytes=113 reason=no schema decoder path=elem.generalFlags
23:46:36 DEBUG              [MsgPush.UnknownElement] wire element ignored unknownTag=9 wireType=2 count=1 bytes=6 reason=no schema decoder path=elem
23:46:36 OK    [3868978960] [Event] 群 [NSUK模组-高级用户群(455415527)] | [壹(3217933263)]: ID:-210043907 /openGL
23:46:36 DEBUG [3868978960] [Bridge.Action] send_group_msg params=group_id=455415527 message=[len=1]
23:46:37 INFO               [OneBot] 群聊 455415527 | 发送：管理命令仅管理员可用。
23:46:37 DEBUG              [MsgPush.UnknownElement] wire element ignored unknownTag=1 wireType=2 count=1 bytes=34 reason=no schema decoder path=body.richText
23:46:37 DEBUG              [MsgPush.UnknownElement] wire element ignored unknownTag=9 wireType=2 count=1 bytes=5 reason=no schema decoder path=elem
23:46:37 DEBUG              [MsgPush.UnknownElement] wire element ignored unknownTag=10 wireType=0 count=1 bytes=1 reason=no schema decoder path=elem.generalFlags
23:46:37 DEBUG              [MsgPush.UnknownElement] wire element ignored unknownTag=12 wireType=0 count=1 bytes=1 reason=no schema decoder path=elem.generalFlags
23:46:37 DEBUG              [MsgPush.UnknownElement] wire element ignored unknownTag=13 wireType=0 count=1 bytes=1 reason=no schema decoder path=elem.generalFlags
23:46:37 DEBUG              [MsgPush.UnknownElement] wire element ignored unknownTag=19 wireType=2 count=1 bytes=93 reason=no schema decoder path=elem.generalFlags
23:46:37 OK    [3868978960] [Event] [自身] 群 [NSUK模组-高级用户群(455415527)] | [机器人测试账号(3868978960)]: ID:-1415637748 管理命令仅管理员可用。
23:46:39 WARN  [3868978960] [Event] 群撤回 [NSUK模组-高级用户群(455415527)] | [壹(3217933263)] 被 [壹(3217933263)] 撤回
23:47:18 DEBUG              [MsgPush.UnknownElement] wire element ignored unknownTag=1 wireType=2 count=1 bytes=34 reason=no schema decoder path=body.richText
23:47:18 DEBUG              [MsgPush.UnknownElement] wire element ignored unknownTag=10 wireType=0 count=1 bytes=1 reason=no schema decoder path=elem.generalFlags
23:47:18 DEBUG              [MsgPush.UnknownElement] wire element ignored unknownTag=12 wireType=0 count=1 bytes=1 reason=no schema decoder path=elem.generalFlags
23:47:18 DEBUG              [MsgPush.UnknownElement] wire element ignored unknownTag=13 wireType=0 count=1 bytes=1 reason=no schema decoder path=elem.generalFlags
23:47:18 DEBUG              [MsgPush.UnknownElement] wire element ignored unknownTag=16 wireType=0 count=1 bytes=1 reason=no schema decoder path=elem.generalFlags
23:47:18 DEBUG              [MsgPush.UnknownElement] wire element ignored unknownTag=17 wireType=0 count=1 bytes=1 reason=no schema decoder path=elem.generalFlags
23:47:18 DEBUG              [MsgPush.UnknownElement] wire element ignored unknownTag=19 wireType=2 count=1 bytes=114 reason=no schema decoder path=elem.generalFlags
23:47:18 DEBUG              [MsgPush.UnknownElement] wire element ignored unknownTag=9 wireType=2 count=1 bytes=5 reason=no schema decoder path=elem
23:47:18 DEBUG              [MsgPush.UnknownElement] wire element ignored unknownTag=11 wireType=0 count=1 bytes=1 reason=no schema decoder path=text.pbReserve
23:47:18 DEBUG              [MsgPush.UnknownElement] wire element ignored unknownTag=11 wireType=0 count=1 bytes=1 reason=no schema decoder path=text.pbReserve
23:47:18 OK    [3868978960] [Event] 群 [NSUK模组-高级用户群(455415527)] | [星辰acy(3461138205)]: ID:509497535 [回复 [白日梦想家已退出群聊(3223845398)]: [回复:1570799533] 其他界面大小正常吗] @3223845398 其他正常
23:47:18 DEBUG [3868978960] [Bridge.Action] get_msg params=message_id=-89485391
23:47:18 DEBUG [3868978960] [Bridge.Action] get_group_member_info params=group_id=455415527 user_id=3223845398
23:47:19 DEBUG              [MsgPush.UnknownElement] wire element ignored unknownTag=1 wireType=2 count=1 bytes=34 reason=no schema decoder path=body.richText
23:47:19 DEBUG              [MsgPush.UnknownElement] wire element ignored unknownTag=10 wireType=0 count=1 bytes=1 reason=no schema decoder path=elem.generalFlags
23:47:19 DEBUG              [MsgPush.UnknownElement] wire element ignored unknownTag=12 wireType=0 count=1 bytes=1 reason=no schema decoder path=elem.generalFlags
23:47:19 DEBUG              [MsgPush.UnknownElement] wire element ignored unknownTag=13 wireType=0 count=1 bytes=1 reason=no schema decoder path=elem.generalFlags
23:47:19 DEBUG              [MsgPush.UnknownElement] wire element ignored unknownTag=16 wireType=0 count=1 bytes=1 reason=no schema decoder path=elem.generalFlags
23:47:19 DEBUG              [MsgPush.UnknownElement] wire element ignored unknownTag=17 wireType=0 count=1 bytes=1 reason=no schema decoder path=elem.generalFlags
23:47:19 DEBUG              [MsgPush.UnknownElement] wire element ignored unknownTag=19 wireType=2 count=1 bytes=116 reason=no schema decoder path=elem.generalFlags
23:47:19 DEBUG              [MsgPush.UnknownElement] wire element ignored unknownTag=9 wireType=2 count=1 bytes=6 reason=no schema decoder path=elem
23:47:19 DEBUG              [MsgPush.UnknownElement] wire element ignored unknownTag=11 wireType=0 count=1 bytes=1 reason=no schema decoder path=text.pbReserve
23:47:19 OK    [3868978960] [Event] 群 [NSUK模组-高级用户群(455415527)] | [白日梦想家已退出群聊(3223845398)]: ID:-287857253 @3868978960 [空消息]
23:47:19 DEBUG [3868978960] [Bridge.Action] get_group_member_info params=group_id=455415527 user_id=3868978960
23:47:29 DEBUG              [MsgPush.UnknownElement] wire element ignored unknownTag=1 wireType=2 count=1 bytes=34 reason=no schema decoder path=body.richText
23:47:29 DEBUG              [MsgPush.UnknownElement] wire element ignored unknownTag=10 wireType=0 count=1 bytes=1 reason=no schema decoder path=elem.generalFlags
23:47:29 DEBUG              [MsgPush.UnknownElement] wire element ignored unknownTag=12 wireType=0 count=1 bytes=1 reason=no schema decoder path=elem.generalFlags
23:47:29 DEBUG              [MsgPush.UnknownElement] wire element ignored unknownTag=13 wireType=0 count=1 bytes=1 reason=no schema decoder path=elem.generalFlags
23:47:29 DEBUG              [MsgPush.UnknownElement] wire element ignored unknownTag=16 wireType=0 count=1 bytes=1 reason=no schema decoder path=elem.generalFlags
23:47:29 DEBUG              [MsgPush.UnknownElement] wire element ignored unknownTag=17 wireType=0 count=1 bytes=1 reason=no schema decoder path=elem.generalFlags
23:47:29 DEBUG              [MsgPush.UnknownElement] wire element ignored unknownTag=19 wireType=2 count=1 bytes=116 reason=no schema decoder path=elem.generalFlags
23:47:29 DEBUG              [MsgPush.UnknownElement] wire element ignored unknownTag=9 wireType=2 count=1 bytes=6 reason=no schema decoder path=elem
23:47:29 DEBUG              [MsgPush.UnknownElement] wire element ignored unknownTag=11 wireType=0 count=1 bytes=1 reason=no schema decoder path=text.pbReserve
23:47:29 OK    [3868978960] [Event] 群 [NSUK模组-高级用户群(455415527)] | [白日梦想家已退出群聊(3223845398)]: ID:467853434 [回复 [星辰acy(3461138205)]: [回复:-89485391] @3223845398  其他...] 那我也不知道了
23:47:29 DEBUG [3868978960] [Bridge.Action] get_msg params=message_id=509497535
23:47:32 DEBUG              [MsgPush.UnknownElement] wire element ignored unknownTag=1 wireType=2 count=1 bytes=34 reason=no schema decoder path=body.richText
23:47:32 DEBUG              [MsgPush.UnknownElement] wire element ignored unknownTag=10 wireType=0 count=1 bytes=1 reason=no schema decoder path=elem.generalFlags
23:47:32 DEBUG              [MsgPush.UnknownElement] wire element ignored unknownTag=12 wireType=0 count=1 bytes=1 reason=no schema decoder path=elem.generalFlags
23:47:32 DEBUG              [MsgPush.UnknownElement] wire element ignored unknownTag=13 wireType=0 count=1 bytes=1 reason=no schema decoder path=elem.generalFlags
23:47:32 DEBUG              [MsgPush.UnknownElement] wire element ignored unknownTag=16 wireType=0 count=1 bytes=1 reason=no schema decoder path=elem.generalFlags
23:47:32 DEBUG              [MsgPush.UnknownElement] wire element ignored unknownTag=17 wireType=0 count=1 bytes=1 reason=no schema decoder path=elem.generalFlags
23:47:32 DEBUG              [MsgPush.UnknownElement] wire element ignored unknownTag=19 wireType=2 count=1 bytes=115 reason=no schema decoder path=elem.generalFlags
23:47:32 DEBUG              [MsgPush.UnknownElement] wire element ignored unknownTag=9 wireType=2 count=1 bytes=6 reason=no schema decoder path=elem
23:47:32 DEBUG              [MsgPush.UnknownElement] wire element ignored unknownTag=2 wireType=2 count=1 bytes=21 reason=no schema decoder path=commonElem.msgInfo.msgInfoBody[0].hashSum
23:47:32 DEBUG              [MsgPush.UnknownElement] wire element ignored unknownTag=4 wireType=2 count=1 bytes=3 reason=no schema decoder path=commonElem.msgInfo.extBizInfo
23:47:32 DEBUG              [MsgPush.UnknownElement] wire element ignored unknownTag=3 wireType=0 count=1 bytes=1 reason=no schema decoder path=commonElem.msgInfo.extBizInfo.pic.extData
23:47:32 DEBUG              [MsgPush.UnknownElement] wire element ignored unknownTag=4 wireType=0 count=1 bytes=1 reason=no schema decoder path=commonElem.msgInfo.extBizInfo.pic.extData
23:47:32 DEBUG              [MsgPush.UnknownElement] wire element ignored unknownTag=10 wireType=0 count=1 bytes=1 reason=no schema decoder path=commonElem.msgInfo.extBizInfo.pic.extData
23:47:32 DEBUG              [MsgPush.UnknownElement] wire element ignored unknownTag=12 wireType=2 count=1 bytes=1 reason=no schema decoder path=commonElem.msgInfo.extBizInfo.pic.extData
23:47:32 DEBUG              [MsgPush.UnknownElement] wire element ignored unknownTag=18 wireType=2 count=1 bytes=1 reason=no schema decoder path=commonElem.msgInfo.extBizInfo.pic.extData
23:47:32 DEBUG              [MsgPush.UnknownElement] wire element ignored unknownTag=19 wireType=2 count=1 bytes=1 reason=no schema decoder path=commonElem.msgInfo.extBizInfo.pic.extData
23:47:32 DEBUG              [MsgPush.UnknownElement] wire element ignored unknownTag=21 wireType=2 count=1 bytes=13 reason=no schema decoder path=commonElem.msgInfo.extBizInfo.pic.extData
23:47:32 DEBUG              [MsgPush.UnknownElement] wire element ignored unknownTag=30 wireType=2 count=1 bytes=87 reason=no schema decoder path=commonElem.msgInfo.extBizInfo.pic.extData
23:47:32 DEBUG              [MsgPush.UnknownElement] wire element ignored unknownTag=31 wireType=2 count=1 bytes=33 reason=no schema decoder path=commonElem.msgInfo.extBizInfo.pic.extData
23:47:32 DEBUG              [MsgPush.UnknownElement] wire element ignored unknownTag=34 wireType=0 count=1 bytes=1 reason=no schema decoder path=commonElem.msgInfo.extBizInfo.pic.extData
23:47:32 OK    [3868978960] [Event] 群 [NSUK模组-高级用户群(455415527)] | [白日梦想家已退出群聊(3223845398)]: ID:-1273204516 [图片]
23:48:18 DEBUG              [MsgPush.UnknownElement] wire element ignored unknownTag=1 wireType=2 count=1 bytes=34 reason=no schema decoder path=body.richText
23:48:18 DEBUG              [MsgPush.UnknownElement] wire element ignored unknownTag=10 wireType=0 count=1 bytes=1 reason=no schema decoder path=elem.generalFlags
23:48:18 DEBUG              [MsgPush.UnknownElement] wire element ignored unknownTag=12 wireType=0 count=1 bytes=1 reason=no schema decoder path=elem.generalFlags
23:48:18 DEBUG              [MsgPush.UnknownElement] wire element ignored unknownTag=13 wireType=0 count=1 bytes=1 reason=no schema decoder path=elem.generalFlags
23:48:18 DEBUG              [MsgPush.UnknownElement] wire element ignored unknownTag=17 wireType=0 count=1 bytes=1 reason=no schema decoder path=elem.generalFlags
23:48:18 DEBUG              [MsgPush.UnknownElement] wire element ignored unknownTag=19 wireType=2 count=1 bytes=104 reason=no schema decoder path=elem.generalFlags
23:48:18 DEBUG              [MsgPush.UnknownElement] wire element ignored unknownTag=9 wireType=2 count=1 bytes=8 reason=no schema decoder path=elem
23:48:18 OK    [3868978960] [Event] 群 [NSUK模组-高级用户群(455415527)] | [我是梦蓝咯(3630797734)]: ID:1729426224 /reset
23:48:44 DEBUG              [MsgPush.UnknownElement] wire element ignored unknownTag=1 wireType=2 count=1 bytes=34 reason=no schema decoder path=body.richText
23:48:44 DEBUG              [MsgPush.UnknownElement] wire element ignored unknownTag=10 wireType=0 count=1 bytes=1 reason=no schema decoder path=elem.generalFlags
23:48:44 DEBUG              [MsgPush.UnknownElement] wire element ignored unknownTag=12 wireType=0 count=1 bytes=1 reason=no schema decoder path=elem.generalFlags
23:48:44 DEBUG              [MsgPush.UnknownElement] wire element ignored unknownTag=13 wireType=0 count=1 bytes=1 reason=no schema decoder path=elem.generalFlags
23:48:44 DEBUG              [MsgPush.UnknownElement] wire element ignored unknownTag=17 wireType=0 count=1 bytes=1 reason=no schema decoder path=elem.generalFlags
23:48:44 DEBUG              [MsgPush.UnknownElement] wire element ignored unknownTag=19 wireType=2 count=1 bytes=107 reason=no schema decoder path=elem.generalFlags
23:48:44 DEBUG              [MsgPush.UnknownElement] wire element ignored unknownTag=9 wireType=2 count=1 bytes=8 reason=no schema decoder path=elem
23:48:44 OK    [3868978960] [Event] 群 [NSUK模组-高级用户群(455415527)] | [我是梦蓝咯(3630797734)]: ID:-1602054900 /penGL
23:48:52 DEBUG              [MsgPush.UnknownElement] wire element ignored unknownTag=1 wireType=2 count=1 bytes=34 reason=no schema decoder path=body.richText
23:48:52 DEBUG              [MsgPush.UnknownElement] wire element ignored unknownTag=10 wireType=0 count=1 bytes=1 reason=no schema decoder path=elem.generalFlags
23:48:52 DEBUG              [MsgPush.UnknownElement] wire element ignored unknownTag=12 wireType=0 count=1 bytes=1 reason=no schema decoder path=elem.generalFlags
23:48:52 DEBUG              [MsgPush.UnknownElement] wire element ignored unknownTag=13 wireType=0 count=1 bytes=1 reason=no schema decoder path=elem.generalFlags
23:48:52 DEBUG              [MsgPush.UnknownElement] wire element ignored unknownTag=17 wireType=0 count=1 bytes=1 reason=no schema decoder path=elem.generalFlags
23:48:52 DEBUG              [MsgPush.UnknownElement] wire element ignored unknownTag=19 wireType=2 count=1 bytes=107 reason=no schema decoder path=elem.generalFlags
23:48:52 DEBUG              [MsgPush.UnknownElement] wire element ignored unknownTag=9 wireType=2 count=1 bytes=8 reason=no schema decoder path=elem
23:48:52 OK    [3868978960] [Event] 群 [NSUK模组-高级用户群(455415527)] | [我是梦蓝咯(3630797734)]: ID:1703276272 /openGL
23:48:52 DEBUG [3868978960] [Bridge.Action] send_group_msg params=group_id=455415527 message=[len=2]
23:48:52 DEBUG [3868978960] [Highway.Image] uploading 17937 bytes md5=5093f6cd... → group 455415527
23:48:52 DEBUG [3868978960] [Highway] image fast-upload hit for sub=top (server reusing cached resource)
23:48:52 DEBUG [3868978960] [Highway] image fast-upload hit (server already had bytes)
23:48:53 INFO               [OneBot] 群聊 455415527 | 发送：这是openGL： [图片]
23:48:53 DEBUG              [MsgPush.UnknownElement] wire element ignored unknownTag=1 wireType=2 count=1 bytes=34 reason=no schema decoder path=body.richText
23:48:53 DEBUG              [MsgPush.UnknownElement] wire element ignored unknownTag=9 wireType=2 count=1 bytes=3 reason=no schema decoder path=elem
23:48:53 DEBUG              [MsgPush.UnknownElement] wire element ignored unknownTag=10 wireType=0 count=1 bytes=1 reason=no schema decoder path=elem.generalFlags
23:48:53 DEBUG              [MsgPush.UnknownElement] wire element ignored unknownTag=12 wireType=0 count=1 bytes=1 reason=no schema decoder path=elem.generalFlags
23:48:53 DEBUG              [MsgPush.UnknownElement] wire element ignored unknownTag=13 wireType=0 count=1 bytes=1 reason=no schema decoder path=elem.generalFlags
23:48:53 DEBUG              [MsgPush.UnknownElement] wire element ignored unknownTag=19 wireType=2 count=1 bytes=90 reason=no schema decoder path=elem.generalFlags
23:48:53 OK    [3868978960] [Event] [自身] 群 [NSUK模组-高级用户群(455415527)] | [机器人测试账号(3868978960)]: ID:1926069055 这是openGL： [图片]
23:49:01 DEBUG              [MsgPush.UnknownElement] wire element ignored unknownTag=1 wireType=2 count=1 bytes=34 reason=no schema decoder path=body.richText
23:49:01 DEBUG              [MsgPush.UnknownElement] wire element ignored unknownTag=9 wireType=2 count=1 bytes=5 reason=no schema decoder path=elem
23:49:01 DEBUG              [MsgPush.UnknownElement] wire element ignored unknownTag=10 wireType=0 count=1 bytes=1 reason=no schema decoder path=elem.generalFlags
23:49:01 DEBUG              [MsgPush.UnknownElement] wire element ignored unknownTag=12 wireType=0 count=1 bytes=1 reason=no schema decoder path=elem.generalFlags
23:49:01 DEBUG              [MsgPush.UnknownElement] wire element ignored unknownTag=13 wireType=0 count=1 bytes=1 reason=no schema decoder path=elem.generalFlags
23:49:01 DEBUG              [MsgPush.UnknownElement] wire element ignored unknownTag=19 wireType=2 count=1 bytes=98 reason=no schema decoder path=elem.generalFlags
23:49:01 OK    [3868978960] [Event] 群 [NSUK模组-高级用户群(455415527)] | [Helvetica_Volubi(1945892653)]: ID:-1636674182 /openGL
23:49:01 DEBUG [3868978960] [Bridge.Action] send_group_msg params=group_id=455415527 message=[len=1]
23:49:01 INFO               [OneBot] 群聊 455415527 | 发送：管理命令仅管理员可用。
23:49:01 DEBUG              [MsgPush.UnknownElement] wire element ignored unknownTag=1 wireType=2 count=1 bytes=34 reason=no schema decoder path=body.richText
23:49:01 DEBUG              [MsgPush.UnknownElement] wire element ignored unknownTag=9 wireType=2 count=1 bytes=5 reason=no schema decoder path=elem
23:49:01 DEBUG              [MsgPush.UnknownElement] wire element ignored unknownTag=10 wireType=0 count=1 bytes=1 reason=no schema decoder path=elem.generalFlags
23:49:01 DEBUG              [MsgPush.UnknownElement] wire element ignored unknownTag=12 wireType=0 count=1 bytes=1 reason=no schema decoder path=elem.generalFlags
23:49:01 DEBUG              [MsgPush.UnknownElement] wire element ignored unknownTag=13 wireType=0 count=1 bytes=1 reason=no schema decoder path=elem.generalFlags
23:49:01 DEBUG              [MsgPush.UnknownElement] wire element ignored unknownTag=19 wireType=2 count=1 bytes=93 reason=no schema decoder path=elem.generalFlags
23:49:01 OK    [3868978960] [Event] [自身] 群 [NSUK模组-高级用户群(455415527)] | [机器人测试账号(3868978960)]: ID:1239279006 管理命令仅管理员可用。
23:49:14 DEBUG              [MsgPush.UnknownElement] wire element ignored unknownTag=1 wireType=2 count=1 bytes=33 reason=no schema decoder path=body.richText
23:49:14 DEBUG              [MsgPush.UnknownElement] wire element ignored unknownTag=10 wireType=0 count=1 bytes=1 reason=no schema decoder path=elem.generalFlags
23:49:14 DEBUG              [MsgPush.UnknownElement] wire element ignored unknownTag=12 wireType=0 count=1 bytes=1 reason=no schema decoder path=elem.generalFlags
23:49:14 DEBUG              [MsgPush.UnknownElement] wire element ignored unknownTag=13 wireType=0 count=1 bytes=1 reason=no schema decoder path=elem.generalFlags
23:49:14 DEBUG              [MsgPush.UnknownElement] wire element ignored unknownTag=16 wireType=0 count=1 bytes=1 reason=no schema decoder path=elem.generalFlags
23:49:14 DEBUG              [MsgPush.UnknownElement] wire element ignored unknownTag=17 wireType=0 count=1 bytes=1 reason=no schema decoder path=elem.generalFlags
23:49:14 DEBUG              [MsgPush.UnknownElement] wire element ignored unknownTag=19 wireType=2 count=1 bytes=114 reason=no schema decoder path=elem.generalFlags
23:49:14 DEBUG              [MsgPush.UnknownElement] wire element ignored unknownTag=9 wireType=2 count=1 bytes=5 reason=no schema decoder path=elem
23:49:14 DEBUG              [MsgPush.UnknownElement] wire element ignored unknownTag=11 wireType=0 count=1 bytes=1 reason=no schema decoder path=text.pbReserve
23:49:14 OK    [3868978960] [Event] 群 [NSUK模组-高级用户群(455415527)] | [星辰acy(3461138205)]: ID:107673435 @1780412693 你知道怎么回事吗
23:49:14 DEBUG [3868978960] [Bridge.Action] get_group_member_info params=group_id=455415527 user_id=1780412693
23:49:23 WARN  [3868978960] [OneBot.WS-Server] [ws-default] socket error: read ECONNRESET
23:49:32 DEBUG [3868978960] [Bridge.Action] get_login_info params=
23:49:32 DEBUG [3868978960] [Bridge.Action] fetch_custom_face_detail params=count=100
23:49:33 DEBUG              [MsgPush.UnknownElement] wire element ignored unknownTag=1 wireType=2 count=1 bytes=34 reason=no schema decoder path=body.richText
23:49:33 DEBUG              [MsgPush.UnknownElement] wire element ignored unknownTag=10 wireType=0 count=1 bytes=1 reason=no schema decoder path=elem.generalFlags
23:49:33 DEBUG              [MsgPush.UnknownElement] wire element ignored unknownTag=12 wireType=0 count=1 bytes=1 reason=no schema decoder path=elem.generalFlags
23:49:33 DEBUG              [MsgPush.UnknownElement] wire element ignored unknownTag=13 wireType=0 count=1 bytes=1 reason=no schema decoder path=elem.generalFlags
23:49:33 DEBUG              [MsgPush.UnknownElement] wire element ignored unknownTag=16 wireType=0 count=1 bytes=1 reason=no schema decoder path=elem.generalFlags
23:49:33 DEBUG              [MsgPush.UnknownElement] wire element ignored unknownTag=17 wireType=0 count=1 bytes=1 reason=no schema decoder path=elem.generalFlags
23:49:33 DEBUG              [MsgPush.UnknownElement] wire element ignored unknownTag=19 wireType=2 count=1 bytes=111 reason=no schema decoder path=elem.generalFlags
23:49:33 DEBUG              [MsgPush.UnknownElement] wire element ignored unknownTag=9 wireType=2 count=1 bytes=5 reason=no schema decoder path=elem
23:49:33 OK    [3868978960] [Event] 群 [NSUK模组-高级用户群(455415527)] | [咖啡Coffee🏳️‍⚧️🍥(1780412693)]: ID:1170902232 ？
23:49:33 DEBUG [3868978960] [Bridge.Action] send_group_msg params=group_id=455415527 message=[len=1]
23:49:34 INFO               [OneBot] 群聊 455415527 | 发送：⏳ 系统服务重启中，消息已排队，恢复后自动处理（队列保留 1 分钟）。
23:49:34 DEBUG              [MsgPush.UnknownElement] wire element ignored unknownTag=1 wireType=2 count=1 bytes=34 reason=no schema decoder path=body.richText
23:49:34 DEBUG              [MsgPush.UnknownElement] wire element ignored unknownTag=9 wireType=2 count=1 bytes=5 reason=no schema decoder path=elem
23:49:34 DEBUG              [MsgPush.UnknownElement] wire element ignored unknownTag=10 wireType=0 count=1 bytes=1 reason=no schema decoder path=elem.generalFlags
23:49:34 DEBUG              [MsgPush.UnknownElement] wire element ignored unknownTag=12 wireType=0 count=1 bytes=1 reason=no schema decoder path=elem.generalFlags
23:49:34 DEBUG              [MsgPush.UnknownElement] wire element ignored unknownTag=13 wireType=0 count=1 bytes=1 reason=no schema decoder path=elem.generalFlags
23:49:34 DEBUG              [MsgPush.UnknownElement] wire element ignored unknownTag=19 wireType=2 count=1 bytes=94 reason=no schema decoder path=elem.generalFlags
23:49:34 OK    [3868978960] [Event] [自身] 群 [NSUK模组-高级用户群(455415527)] | [机器人测试账号(3868978960)]: ID:-1014087718 ⏳ 系统服务重启中，消息已排队，恢复后自动处理（队列保留 1 分钟）。
23:49:39 DEBUG              [MsgPush.UnknownElement] wire element ignored unknownTag=1 wireType=2 count=1 bytes=34 reason=no schema decoder path=body.richText
23:49:39 DEBUG              [MsgPush.UnknownElement] wire element ignored unknownTag=10 wireType=0 count=1 bytes=1 reason=no schema decoder path=elem.generalFlags
23:49:39 DEBUG              [MsgPush.UnknownElement] wire element ignored unknownTag=12 wireType=0 count=1 bytes=1 reason=no schema decoder path=elem.generalFlags
23:49:39 DEBUG              [MsgPush.UnknownElement] wire element ignored unknownTag=13 wireType=0 count=1 bytes=1 reason=no schema decoder path=elem.generalFlags
23:49:39 DEBUG              [MsgPush.UnknownElement] wire element ignored unknownTag=16 wireType=0 count=1 bytes=1 reason=no schema decoder path=elem.generalFlags
23:49:39 DEBUG              [MsgPush.UnknownElement] wire element ignored unknownTag=17 wireType=0 count=1 bytes=1 reason=no schema decoder path=elem.generalFlags
23:49:39 DEBUG              [MsgPush.UnknownElement] wire element ignored unknownTag=19 wireType=2 count=1 bytes=112 reason=no schema decoder path=elem.generalFlags
23:49:39 DEBUG              [MsgPush.UnknownElement] wire element ignored unknownTag=9 wireType=2 count=1 bytes=5 reason=no schema decoder path=elem
23:49:39 OK    [3868978960] [Event] 群 [NSUK模组-高级用户群(455415527)] | [咖啡Coffee🏳️‍⚧️🍥(1780412693)]: ID:1482068877 你玩1.20.1干嘛
23:50:03 DEBUG              [MsgPush.UnknownElement] wire element ignored unknownTag=1 wireType=2 count=1 bytes=34 reason=no schema decoder path=body.richText
23:50:03 DEBUG              [MsgPush.UnknownElement] wire element ignored unknownTag=9 wireType=2 count=1 bytes=5 reason=no schema decoder path=elem
23:50:03 DEBUG              [MsgPush.UnknownElement] wire element ignored unknownTag=10 wireType=0 count=1 bytes=1 reason=no schema decoder path=elem.generalFlags
23:50:03 DEBUG              [MsgPush.UnknownElement] wire element ignored unknownTag=12 wireType=0 count=1 bytes=1 reason=no schema decoder path=elem.generalFlags
23:50:03 DEBUG              [MsgPush.UnknownElement] wire element ignored unknownTag=13 wireType=0 count=1 bytes=1 reason=no schema decoder path=elem.generalFlags
23:50:03 DEBUG              [MsgPush.UnknownElement] wire element ignored unknownTag=19 wireType=2 count=1 bytes=99 reason=no schema decoder path=elem.generalFlags
23:50:03 OK    [3868978960] [Event] 群 [NSUK模组-高级用户群(455415527)] | [Helvetica_Volubi(1945892653)]: ID:-102283045 /openGL
23:50:03 DEBUG [3868978960] [Bridge.Action] send_group_msg params=group_id=455415527 message=[len=2]
23:50:03 DEBUG [3868978960] [Highway.Image] uploading 17937 bytes md5=5093f6cd... → group 455415527
23:50:04 DEBUG [3868978960] [Highway] image fast-upload hit for sub=top (server reusing cached resource)
23:50:04 DEBUG [3868978960] [Highway] image fast-upload hit (server already had bytes)
23:50:04 INFO               [OneBot] 群聊 455415527 | 发送：这是openGL： [图片]
23:50:04 DEBUG              [MsgPush.UnknownElement] wire element ignored unknownTag=1 wireType=2 count=1 bytes=34 reason=no schema decoder path=body.richText
23:50:04 DEBUG              [MsgPush.UnknownElement] wire element ignored unknownTag=9 wireType=2 count=1 bytes=3 reason=no schema decoder path=elem
23:50:04 DEBUG              [MsgPush.UnknownElement] wire element ignored unknownTag=10 wireType=0 count=1 bytes=1 reason=no schema decoder path=elem.generalFlags
23:50:04 DEBUG              [MsgPush.UnknownElement] wire element ignored unknownTag=12 wireType=0 count=1 bytes=1 reason=no schema decoder path=elem.generalFlags
23:50:04 DEBUG              [MsgPush.UnknownElement] wire element ignored unknownTag=13 wireType=0 count=1 bytes=1 reason=no schema decoder path=elem.generalFlags
23:50:04 DEBUG              [MsgPush.UnknownElement] wire element ignored unknownTag=19 wireType=2 count=1 bytes=91 reason=no schema decoder path=elem.generalFlags
23:50:04 OK    [3868978960] [Event] [自身] 群 [NSUK模组-高级用户群(455415527)] | [机器人测试账号(3868978960)]: ID:-1892805582 这是openGL： [图片]
23:50:10 DEBUG              [MsgPush.UnknownElement] wire element ignored unknownTag=1 wireType=2 count=1 bytes=34 reason=no schema decoder path=body.richText
23:50:10 DEBUG              [MsgPush.UnknownElement] wire element ignored unknownTag=10 wireType=0 count=1 bytes=1 reason=no schema decoder path=elem.generalFlags
23:50:10 DEBUG              [MsgPush.UnknownElement] wire element ignored unknownTag=12 wireType=0 count=1 bytes=1 reason=no schema decoder path=elem.generalFlags
23:50:10 DEBUG              [MsgPush.UnknownElement] wire element ignored unknownTag=13 wireType=0 count=1 bytes=1 reason=no schema decoder path=elem.generalFlags
23:50:10 DEBUG              [MsgPush.UnknownElement] wire element ignored unknownTag=17 wireType=0 count=1 bytes=1 reason=no schema decoder path=elem.generalFlags
23:50:10 DEBUG              [MsgPush.UnknownElement] wire element ignored unknownTag=19 wireType=2 count=1 bytes=104 reason=no schema decoder path=elem.generalFlags
23:50:10 DEBUG              [MsgPush.UnknownElement] wire element ignored unknownTag=9 wireType=2 count=1 bytes=8 reason=no schema decoder path=elem
23:50:10 OK    [3868978960] [Event] 群 [NSUK模组-高级用户群(455415527)] | [我是梦蓝咯(3630797734)]: ID:1373161320 好了
23:50:14 DEBUG              [MsgPush.UnknownElement] wire element ignored unknownTag=1 wireType=2 count=1 bytes=34 reason=no schema decoder path=body.richText
23:50:14 DEBUG              [MsgPush.UnknownElement] wire element ignored unknownTag=9 wireType=2 count=1 bytes=5 reason=no schema decoder path=elem
23:50:14 DEBUG              [MsgPush.UnknownElement] wire element ignored unknownTag=10 wireType=0 count=1 bytes=1 reason=no schema decoder path=elem.generalFlags
23:50:14 DEBUG              [MsgPush.UnknownElement] wire element ignored unknownTag=12 wireType=0 count=1 bytes=1 reason=no schema decoder path=elem.generalFlags
23:50:14 DEBUG              [MsgPush.UnknownElement] wire element ignored unknownTag=13 wireType=0 count=1 bytes=1 reason=no schema decoder path=elem.generalFlags
23:50:14 DEBUG              [MsgPush.UnknownElement] wire element ignored unknownTag=19 wireType=2 count=1 bytes=95 reason=no schema decoder path=elem.generalFlags
23:50:14 OK    [3868978960] [Event] 群 [NSUK模组-高级用户群(455415527)] | [Helvetica_Volubi(1945892653)]: ID:-1825483182 /aidm help
23:50:14 DEBUG [3868978960] [Bridge.Action] send_group_msg params=group_id=455415527 message=[len=1]
23:50:14 INFO               [OneBot] 群聊 455415527 | 发送：权限不足，该指令仅管理员可用。
23:50:14 DEBUG              [MsgPush.UnknownElement] wire element ignored unknownTag=1 wireType=2 count=1 bytes=34 reason=no schema decoder path=body.richText
23:50:14 DEBUG              [MsgPush.UnknownElement] wire element ignored unknownTag=9 wireType=2 count=1 bytes=5 reason=no schema decoder path=elem
23:50:14 DEBUG              [MsgPush.UnknownElement] wire element ignored unknownTag=10 wireType=0 count=1 bytes=1 reason=no schema decoder path=elem.generalFlags
23:50:14 DEBUG              [MsgPush.UnknownElement] wire element ignored unknownTag=12 wireType=0 count=1 bytes=1 reason=no schema decoder path=elem.generalFlags
23:50:14 DEBUG              [MsgPush.UnknownElement] wire element ignored unknownTag=13 wireType=0 count=1 bytes=1 reason=no schema decoder path=elem.generalFlags
23:50:14 DEBUG              [MsgPush.UnknownElement] wire element ignored unknownTag=19 wireType=2 count=1 bytes=90 reason=no schema decoder path=elem.generalFlags
23:50:14 OK    [3868978960] [Event] [自身] 群 [NSUK模组-高级用户群(455415527)] | [机器人测试账号(3868978960)]: ID:-400240526 权限不足，该指令仅管理员可用。
23:50:18 DEBUG              [MsgPush.UnknownElement] wire element ignored unknownTag=1 wireType=2 count=1 bytes=34 reason=no schema decoder path=body.richText
23:50:18 DEBUG              [MsgPush.UnknownElement] wire element ignored unknownTag=10 wireType=0 count=1 bytes=1 reason=no schema decoder path=elem.generalFlags
23:50:18 DEBUG              [MsgPush.UnknownElement] wire element ignored unknownTag=12 wireType=0 count=1 bytes=1 reason=no schema decoder path=elem.generalFlags
23:50:18 DEBUG              [MsgPush.UnknownElement] wire element ignored unknownTag=13 wireType=0 count=1 bytes=1 reason=no schema decoder path=elem.generalFlags
23:50:18 DEBUG              [MsgPush.UnknownElement] wire element ignored unknownTag=17 wireType=0 count=1 bytes=1 reason=no schema decoder path=elem.generalFlags
23:50:18 DEBUG              [MsgPush.UnknownElement] wire element ignored unknownTag=19 wireType=2 count=1 bytes=108 reason=no schema decoder path=elem.generalFlags
23:50:18 DEBUG              [MsgPush.UnknownElement] wire element ignored unknownTag=9 wireType=2 count=1 bytes=8 reason=no schema decoder path=elem
23:50:18 OK    [3868978960] [Event] 群 [NSUK模组-高级用户群(455415527)] | [我是梦蓝咯(3630797734)]: ID:1682333888 /reset
23:50:23 DEBUG              [MsgPush.UnknownElement] wire element ignored unknownTag=1 wireType=2 count=1 bytes=34 reason=no schema decoder path=body.richText
23:50:23 DEBUG              [MsgPush.UnknownElement] wire element ignored unknownTag=10 wireType=0 count=1 bytes=1 reason=no schema decoder path=elem.generalFlags
23:50:23 DEBUG              [MsgPush.UnknownElement] wire element ignored unknownTag=12 wireType=0 count=1 bytes=1 reason=no schema decoder path=elem.generalFlags
23:50:23 DEBUG              [MsgPush.UnknownElement] wire element ignored unknownTag=13 wireType=0 count=1 bytes=1 reason=no schema decoder path=elem.generalFlags
23:50:23 DEBUG              [MsgPush.UnknownElement] wire element ignored unknownTag=17 wireType=0 count=1 bytes=1 reason=no schema decoder path=elem.generalFlags
23:50:23 DEBUG              [MsgPush.UnknownElement] wire element ignored unknownTag=19 wireType=2 count=1 bytes=108 reason=no schema decoder path=elem.generalFlags
23:50:23 DEBUG              [MsgPush.UnknownElement] wire element ignored unknownTag=9 wireType=2 count=1 bytes=8 reason=no schema decoder path=elem
23:50:23 OK    [3868978960] [Event] 群 [NSUK模组-高级用户群(455415527)] | [我是梦蓝咯(3630797734)]: ID:-1994746479 /aidm help
23:50:23 DEBUG [3868978960] [Bridge.Action] send_group_msg params=group_id=455415527 message=[len=1]
23:50:24 DEBUG              [MsgPush.UnknownElement] wire element ignored unknownTag=1 wireType=2 count=1 bytes=34 reason=no schema decoder path=body.richText
23:50:24 DEBUG              [MsgPush.UnknownElement] wire element ignored unknownTag=9 wireType=2 count=1 bytes=5 reason=no schema decoder path=elem
23:50:24 DEBUG              [MsgPush.UnknownElement] wire element ignored unknownTag=10 wireType=0 count=1 bytes=1 reason=no schema decoder path=elem.generalFlags
23:50:24 DEBUG              [MsgPush.UnknownElement] wire element ignored unknownTag=12 wireType=0 count=1 bytes=1 reason=no schema decoder path=elem.generalFlags
23:50:24 DEBUG              [MsgPush.UnknownElement] wire element ignored unknownTag=13 wireType=0 count=1 bytes=1 reason=no schema decoder path=elem.generalFlags
23:50:24 DEBUG              [MsgPush.UnknownElement] wire element ignored unknownTag=19 wireType=2 count=1 bytes=94 reason=no schema decoder path=elem.generalFlags
23:50:24 OK    [3868978960] [Event] [自身] 群 [NSUK模组-高级用户群(455415527)] | [机器人测试账号(3868978960)]: ID:1270176839 【管理员专属指令】已成功执行 /aidm help！参数:
23:50:24 INFO               [OneBot] 群聊 455415527 | 发送：【管理员专属指令】已成功执行 /aidm help！参数:
23:50:57 DEBUG              [MsgPush.UnknownElement] wire element ignored unknownTag=1 wireType=2 count=1 bytes=34 reason=no schema decoder path=body.richText
23:50:57 DEBUG              [MsgPush.UnknownElement] wire element ignored unknownTag=10 wireType=0 count=1 bytes=1 reason=no schema decoder path=elem.generalFlags
23:50:57 DEBUG              [MsgPush.UnknownElement] wire element ignored unknownTag=12 wireType=0 count=1 bytes=1 reason=no schema decoder path=elem.generalFlags
23:50:57 DEBUG              [MsgPush.UnknownElement] wire element ignored unknownTag=13 wireType=0 count=1 bytes=1 reason=no schema decoder path=elem.generalFlags
23:50:57 DEBUG              [MsgPush.UnknownElement] wire element ignored unknownTag=17 wireType=0 count=1 bytes=1 reason=no schema decoder path=elem.generalFlags
23:50:57 DEBUG              [MsgPush.UnknownElement] wire element ignored unknownTag=19 wireType=2 count=1 bytes=104 reason=no schema decoder path=elem.generalFlags
23:50:57 DEBUG              [MsgPush.UnknownElement] wire element ignored unknownTag=9 wireType=2 count=1 bytes=8 reason=no schema decoder path=elem
23:50:57 OK    [3868978960] [Event] 群 [NSUK模组-高级用户群(455415527)] | [我是梦蓝咯(3630797734)]: ID:-617033555 /silent
23:50:57 DEBUG [3868978960] [Bridge.Action] send_group_msg params=group_id=455415527 message=[len=1]
23:50:58 INFO               [OneBot] 群聊 455415527 | 发送：已进入静默模式：群友消息不再回复，仅管理员可对话。
23:50:58 DEBUG              [MsgPush.UnknownElement] wire element ignored unknownTag=1 wireType=2 count=1 bytes=34 reason=no schema decoder path=body.richText
23:50:58 DEBUG              [MsgPush.UnknownElement] wire element ignored unknownTag=9 wireType=2 count=1 bytes=5 reason=no schema decoder path=elem
23:50:58 DEBUG              [MsgPush.UnknownElement] wire element ignored unknownTag=10 wireType=0 count=1 bytes=1 reason=no schema decoder path=elem.generalFlags
23:50:58 DEBUG              [MsgPush.UnknownElement] wire element ignored unknownTag=12 wireType=0 count=1 bytes=1 reason=no schema decoder path=elem.generalFlags
23:50:58 DEBUG              [MsgPush.UnknownElement] wire element ignored unknownTag=13 wireType=0 count=1 bytes=1 reason=no schema decoder path=elem.generalFlags
23:50:58 DEBUG              [MsgPush.UnknownElement] wire element ignored unknownTag=19 wireType=2 count=1 bytes=91 reason=no schema decoder path=elem.generalFlags
23:50:58 OK    [3868978960] [Event] [自身] 群 [NSUK模组-高级用户群(455415527)] | [机器人测试账号(3868978960)]: ID:1114961907 已进入静默模式：群友消息不再回复，仅管理员可对话。
23:51:03 DEBUG              [MsgPush.UnknownElement] wire element ignored unknownTag=1 wireType=2 count=1 bytes=34 reason=no schema decoder path=body.richText
23:51:03 DEBUG              [MsgPush.UnknownElement] wire element ignored unknownTag=10 wireType=0 count=1 bytes=1 reason=no schema decoder path=elem.generalFlags
23:51:03 DEBUG              [MsgPush.UnknownElement] wire element ignored unknownTag=12 wireType=0 count=1 bytes=1 reason=no schema decoder path=elem.generalFlags
23:51:03 DEBUG              [MsgPush.UnknownElement] wire element ignored unknownTag=13 wireType=0 count=1 bytes=1 reason=no schema decoder path=elem.generalFlags
23:51:03 DEBUG              [MsgPush.UnknownElement] wire element ignored unknownTag=17 wireType=0 count=1 bytes=1 reason=no schema decoder path=elem.generalFlags
23:51:03 DEBUG              [MsgPush.UnknownElement] wire element ignored unknownTag=19 wireType=2 count=1 bytes=105 reason=no schema decoder path=elem.generalFlags
23:51:03 DEBUG              [MsgPush.UnknownElement] wire element ignored unknownTag=9 wireType=2 count=1 bytes=8 reason=no schema decoder path=elem
23:51:03 OK    [3868978960] [Event] 群 [NSUK模组-高级用户群(455415527)] | [我是梦蓝咯(3630797734)]: ID:-1644578508 /silent
23:51:03 DEBUG [3868978960] [Bridge.Action] send_group_msg params=group_id=455415527 message=[len=1]
23:51:03 INFO               [OneBot] 群聊 455415527 | 发送：已进入静默模式：群友消息不再回复，仅管理员可对话。
23:51:03 DEBUG              [MsgPush.UnknownElement] wire element ignored unknownTag=1 wireType=2 count=1 bytes=33 reason=no schema decoder path=body.richText
23:51:03 DEBUG              [MsgPush.UnknownElement] wire element ignored unknownTag=9 wireType=2 count=1 bytes=5 reason=no schema decoder path=elem
23:51:03 DEBUG              [MsgPush.UnknownElement] wire element ignored unknownTag=10 wireType=0 count=1 bytes=1 reason=no schema decoder path=elem.generalFlags
23:51:03 DEBUG              [MsgPush.UnknownElement] wire element ignored unknownTag=12 wireType=0 count=1 bytes=1 reason=no schema decoder path=elem.generalFlags
23:51:03 DEBUG              [MsgPush.UnknownElement] wire element ignored unknownTag=13 wireType=0 count=1 bytes=1 reason=no schema decoder path=elem.generalFlags
23:51:03 DEBUG              [MsgPush.UnknownElement] wire element ignored unknownTag=19 wireType=2 count=1 bytes=94 reason=no schema decoder path=elem.generalFlags
23:51:03 OK    [3868978960] [Event] [自身] 群 [NSUK模组-高级用户群(455415527)] | [机器人测试账号(3868978960)]: ID:-711290799 已进入静默模式：群友消息不再回复，仅管理员可对话。
23:51:10 DEBUG              [MsgPush.UnknownElement] wire element ignored unknownTag=1 wireType=2 count=1 bytes=33 reason=no schema decoder path=body.richText
23:51:10 DEBUG              [MsgPush.UnknownElement] wire element ignored unknownTag=10 wireType=0 count=1 bytes=1 reason=no schema decoder path=elem.generalFlags
23:51:10 DEBUG              [MsgPush.UnknownElement] wire element ignored unknownTag=12 wireType=0 count=1 bytes=1 reason=no schema decoder path=elem.generalFlags
23:51:10 DEBUG              [MsgPush.UnknownElement] wire element ignored unknownTag=13 wireType=0 count=1 bytes=1 reason=no schema decoder path=elem.generalFlags
23:51:10 DEBUG              [MsgPush.UnknownElement] wire element ignored unknownTag=17 wireType=0 count=1 bytes=1 reason=no schema decoder path=elem.generalFlags
23:51:10 DEBUG              [MsgPush.UnknownElement] wire element ignored unknownTag=19 wireType=2 count=1 bytes=107 reason=no schema decoder path=elem.generalFlags
23:51:10 DEBUG              [MsgPush.UnknownElement] wire element ignored unknownTag=9 wireType=2 count=1 bytes=8 reason=no schema decoder path=elem
23:51:10 OK    [3868978960] [Event] 群 [NSUK模组-高级用户群(455415527)] | [我是梦蓝咯(3630797734)]: ID:-540218956 /role
23:51:10 DEBUG [3868978960] [Bridge.Action] send_group_msg params=group_id=455415527 message=[len=1]
23:51:11 INFO               [OneBot] 群聊 455415527 | 发送：已清除角色，恢复正常人格。
23:51:11 DEBUG              [MsgPush.UnknownElement] wire element ignored unknownTag=1 wireType=2 count=1 bytes=34 reason=no schema decoder path=body.richText
23:51:11 DEBUG              [MsgPush.UnknownElement] wire element ignored unknownTag=9 wireType=2 count=1 bytes=5 reason=no schema decoder path=elem
23:51:11 DEBUG              [MsgPush.UnknownElement] wire element ignored unknownTag=10 wireType=0 count=1 bytes=1 reason=no schema decoder path=elem.generalFlags
23:51:11 DEBUG              [MsgPush.UnknownElement] wire element ignored unknownTag=12 wireType=0 count=1 bytes=1 reason=no schema decoder path=elem.generalFlags
23:51:11 DEBUG              [MsgPush.UnknownElement] wire element ignored unknownTag=13 wireType=0 count=1 bytes=1 reason=no schema decoder path=elem.generalFlags
23:51:11 DEBUG              [MsgPush.UnknownElement] wire element ignored unknownTag=19 wireType=2 count=1 bytes=91 reason=no schema decoder path=elem.generalFlags
23:51:11 OK    [3868978960] [Event] [自身] 群 [NSUK模组-高级用户群(455415527)] | [机器人测试账号(3868978960)]: ID:1186720826 已清除角色，恢复正常人格。
23:51:18 DEBUG              [MsgPush.UnknownElement] wire element ignored unknownTag=1 wireType=2 count=1 bytes=34 reason=no schema decoder path=body.richText
23:51:18 DEBUG              [MsgPush.UnknownElement] wire element ignored unknownTag=10 wireType=0 count=1 bytes=1 reason=no schema decoder path=elem.generalFlags
23:51:18 DEBUG              [MsgPush.UnknownElement] wire element ignored unknownTag=12 wireType=0 count=1 bytes=1 reason=no schema decoder path=elem.generalFlags
23:51:18 DEBUG              [MsgPush.UnknownElement] wire element ignored unknownTag=13 wireType=0 count=1 bytes=1 reason=no schema decoder path=elem.generalFlags
23:51:18 DEBUG              [MsgPush.UnknownElement] wire element ignored unknownTag=17 wireType=0 count=1 bytes=1 reason=no schema decoder path=elem.generalFlags
23:51:18 DEBUG              [MsgPush.UnknownElement] wire element ignored unknownTag=19 wireType=2 count=1 bytes=107 reason=no schema decoder path=elem.generalFlags
23:51:18 DEBUG              [MsgPush.UnknownElement] wire element ignored unknownTag=9 wireType=2 count=1 bytes=8 reason=no schema decoder path=elem
23:51:18 OK    [3868978960] [Event] 群 [NSUK模组-高级用户群(455415527)] | [我是梦蓝咯(3630797734)]: ID:1645129304 /reset
23:51:47 DEBUG              [MsgPush.UnknownElement] wire element ignored unknownTag=1 wireType=2 count=1 bytes=34 reason=no schema decoder path=body.richText
23:51:47 DEBUG              [MsgPush.UnknownElement] wire element ignored unknownTag=10 wireType=0 count=1 bytes=1 reason=no schema decoder path=elem.generalFlags
23:51:47 DEBUG              [MsgPush.UnknownElement] wire element ignored unknownTag=12 wireType=0 count=1 bytes=1 reason=no schema decoder path=elem.generalFlags
23:51:47 DEBUG              [MsgPush.UnknownElement] wire element ignored unknownTag=13 wireType=0 count=1 bytes=1 reason=no schema decoder path=elem.generalFlags
23:51:47 DEBUG              [MsgPush.UnknownElement] wire element ignored unknownTag=16 wireType=0 count=1 bytes=1 reason=no schema decoder path=elem.generalFlags
23:51:47 DEBUG              [MsgPush.UnknownElement] wire element ignored unknownTag=17 wireType=0 count=1 bytes=1 reason=no schema decoder path=elem.generalFlags
23:51:47 DEBUG              [MsgPush.UnknownElement] wire element ignored unknownTag=19 wireType=2 count=1 bytes=111 reason=no schema decoder path=elem.generalFlags
23:51:47 DEBUG              [MsgPush.UnknownElement] wire element ignored unknownTag=9 wireType=2 count=1 bytes=8 reason=no schema decoder path=elem
23:51:47 DEBUG              [MsgPush.UnknownElement] wire element ignored unknownTag=11 wireType=0 count=1 bytes=1 reason=no schema decoder path=text.pbReserve
23:51:47 DEBUG              [MsgPush.UnknownElement] wire element ignored unknownTag=11 wireType=0 count=1 bytes=1 reason=no schema decoder path=text.pbReserve
23:51:47 OK    [3868978960] [Event] 群 [NSUK模组-高级用户群(455415527)] | [【仅受理建筑相关】-苏晴晴在此-(2639131152)]: ID:-1141192309 [回复 [我是梦蓝咯(3630797734)]: /reset] /pcl21 @3868978960 [空消息]
23:51:47 DEBUG [3868978960] [Bridge.Action] get_msg params=message_id=1645129304
23:51:47 DEBUG [3868978960] [Bridge.Action] get_group_member_info params=group_id=455415527 user_id=3868978960
23:52:00 DEBUG              [MsgPush.UnknownElement] wire element ignored unknownTag=1 wireType=2 count=1 bytes=34 reason=no schema decoder path=body.richText
23:52:00 DEBUG              [MsgPush.UnknownElement] wire element ignored unknownTag=10 wireType=0 count=1 bytes=1 reason=no schema decoder path=elem.generalFlags
23:52:00 DEBUG              [MsgPush.UnknownElement] wire element ignored unknownTag=12 wireType=0 count=1 bytes=1 reason=no schema decoder path=elem.generalFlags
23:52:00 DEBUG              [MsgPush.UnknownElement] wire element ignored unknownTag=13 wireType=0 count=1 bytes=1 reason=no schema decoder path=elem.generalFlags
23:52:00 DEBUG              [MsgPush.UnknownElement] wire element ignored unknownTag=16 wireType=0 count=1 bytes=1 reason=no schema decoder path=elem.generalFlags
23:52:00 DEBUG              [MsgPush.UnknownElement] wire element ignored unknownTag=17 wireType=0 count=1 bytes=1 reason=no schema decoder path=elem.generalFlags
23:52:00 DEBUG              [MsgPush.UnknownElement] wire element ignored unknownTag=19 wireType=2 count=1 bytes=113 reason=no schema decoder path=elem.generalFlags
23:52:00 DEBUG              [MsgPush.UnknownElement] wire element ignored unknownTag=9 wireType=2 count=1 bytes=5 reason=no schema decoder path=elem
23:52:00 DEBUG              [MsgPush.UnknownElement] wire element ignored unknownTag=11 wireType=0 count=1 bytes=1 reason=no schema decoder path=text.pbReserve
23:52:00 DEBUG              [MsgPush.UnknownElement] wire element ignored unknownTag=11 wireType=0 count=1 bytes=1 reason=no schema decoder path=text.pbReserve
23:52:00 OK    [3868978960] [Event] 群 [NSUK模组-高级用户群(455415527)] | [星辰acy(3461138205)]: ID:720672484 [回复 [咖啡Coffee🏳️‍⚧️🍥(1780412693)]: 你玩1.20.1干嘛] @1780412693 咋了我玩1.20.1有问题
23:52:00 DEBUG [3868978960] [Bridge.Action] get_msg params=message_id=1482068877
23:52:00 DEBUG [3868978960] [Bridge.Action] get_group_member_info params=group_id=455415527 user_id=1780412693
23:52:04 DEBUG              [MsgPush.UnknownElement] wire element ignored unknownTag=1 wireType=2 count=1 bytes=34 reason=no schema decoder path=body.richText
23:52:04 DEBUG              [MsgPush.UnknownElement] wire element ignored unknownTag=10 wireType=0 count=1 bytes=1 reason=no schema decoder path=elem.generalFlags
23:52:04 DEBUG              [MsgPush.UnknownElement] wire element ignored unknownTag=12 wireType=0 count=1 bytes=1 reason=no schema decoder path=elem.generalFlags
23:52:04 DEBUG              [MsgPush.UnknownElement] wire element ignored unknownTag=13 wireType=0 count=1 bytes=1 reason=no schema decoder path=elem.generalFlags
23:52:04 DEBUG              [MsgPush.UnknownElement] wire element ignored unknownTag=17 wireType=0 count=1 bytes=1 reason=no schema decoder path=elem.generalFlags
23:52:04 DEBUG              [MsgPush.UnknownElement] wire element ignored unknownTag=19 wireType=2 count=1 bytes=104 reason=no schema decoder path=elem.generalFlags
23:52:04 DEBUG              [MsgPush.UnknownElement] wire element ignored unknownTag=9 wireType=2 count=1 bytes=8 reason=no schema decoder path=elem
23:52:04 OK    [3868978960] [Event] 群 [NSUK模组-高级用户群(455415527)] | [我是梦蓝咯(3630797734)]: ID:2137278156 现在是静默模式
23:52:11 DEBUG              [MsgPush.UnknownElement] wire element ignored unknownTag=1 wireType=2 count=1 bytes=34 reason=no schema decoder path=body.richText
23:52:11 DEBUG              [MsgPush.UnknownElement] wire element ignored unknownTag=10 wireType=0 count=1 bytes=1 reason=no schema decoder path=elem.generalFlags
23:52:11 DEBUG              [MsgPush.UnknownElement] wire element ignored unknownTag=12 wireType=0 count=1 bytes=1 reason=no schema decoder path=elem.generalFlags
23:52:11 DEBUG              [MsgPush.UnknownElement] wire element ignored unknownTag=13 wireType=0 count=1 bytes=1 reason=no schema decoder path=elem.generalFlags
23:52:11 DEBUG              [MsgPush.UnknownElement] wire element ignored unknownTag=17 wireType=0 count=1 bytes=1 reason=no schema decoder path=elem.generalFlags
23:52:11 DEBUG              [MsgPush.UnknownElement] wire element ignored unknownTag=19 wireType=2 count=1 bytes=104 reason=no schema decoder path=elem.generalFlags
23:52:11 DEBUG              [MsgPush.UnknownElement] wire element ignored unknownTag=9 wireType=2 count=1 bytes=8 reason=no schema decoder path=elem
23:52:11 OK    [3868978960] [Event] 群 [NSUK模组-高级用户群(455415527)] | [我是梦蓝咯(3630797734)]: ID:728061426 /pcl21
23:52:11 DEBUG [3868978960] [Bridge.Action] send_group_msg params=group_id=455415527 message=[len=1]
23:52:12 INFO               [OneBot] 群聊 455415527 | 发送：@我是梦蓝咯你触发了一个斜杠指令！
23:52:12 DEBUG              [MsgPush.UnknownElement] wire element ignored unknownTag=1 wireType=2 count=1 bytes=34 reason=no schema decoder path=body.richText
23:52:12 DEBUG              [MsgPush.UnknownElement] wire element ignored unknownTag=10 wireType=0 count=1 bytes=1 reason=no schema decoder path=elem.generalFlags
23:52:12 DEBUG              [MsgPush.UnknownElement] wire element ignored unknownTag=12 wireType=0 count=1 bytes=1 reason=no schema decoder path=elem.generalFlags
23:52:12 DEBUG              [MsgPush.UnknownElement] wire element ignored unknownTag=13 wireType=0 count=1 bytes=1 reason=no schema decoder path=elem.generalFlags
23:52:12 DEBUG              [MsgPush.UnknownElement] wire element ignored unknownTag=16 wireType=0 count=1 bytes=1 reason=no schema decoder path=elem.generalFlags
23:52:12 DEBUG              [MsgPush.UnknownElement] wire element ignored unknownTag=17 wireType=0 count=1 bytes=1 reason=no schema decoder path=elem.generalFlags
23:52:12 DEBUG              [MsgPush.UnknownElement] wire element ignored unknownTag=19 wireType=2 count=1 bytes=108 reason=no schema decoder path=elem.generalFlags
23:52:12 DEBUG              [MsgPush.UnknownElement] wire element ignored unknownTag=9 wireType=2 count=1 bytes=5 reason=no schema decoder path=elem
23:52:12 OK    [3868978960] [Event] 群 [NSUK模组-高级用户群(455415527)] | [咖啡Coffee🏳️‍⚧️🍥(1780412693)]: ID:1508866000 ？
23:52:12 DEBUG              [MsgPush.UnknownElement] wire element ignored unknownTag=1 wireType=2 count=1 bytes=34 reason=no schema decoder path=body.richText
23:52:12 DEBUG              [MsgPush.UnknownElement] wire element ignored unknownTag=9 wireType=2 count=1 bytes=5 reason=no schema decoder path=elem
23:52:12 DEBUG              [MsgPush.UnknownElement] wire element ignored unknownTag=10 wireType=0 count=1 bytes=1 reason=no schema decoder path=elem.generalFlags
23:52:12 DEBUG              [MsgPush.UnknownElement] wire element ignored unknownTag=12 wireType=0 count=1 bytes=1 reason=no schema decoder path=elem.generalFlags
23:52:12 DEBUG              [MsgPush.UnknownElement] wire element ignored unknownTag=13 wireType=0 count=1 bytes=1 reason=no schema decoder path=elem.generalFlags
23:52:12 DEBUG              [MsgPush.UnknownElement] wire element ignored unknownTag=19 wireType=2 count=1 bytes=91 reason=no schema decoder path=elem.generalFlags
23:52:12 OK    [3868978960] [Event] [自身] 群 [NSUK模组-高级用户群(455415527)] | [机器人测试账号(3868978960)]: ID:768997842 @我是梦蓝咯你触发了一个斜杠指令！
23:52:16 DEBUG              [MsgPush.UnknownElement] wire element ignored unknownTag=1 wireType=2 count=1 bytes=34 reason=no schema decoder path=body.richText
23:52:16 DEBUG              [MsgPush.UnknownElement] wire element ignored unknownTag=10 wireType=0 count=1 bytes=1 reason=no schema decoder path=elem.generalFlags
23:52:16 DEBUG              [MsgPush.UnknownElement] wire element ignored unknownTag=12 wireType=0 count=1 bytes=1 reason=no schema decoder path=elem.generalFlags
23:52:16 DEBUG              [MsgPush.UnknownElement] wire element ignored unknownTag=13 wireType=0 count=1 bytes=1 reason=no schema decoder path=elem.generalFlags
23:52:16 DEBUG              [MsgPush.UnknownElement] wire element ignored unknownTag=16 wireType=0 count=1 bytes=1 reason=no schema decoder path=elem.generalFlags
23:52:16 DEBUG              [MsgPush.UnknownElement] wire element ignored unknownTag=17 wireType=0 count=1 bytes=1 reason=no schema decoder path=elem.generalFlags
23:52:16 DEBUG              [MsgPush.UnknownElement] wire element ignored unknownTag=19 wireType=2 count=1 bytes=108 reason=no schema decoder path=elem.generalFlags
23:52:16 DEBUG              [MsgPush.UnknownElement] wire element ignored unknownTag=9 wireType=2 count=1 bytes=5 reason=no schema decoder path=elem
23:52:16 OK    [3868978960] [Event] 群 [NSUK模组-高级用户群(455415527)] | [咖啡Coffee🏳️‍⚧️🍥(1780412693)]: ID:821203597 没问题
23:52:18 DEBUG              [MsgPush.UnknownElement] wire element ignored unknownTag=1 wireType=2 count=1 bytes=34 reason=no schema decoder path=body.richText
23:52:18 DEBUG              [MsgPush.UnknownElement] wire element ignored unknownTag=10 wireType=0 count=1 bytes=1 reason=no schema decoder path=elem.generalFlags
23:52:18 DEBUG              [MsgPush.UnknownElement] wire element ignored unknownTag=12 wireType=0 count=1 bytes=1 reason=no schema decoder path=elem.generalFlags
23:52:18 DEBUG              [MsgPush.UnknownElement] wire element ignored unknownTag=13 wireType=0 count=1 bytes=1 reason=no schema decoder path=elem.generalFlags
23:52:18 DEBUG              [MsgPush.UnknownElement] wire element ignored unknownTag=16 wireType=0 count=1 bytes=1 reason=no schema decoder path=elem.generalFlags
23:52:18 DEBUG              [MsgPush.UnknownElement] wire element ignored unknownTag=17 wireType=0 count=1 bytes=1 reason=no schema decoder path=elem.generalFlags
23:52:18 DEBUG              [MsgPush.UnknownElement] wire element ignored unknownTag=19 wireType=2 count=1 bytes=112 reason=no schema decoder path=elem.generalFlags
23:52:18 DEBUG              [MsgPush.UnknownElement] wire element ignored unknownTag=9 wireType=2 count=1 bytes=5 reason=no schema decoder path=elem
23:52:18 OK    [3868978960] [Event] 群 [NSUK模组-高级用户群(455415527)] | [咖啡Coffee🏳️‍⚧️🍥(1780412693)]: ID:-136252375 你玩吧
23:52:27 DEBUG              [MsgPush.UnknownElement] wire element ignored unknownTag=1 wireType=2 count=1 bytes=34 reason=no schema decoder path=body.richText
23:52:27 DEBUG              [MsgPush.UnknownElement] wire element ignored unknownTag=10 wireType=0 count=1 bytes=1 reason=no schema decoder path=elem.generalFlags
23:52:27 DEBUG              [MsgPush.UnknownElement] wire element ignored unknownTag=12 wireType=0 count=1 bytes=1 reason=no schema decoder path=elem.generalFlags
23:52:27 DEBUG              [MsgPush.UnknownElement] wire element ignored unknownTag=13 wireType=0 count=1 bytes=1 reason=no schema decoder path=elem.generalFlags
23:52:27 DEBUG              [MsgPush.UnknownElement] wire element ignored unknownTag=17 wireType=0 count=1 bytes=1 reason=no schema decoder path=elem.generalFlags
23:52:27 DEBUG              [MsgPush.UnknownElement] wire element ignored unknownTag=19 wireType=2 count=1 bytes=104 reason=no schema decoder path=elem.generalFlags
23:52:27 DEBUG              [MsgPush.UnknownElement] wire element ignored unknownTag=9 wireType=2 count=1 bytes=8 reason=no schema decoder path=elem
23:52:27 OK    [3868978960] [Event] 群 [NSUK模组-高级用户群(455415527)] | [我是梦蓝咯(3630797734)]: ID:-1000692664 /speak
23:52:27 DEBUG [3868978960] [Bridge.Action] send_group_msg params=group_id=455415527 message=[len=1]
23:52:28 INFO               [OneBot] 群聊 455415527 | 发送：已退出静默模式，恢复正常回复。
23:52:28 DEBUG              [MsgPush.UnknownElement] wire element ignored unknownTag=1 wireType=2 count=1 bytes=34 reason=no schema decoder path=body.richText
23:52:28 DEBUG              [MsgPush.UnknownElement] wire element ignored unknownTag=9 wireType=2 count=1 bytes=5 reason=no schema decoder path=elem
23:52:28 DEBUG              [MsgPush.UnknownElement] wire element ignored unknownTag=10 wireType=0 count=1 bytes=1 reason=no schema decoder path=elem.generalFlags
23:52:28 DEBUG              [MsgPush.UnknownElement] wire element ignored unknownTag=12 wireType=0 count=1 bytes=1 reason=no schema decoder path=elem.generalFlags
23:52:28 DEBUG              [MsgPush.UnknownElement] wire element ignored unknownTag=13 wireType=0 count=1 bytes=1 reason=no schema decoder path=elem.generalFlags
23:52:28 DEBUG              [MsgPush.UnknownElement] wire element ignored unknownTag=19 wireType=2 count=1 bytes=91 reason=no schema decoder path=elem.generalFlags
23:52:28 OK    [3868978960] [Event] [自身] 群 [NSUK模组-高级用户群(455415527)] | [机器人测试账号(3868978960)]: ID:107916340 已退出静默模式，恢复正常回复。
23:52:29 DEBUG              [MsgPush.UnknownElement] wire element ignored unknownTag=1 wireType=2 count=1 bytes=34 reason=no schema decoder path=body.richText
23:52:29 DEBUG              [MsgPush.UnknownElement] wire element ignored unknownTag=10 wireType=0 count=1 bytes=1 reason=no schema decoder path=elem.generalFlags
23:52:29 DEBUG              [MsgPush.UnknownElement] wire element ignored unknownTag=12 wireType=0 count=1 bytes=1 reason=no schema decoder path=elem.generalFlags
23:52:29 DEBUG              [MsgPush.UnknownElement] wire element ignored unknownTag=13 wireType=0 count=1 bytes=1 reason=no schema decoder path=elem.generalFlags
23:52:29 DEBUG              [MsgPush.UnknownElement] wire element ignored unknownTag=16 wireType=0 count=1 bytes=1 reason=no schema decoder path=elem.generalFlags
23:52:29 DEBUG              [MsgPush.UnknownElement] wire element ignored unknownTag=17 wireType=0 count=1 bytes=1 reason=no schema decoder path=elem.generalFlags
23:52:29 DEBUG              [MsgPush.UnknownElement] wire element ignored unknownTag=19 wireType=2 count=1 bytes=114 reason=no schema decoder path=elem.generalFlags
23:52:29 DEBUG              [MsgPush.UnknownElement] wire element ignored unknownTag=9 wireType=2 count=1 bytes=5 reason=no schema decoder path=elem
23:52:29 DEBUG              [MsgPush.UnknownElement] wire element ignored unknownTag=11 wireType=0 count=1 bytes=1 reason=no schema decoder path=text.pbReserve
23:52:29 DEBUG              [MsgPush.UnknownElement] wire element ignored unknownTag=11 wireType=0 count=1 bytes=1 reason=no schema decoder path=text.pbReserve
23:52:29 OK    [3868978960] [Event] 群 [NSUK模组-高级用户群(455415527)] | [星辰acy(3461138205)]: ID:1500830337 [回复 [咖啡Coffee🏳️‍⚧️🍥(1780412693)]: 你玩吧] @1780412693 界面问题咋了解决
23:52:29 DEBUG [3868978960] [Bridge.Action] get_msg params=message_id=-136252375
23:52:30 DEBUG              [MsgPush.UnknownElement] wire element ignored unknownTag=1 wireType=2 count=1 bytes=34 reason=no schema decoder path=body.richText
23:52:30 DEBUG              [MsgPush.UnknownElement] wire element ignored unknownTag=10 wireType=0 count=1 bytes=1 reason=no schema decoder path=elem.generalFlags
23:52:30 DEBUG              [MsgPush.UnknownElement] wire element ignored unknownTag=12 wireType=0 count=1 bytes=1 reason=no schema decoder path=elem.generalFlags
23:52:30 DEBUG              [MsgPush.UnknownElement] wire element ignored unknownTag=13 wireType=0 count=1 bytes=1 reason=no schema decoder path=elem.generalFlags
23:52:30 DEBUG              [MsgPush.UnknownElement] wire element ignored unknownTag=16 wireType=0 count=1 bytes=1 reason=no schema decoder path=elem.generalFlags
23:52:30 DEBUG              [MsgPush.UnknownElement] wire element ignored unknownTag=17 wireType=0 count=1 bytes=1 reason=no schema decoder path=elem.generalFlags
23:52:30 DEBUG              [MsgPush.UnknownElement] wire element ignored unknownTag=19 wireType=2 count=1 bytes=111 reason=no schema decoder path=elem.generalFlags
23:52:30 DEBUG              [MsgPush.UnknownElement] wire element ignored unknownTag=9 wireType=2 count=1 bytes=5 reason=no schema decoder path=elem
23:52:30 OK    [3868978960] [Event] 群 [NSUK模组-高级用户群(455415527)] | [咖啡Coffee🏳️‍⚧️🍥(1780412693)]: ID:1431602513 1.20不受理反馈
23:52:49 DEBUG              [MsgPush.UnknownElement] wire element ignored unknownTag=1 wireType=2 count=1 bytes=34 reason=no schema decoder path=body.richText
23:52:49 DEBUG              [MsgPush.UnknownElement] wire element ignored unknownTag=10 wireType=0 count=1 bytes=1 reason=no schema decoder path=elem.generalFlags
23:52:49 DEBUG              [MsgPush.UnknownElement] wire element ignored unknownTag=12 wireType=0 count=1 bytes=1 reason=no schema decoder path=elem.generalFlags
23:52:49 DEBUG              [MsgPush.UnknownElement] wire element ignored unknownTag=13 wireType=0 count=1 bytes=1 reason=no schema decoder path=elem.generalFlags
23:52:49 DEBUG              [MsgPush.UnknownElement] wire element ignored unknownTag=17 wireType=0 count=1 bytes=1 reason=no schema decoder path=elem.generalFlags
23:52:49 DEBUG              [MsgPush.UnknownElement] wire element ignored unknownTag=19 wireType=2 count=1 bytes=104 reason=no schema decoder path=elem.generalFlags
23:52:49 DEBUG              [MsgPush.UnknownElement] wire element ignored unknownTag=9 wireType=2 count=1 bytes=8 reason=no schema decoder path=elem
23:52:49 DEBUG              [MsgPush.UnknownElement] wire element ignored unknownTag=11 wireType=0 count=1 bytes=1 reason=no schema decoder path=text.pbReserve
23:52:49 OK    [3868978960] [Event] 群 [NSUK模组-高级用户群(455415527)] | [我是梦蓝咯(3630797734)]: ID:1798145972 @3461138205 视频设置能调啊
23:52:49 DEBUG [3868978960] [Bridge.Action] get_group_member_info params=group_id=455415527 user_id=3461138205
23:52:52 DEBUG              [MsgPush.UnknownElement] wire element ignored unknownTag=1 wireType=2 count=1 bytes=34 reason=no schema decoder path=body.richText
23:52:52 DEBUG              [MsgPush.UnknownElement] wire element ignored unknownTag=10 wireType=0 count=1 bytes=1 reason=no schema decoder path=elem.generalFlags
23:52:52 DEBUG              [MsgPush.UnknownElement] wire element ignored unknownTag=12 wireType=0 count=1 bytes=1 reason=no schema decoder path=elem.generalFlags
23:52:52 DEBUG              [MsgPush.UnknownElement] wire element ignored unknownTag=13 wireType=0 count=1 bytes=1 reason=no schema decoder path=elem.generalFlags
23:52:52 DEBUG              [MsgPush.UnknownElement] wire element ignored unknownTag=16 wireType=0 count=1 bytes=1 reason=no schema decoder path=elem.generalFlags
23:52:52 DEBUG              [MsgPush.UnknownElement] wire element ignored unknownTag=17 wireType=0 count=1 bytes=1 reason=no schema decoder path=elem.generalFlags
23:52:52 DEBUG              [MsgPush.UnknownElement] wire element ignored unknownTag=19 wireType=2 count=1 bytes=111 reason=no schema decoder path=elem.generalFlags
23:52:52 DEBUG              [MsgPush.UnknownElement] wire element ignored unknownTag=9 wireType=2 count=1 bytes=5 reason=no schema decoder path=elem
23:52:52 OK    [3868978960] [Event] 群 [NSUK模组-高级用户群(455415527)] | [星辰acy(3461138205)]: ID:529311981 我不是反馈
23:52:55 DEBUG              [MsgPush.UnknownElement] wire element ignored unknownTag=1 wireType=2 count=1 bytes=33 reason=no schema decoder path=body.richText
23:52:55 DEBUG              [MsgPush.UnknownElement] wire element ignored unknownTag=10 wireType=0 count=1 bytes=1 reason=no schema decoder path=elem.generalFlags
23:52:55 DEBUG              [MsgPush.UnknownElement] wire element ignored unknownTag=12 wireType=0 count=1 bytes=1 reason=no schema decoder path=elem.generalFlags
23:52:55 DEBUG              [MsgPush.UnknownElement] wire element ignored unknownTag=13 wireType=0 count=1 bytes=1 reason=no schema decoder path=elem.generalFlags
23:52:55 DEBUG              [MsgPush.UnknownElement] wire element ignored unknownTag=17 wireType=0 count=1 bytes=1 reason=no schema decoder path=elem.generalFlags
23:52:55 DEBUG              [MsgPush.UnknownElement] wire element ignored unknownTag=19 wireType=2 count=1 bytes=104 reason=no schema decoder path=elem.generalFlags
23:52:55 DEBUG              [MsgPush.UnknownElement] wire element ignored unknownTag=9 wireType=2 count=1 bytes=8 reason=no schema decoder path=elem
23:52:55 OK    [3868978960] [Event] 群 [NSUK模组-高级用户群(455415527)] | [我是梦蓝咯(3630797734)]: ID:2059316281 x1x2
23:53:04 DEBUG              [MsgPush.UnknownElement] wire element ignored unknownTag=1 wireType=2 count=1 bytes=34 reason=no schema decoder path=body.richText
23:53:04 DEBUG              [MsgPush.UnknownElement] wire element ignored unknownTag=10 wireType=0 count=1 bytes=1 reason=no schema decoder path=elem.generalFlags
23:53:04 DEBUG              [MsgPush.UnknownElement] wire element ignored unknownTag=12 wireType=0 count=1 bytes=1 reason=no schema decoder path=elem.generalFlags
23:53:04 DEBUG              [MsgPush.UnknownElement] wire element ignored unknownTag=13 wireType=0 count=1 bytes=1 reason=no schema decoder path=elem.generalFlags
23:53:04 DEBUG              [MsgPush.UnknownElement] wire element ignored unknownTag=17 wireType=0 count=1 bytes=1 reason=no schema decoder path=elem.generalFlags
23:53:04 DEBUG              [MsgPush.UnknownElement] wire element ignored unknownTag=19 wireType=2 count=1 bytes=104 reason=no schema decoder path=elem.generalFlags
23:53:04 DEBUG              [MsgPush.UnknownElement] wire element ignored unknownTag=9 wireType=2 count=1 bytes=8 reason=no schema decoder path=elem
23:53:04 OK    [3868978960] [Event] 群 [NSUK模组-高级用户群(455415527)] | [我是梦蓝咯(3630797734)]: ID:1076489875 自己调就好了啊
23:53:08 DEBUG              [MsgPush.UnknownElement] wire element ignored unknownTag=1 wireType=2 count=1 bytes=34 reason=no schema decoder path=body.richText
23:53:08 DEBUG              [MsgPush.UnknownElement] wire element ignored unknownTag=10 wireType=0 count=1 bytes=1 reason=no schema decoder path=elem.generalFlags
23:53:08 DEBUG              [MsgPush.UnknownElement] wire element ignored unknownTag=12 wireType=0 count=1 bytes=1 reason=no schema decoder path=elem.generalFlags
23:53:08 DEBUG              [MsgPush.UnknownElement] wire element ignored unknownTag=13 wireType=0 count=1 bytes=1 reason=no schema decoder path=elem.generalFlags
23:53:08 DEBUG              [MsgPush.UnknownElement] wire element ignored unknownTag=16 wireType=0 count=1 bytes=1 reason=no schema decoder path=elem.generalFlags
23:53:08 DEBUG              [MsgPush.UnknownElement] wire element ignored unknownTag=17 wireType=0 count=1 bytes=1 reason=no schema decoder path=elem.generalFlags
23:53:08 DEBUG              [MsgPush.UnknownElement] wire element ignored unknownTag=19 wireType=2 count=1 bytes=111 reason=no schema decoder path=elem.generalFlags
23:53:08 DEBUG              [MsgPush.UnknownElement] wire element ignored unknownTag=9 wireType=2 count=1 bytes=5 reason=no schema decoder path=elem
23:53:08 OK    [3868978960] [Event] 群 [NSUK模组-高级用户群(455415527)] | [咖啡Coffee🏳️‍⚧️🍥(1780412693)]: ID:-1476018123 就像win10停止维护以后微软也不会对win10修bug一样
23:53:10 DEBUG              [MsgPush.UnknownElement] wire element ignored unknownTag=1 wireType=2 count=1 bytes=34 reason=no schema decoder path=body.richText
23:53:10 DEBUG              [MsgPush.UnknownElement] wire element ignored unknownTag=2 wireType=2 count=1 bytes=21 reason=no schema decoder path=commonElem.msgInfo.msgInfoBody[0].hashSum
23:53:10 DEBUG              [MsgPush.UnknownElement] wire element ignored unknownTag=4 wireType=2 count=1 bytes=3 reason=no schema decoder path=commonElem.msgInfo.extBizInfo
23:53:10 DEBUG              [MsgPush.UnknownElement] wire element ignored unknownTag=3 wireType=0 count=1 bytes=1 reason=no schema decoder path=commonElem.msgInfo.extBizInfo.pic.extData
23:53:10 DEBUG              [MsgPush.UnknownElement] wire element ignored unknownTag=4 wireType=0 count=1 bytes=1 reason=no schema decoder path=commonElem.msgInfo.extBizInfo.pic.extData
23:53:10 DEBUG              [MsgPush.UnknownElement] wire element ignored unknownTag=10 wireType=0 count=1 bytes=1 reason=no schema decoder path=commonElem.msgInfo.extBizInfo.pic.extData
23:53:10 DEBUG              [MsgPush.UnknownElement] wire element ignored unknownTag=12 wireType=2 count=1 bytes=1 reason=no schema decoder path=commonElem.msgInfo.extBizInfo.pic.extData
23:53:10 DEBUG              [MsgPush.UnknownElement] wire element ignored unknownTag=18 wireType=2 count=1 bytes=1 reason=no schema decoder path=commonElem.msgInfo.extBizInfo.pic.extData
23:53:10 DEBUG              [MsgPush.UnknownElement] wire element ignored unknownTag=19 wireType=2 count=1 bytes=1 reason=no schema decoder path=commonElem.msgInfo.extBizInfo.pic.extData
23:53:10 DEBUG              [MsgPush.UnknownElement] wire element ignored unknownTag=21 wireType=2 count=1 bytes=13 reason=no schema decoder path=commonElem.msgInfo.extBizInfo.pic.extData
23:53:10 DEBUG              [MsgPush.UnknownElement] wire element ignored unknownTag=30 wireType=2 count=1 bytes=87 reason=no schema decoder path=commonElem.msgInfo.extBizInfo.pic.extData
23:53:10 DEBUG              [MsgPush.UnknownElement] wire element ignored unknownTag=31 wireType=2 count=1 bytes=33 reason=no schema decoder path=commonElem.msgInfo.extBizInfo.pic.extData
23:53:10 DEBUG              [MsgPush.UnknownElement] wire element ignored unknownTag=34 wireType=0 count=1 bytes=1 reason=no schema decoder path=commonElem.msgInfo.extBizInfo.pic.extData
23:53:10 DEBUG              [MsgPush.UnknownElement] wire element ignored unknownTag=9 wireType=2 count=1 bytes=5 reason=no schema decoder path=elem
23:53:10 DEBUG              [MsgPush.UnknownElement] wire element ignored unknownTag=10 wireType=0 count=1 bytes=1 reason=no schema decoder path=elem.generalFlags
23:53:10 DEBUG              [MsgPush.UnknownElement] wire element ignored unknownTag=12 wireType=0 count=1 bytes=1 reason=no schema decoder path=elem.generalFlags
23:53:10 DEBUG              [MsgPush.UnknownElement] wire element ignored unknownTag=13 wireType=0 count=1 bytes=1 reason=no schema decoder path=elem.generalFlags
23:53:10 DEBUG              [MsgPush.UnknownElement] wire element ignored unknownTag=19 wireType=2 count=1 bytes=101 reason=no schema decoder path=elem.generalFlags
23:53:10 OK    [3868978960] [Event] 群 [NSUK模组-高级用户群(455415527)] | [咖啡Coffee🏳️‍⚧️🍥(1780412693)]: ID:389609254 [图片]
23:54:32 DEBUG              [MsgPush.UnknownElement] wire element ignored unknownTag=1 wireType=2 count=1 bytes=33 reason=no schema decoder path=body.richText
23:54:32 DEBUG              [MsgPush.UnknownElement] wire element ignored unknownTag=10 wireType=0 count=1 bytes=1 reason=no schema decoder path=elem.generalFlags
23:54:32 DEBUG              [MsgPush.UnknownElement] wire element ignored unknownTag=12 wireType=0 count=1 bytes=1 reason=no schema decoder path=elem.generalFlags
23:54:32 DEBUG              [MsgPush.UnknownElement] wire element ignored unknownTag=13 wireType=0 count=1 bytes=1 reason=no schema decoder path=elem.generalFlags
23:54:32 DEBUG              [MsgPush.UnknownElement] wire element ignored unknownTag=16 wireType=0 count=1 bytes=1 reason=no schema decoder path=elem.generalFlags
23:54:32 DEBUG              [MsgPush.UnknownElement] wire element ignored unknownTag=17 wireType=0 count=1 bytes=1 reason=no schema decoder path=elem.generalFlags
23:54:32 DEBUG              [MsgPush.UnknownElement] wire element ignored unknownTag=19 wireType=2 count=1 bytes=113 reason=no schema decoder path=elem.generalFlags
23:54:32 DEBUG              [MsgPush.UnknownElement] wire element ignored unknownTag=9 wireType=2 count=1 bytes=5 reason=no schema decoder path=elem
23:54:32 DEBUG              [MsgPush.UnknownElement] wire element ignored unknownTag=11 wireType=0 count=1 bytes=1 reason=no schema decoder path=text.pbReserve
23:54:32 DEBUG              [MsgPush.UnknownElement] wire element ignored unknownTag=11 wireType=0 count=1 bytes=1 reason=no schema decoder path=text.pbReserve
23:54:32 OK    [3868978960] [Event] 群 [NSUK模组-高级用户群(455415527)] | [星辰acy(3461138205)]: ID:-153694136 [回复 [我是梦蓝咯(3630797734)]: 自己调就好了啊] @3630797734 不行
23:54:32 DEBUG [3868978960] [Bridge.Action] get_msg params=message_id=1076489875
23:54:32 DEBUG [3868978960] [Bridge.Action] get_group_member_info params=group_id=455415527 user_id=3630797734
23:55:37 DEBUG              [MsgPush.UnknownElement] wire element ignored unknownTag=1 wireType=2 count=1 bytes=34 reason=no schema decoder path=body.richText
23:55:37 DEBUG              [MsgPush.UnknownElement] wire element ignored unknownTag=10 wireType=0 count=1 bytes=1 reason=no schema decoder path=elem.generalFlags
23:55:37 DEBUG              [MsgPush.UnknownElement] wire element ignored unknownTag=12 wireType=0 count=1 bytes=1 reason=no schema decoder path=elem.generalFlags
23:55:37 DEBUG              [MsgPush.UnknownElement] wire element ignored unknownTag=13 wireType=0 count=1 bytes=1 reason=no schema decoder path=elem.generalFlags
23:55:37 DEBUG              [MsgPush.UnknownElement] wire element ignored unknownTag=17 wireType=0 count=1 bytes=1 reason=no schema decoder path=elem.generalFlags
23:55:37 DEBUG              [MsgPush.UnknownElement] wire element ignored unknownTag=19 wireType=2 count=1 bytes=104 reason=no schema decoder path=elem.generalFlags
23:55:37 DEBUG              [MsgPush.UnknownElement] wire element ignored unknownTag=9 wireType=2 count=1 bytes=8 reason=no schema decoder path=elem
23:55:37 OK    [3868978960] [Event] 群 [NSUK模组-高级用户群(455415527)] | [我是梦蓝咯(3630797734)]: ID:160261431 pcl
23:55:41 DEBUG              [MsgPush.UnknownElement] wire element ignored unknownTag=1 wireType=2 count=1 bytes=34 reason=no schema decoder path=body.richText
23:55:41 DEBUG              [MsgPush.UnknownElement] wire element ignored unknownTag=10 wireType=0 count=1 bytes=1 reason=no schema decoder path=elem.generalFlags
23:55:41 DEBUG              [MsgPush.UnknownElement] wire element ignored unknownTag=12 wireType=0 count=1 bytes=1 reason=no schema decoder path=elem.generalFlags
23:55:41 DEBUG              [MsgPush.UnknownElement] wire element ignored unknownTag=13 wireType=0 count=1 bytes=1 reason=no schema decoder path=elem.generalFlags
23:55:41 DEBUG              [MsgPush.UnknownElement] wire element ignored unknownTag=17 wireType=0 count=1 bytes=1 reason=no schema decoder path=elem.generalFlags
23:55:41 DEBUG              [MsgPush.UnknownElement] wire element ignored unknownTag=19 wireType=2 count=1 bytes=104 reason=no schema decoder path=elem.generalFlags
23:55:41 DEBUG              [MsgPush.UnknownElement] wire element ignored unknownTag=9 wireType=2 count=1 bytes=8 reason=no schema decoder path=elem
23:55:41 OK    [3868978960] [Event] 群 [NSUK模组-高级用户群(455415527)] | [我是梦蓝咯(3630797734)]: ID:2091879861 pcl21
23:55:46 DEBUG              [MsgPush.UnknownElement] wire element ignored unknownTag=1 wireType=2 count=1 bytes=34 reason=no schema decoder path=body.richText
23:55:46 DEBUG              [MsgPush.UnknownElement] wire element ignored unknownTag=10 wireType=0 count=1 bytes=1 reason=no schema decoder path=elem.generalFlags
23:55:46 DEBUG              [MsgPush.UnknownElement] wire element ignored unknownTag=12 wireType=0 count=1 bytes=1 reason=no schema decoder path=elem.generalFlags
23:55:46 DEBUG              [MsgPush.UnknownElement] wire element ignored unknownTag=13 wireType=0 count=1 bytes=1 reason=no schema decoder path=elem.generalFlags
23:55:46 DEBUG              [MsgPush.UnknownElement] wire element ignored unknownTag=17 wireType=0 count=1 bytes=1 reason=no schema decoder path=elem.generalFlags
23:55:46 DEBUG              [MsgPush.UnknownElement] wire element ignored unknownTag=19 wireType=2 count=1 bytes=104 reason=no schema decoder path=elem.generalFlags
23:55:46 DEBUG              [MsgPush.UnknownElement] wire element ignored unknownTag=9 wireType=2 count=1 bytes=8 reason=no schema decoder path=elem
23:55:46 OK    [3868978960] [Event] 群 [NSUK模组-高级用户群(455415527)] | [我是梦蓝咯(3630797734)]: ID:628496619 /pcl21
23:55:46 DEBUG [3868978960] [Bridge.Action] send_group_msg params=group_id=455415527 message=[len=2]
23:55:46 DEBUG [3868978960] [Highway.Image] uploading 807885 bytes md5=5a4547c1... → group 455415527
23:55:46 DEBUG [3868978960] [Highway] image fast-upload hit for sub=top (server reusing cached resource)
23:55:46 DEBUG [3868978960] [Highway] image fast-upload hit (server already had bytes)
23:55:47 INFO               [OneBot] 群聊 455415527 | 发送：@我是梦蓝咯先退出启动器，然后下载安装这个 Java，安装的时候不要改安装位置， https://d... [图片]
23:55:47 DEBUG              [MsgPush.UnknownElement] wire element ignored unknownTag=1 wireType=2 count=1 bytes=33 reason=no schema decoder path=body.richText
23:55:47 DEBUG              [MsgPush.UnknownElement] wire element ignored unknownTag=9 wireType=2 count=1 bytes=5 reason=no schema decoder path=elem
23:55:47 DEBUG              [MsgPush.UnknownElement] wire element ignored unknownTag=10 wireType=0 count=1 bytes=1 reason=no schema decoder path=elem.generalFlags
23:55:47 DEBUG              [MsgPush.UnknownElement] wire element ignored unknownTag=12 wireType=0 count=1 bytes=1 reason=no schema decoder path=elem.generalFlags
23:55:47 DEBUG              [MsgPush.UnknownElement] wire element ignored unknownTag=13 wireType=0 count=1 bytes=1 reason=no schema decoder path=elem.generalFlags
23:55:47 DEBUG              [MsgPush.UnknownElement] wire element ignored unknownTag=19 wireType=2 count=1 bytes=90 reason=no schema decoder path=elem.generalFlags
23:55:47 OK    [3868978960] [Event] [自身] 群 [NSUK模组-高级用户群(455415527)] | [机器人测试账号(3868978960)]: ID:-1751095995 @我是梦蓝咯先退出启动器，然后下载安装这个 Java，安装的时候不要改安装位置， https://d... [图片]
23:56:24 DEBUG              [MsgPush.UnknownElement] wire element ignored unknownTag=1 wireType=2 count=1 bytes=34 reason=no schema decoder path=body.richText
23:56:24 DEBUG              [MsgPush.UnknownElement] wire element ignored unknownTag=10 wireType=0 count=1 bytes=1 reason=no schema decoder path=elem.generalFlags
23:56:24 DEBUG              [MsgPush.UnknownElement] wire element ignored unknownTag=12 wireType=0 count=1 bytes=1 reason=no schema decoder path=elem.generalFlags
23:56:24 DEBUG              [MsgPush.UnknownElement] wire element ignored unknownTag=13 wireType=0 count=1 bytes=1 reason=no schema decoder path=elem.generalFlags
23:56:24 DEBUG              [MsgPush.UnknownElement] wire element ignored unknownTag=17 wireType=0 count=1 bytes=1 reason=no schema decoder path=elem.generalFlags
23:56:24 DEBUG              [MsgPush.UnknownElement] wire element ignored unknownTag=19 wireType=2 count=1 bytes=105 reason=no schema decoder path=elem.generalFlags
23:56:24 DEBUG              [MsgPush.UnknownElement] wire element ignored unknownTag=9 wireType=2 count=1 bytes=8 reason=no schema decoder path=elem
23:56:24 DEBUG              [MsgPush.UnknownElement] wire element ignored unknownTag=11 wireType=0 count=1 bytes=1 reason=no schema decoder path=text.pbReserve
23:56:24 OK    [3868978960] [Event] 群 [NSUK模组-高级用户群(455415527)] | [我是梦蓝咯(3630797734)]: ID:91821283 @3461138205 那不造了
