00:03:50 DEBUG              [MsgPush.UnknownElement] wire element ignored unknownTag=1 wireType=2 count=1 bytes=34 reason=no schema decoder path=body.richText
00:03:50 DEBUG              [MsgPush.UnknownElement] wire element ignored unknownTag=10 wireType=0 count=1 bytes=1 reason=no schema decoder path=elem.generalFlags
00:03:50 DEBUG              [MsgPush.UnknownElement] wire element ignored unknownTag=12 wireType=0 count=1 bytes=1 reason=no schema decoder path=elem.generalFlags
00:03:50 DEBUG              [MsgPush.UnknownElement] wire element ignored unknownTag=13 wireType=0 count=1 bytes=1 reason=no schema decoder path=elem.generalFlags
00:03:50 DEBUG              [MsgPush.UnknownElement] wire element ignored unknownTag=17 wireType=0 count=1 bytes=1 reason=no schema decoder path=elem.generalFlags
00:03:50 DEBUG              [MsgPush.UnknownElement] wire element ignored unknownTag=19 wireType=2 count=1 bytes=108 reason=no schema decoder path=elem.generalFlags
00:03:50 DEBUG              [MsgPush.UnknownElement] wire element ignored unknownTag=9 wireType=2 count=1 bytes=8 reason=no schema decoder path=elem
00:03:50 OK    [3868978960] [Event] 群 [NSUK模组-高级用户群(455415527)] | [我是梦蓝咯(3630797734)]: ID:326408426 /pcl21
00:03:50 DEBUG [3868978960] [Bridge.Action] send_group_msg params=group_id=455415527 message=[len=2]
00:03:50 DEBUG [3868978960] [Highway.Image] uploading 807885 bytes md5=5a4547c1... → group 455415527
00:03:51 DEBUG [3868978960] [Highway] image fast-upload hit for sub=top (server reusing cached resource)
00:03:51 DEBUG [3868978960] [Highway] image fast-upload hit (server already had bytes)
00:03:51 INFO               [OneBot] 群聊 455415527 | 发送：{at_sender}先退出启动器，然后下载安装这个 Java，安装的时候不要改安装位置， http... [图片]
00:03:51 DEBUG              [MsgPush.UnknownElement] wire element ignored unknownTag=1 wireType=2 count=1 bytes=34 reason=no schema decoder path=body.richText
00:03:51 DEBUG              [MsgPush.UnknownElement] wire element ignored unknownTag=9 wireType=2 count=1 bytes=5 reason=no schema decoder path=elem
00:03:51 DEBUG              [MsgPush.UnknownElement] wire element ignored unknownTag=10 wireType=0 count=1 bytes=1 reason=no schema decoder path=elem.generalFlags
00:03:51 DEBUG              [MsgPush.UnknownElement] wire element ignored unknownTag=12 wireType=0 count=1 bytes=1 reason=no schema decoder path=elem.generalFlags
00:03:51 DEBUG              [MsgPush.UnknownElement] wire element ignored unknownTag=13 wireType=0 count=1 bytes=1 reason=no schema decoder path=elem.generalFlags
00:03:51 DEBUG              [MsgPush.UnknownElement] wire element ignored unknownTag=19 wireType=2 count=1 bytes=93 reason=no schema decoder path=elem.generalFlags
00:03:52 OK    [3868978960] [Event] [自身] 群 [NSUK模组-高级用户群(455415527)] | [机器人测试账号(3868978960)]: ID:-950452383 {at_sender}先退出启动器，然后下载安装这个 Java，安装的时候不要改安装位置， http... [图片]
00:04:56 DEBUG              [MsgPush.UnknownElement] wire element ignored unknownTag=1 wireType=2 count=1 bytes=34 reason=no schema decoder path=body.richText
00:04:56 DEBUG              [MsgPush.UnknownElement] wire element ignored unknownTag=10 wireType=0 count=1 bytes=1 reason=no schema decoder path=elem.generalFlags
00:04:56 DEBUG              [MsgPush.UnknownElement] wire element ignored unknownTag=12 wireType=0 count=1 bytes=1 reason=no schema decoder path=elem.generalFlags
00:04:56 DEBUG              [MsgPush.UnknownElement] wire element ignored unknownTag=13 wireType=0 count=1 bytes=1 reason=no schema decoder path=elem.generalFlags
00:04:56 DEBUG              [MsgPush.UnknownElement] wire element ignored unknownTag=17 wireType=0 count=1 bytes=1 reason=no schema decoder path=elem.generalFlags
00:04:56 DEBUG              [MsgPush.UnknownElement] wire element ignored unknownTag=19 wireType=2 count=1 bytes=108 reason=no schema decoder path=elem.generalFlags
00:04:56 DEBUG              [MsgPush.UnknownElement] wire element ignored unknownTag=9 wireType=2 count=1 bytes=8 reason=no schema decoder path=elem
00:04:56 OK    [3868978960] [Event] 群 [NSUK模组-高级用户群(455415527)] | [我是梦蓝咯(3630797734)]: ID:1319711147 /pcl21
00:04:56 DEBUG [3868978960] [Bridge.Action] send_group_msg params=group_id=455415527 message=[len=2]
00:04:56 DEBUG [3868978960] [Highway.Image] uploading 807885 bytes md5=5a4547c1... → group 455415527
00:04:56 DEBUG [3868978960] [Highway] image fast-upload hit for sub=top (server reusing cached resource)
00:04:56 DEBUG [3868978960] [Highway] image fast-upload hit (server already had bytes)
00:04:57 INFO               [OneBot] 群聊 455415527 | 发送：{at_target} 先退出启动器，然后下载安装这个 Java，安装的时候不要改安装位置， htt... [图片]
00:04:57 DEBUG              [MsgPush.UnknownElement] wire element ignored unknownTag=1 wireType=2 count=1 bytes=34 reason=no schema decoder path=body.richText
00:04:57 DEBUG              [MsgPush.UnknownElement] wire element ignored unknownTag=9 wireType=2 count=1 bytes=5 reason=no schema decoder path=elem
00:04:57 DEBUG              [MsgPush.UnknownElement] wire element ignored unknownTag=10 wireType=0 count=1 bytes=1 reason=no schema decoder path=elem.generalFlags
00:04:57 DEBUG              [MsgPush.UnknownElement] wire element ignored unknownTag=12 wireType=0 count=1 bytes=1 reason=no schema decoder path=elem.generalFlags
00:04:57 DEBUG              [MsgPush.UnknownElement] wire element ignored unknownTag=13 wireType=0 count=1 bytes=1 reason=no schema decoder path=elem.generalFlags
00:04:57 DEBUG              [MsgPush.UnknownElement] wire element ignored unknownTag=19 wireType=2 count=1 bytes=93 reason=no schema decoder path=elem.generalFlags
00:04:57 OK    [3868978960] [Event] [自身] 群 [NSUK模组-高级用户群(455415527)] | [机器人测试账号(3868978960)]: ID:384478401 {at_target} 先退出启动器，然后下载安装这个 Java，安装的时候不要改安装位置， htt... [图片]
00:07:14 DEBUG              [MsgPush.UnknownElement] wire element ignored unknownTag=1 wireType=2 count=1 bytes=34 reason=no schema decoder path=body.richText
00:07:14 DEBUG              [MsgPush.UnknownElement] wire element ignored unknownTag=10 wireType=0 count=1 bytes=1 reason=no schema decoder path=elem.generalFlags
00:07:14 DEBUG              [MsgPush.UnknownElement] wire element ignored unknownTag=12 wireType=0 count=1 bytes=1 reason=no schema decoder path=elem.generalFlags
00:07:14 DEBUG              [MsgPush.UnknownElement] wire element ignored unknownTag=13 wireType=0 count=1 bytes=1 reason=no schema decoder path=elem.generalFlags
00:07:14 DEBUG              [MsgPush.UnknownElement] wire element ignored unknownTag=17 wireType=0 count=1 bytes=1 reason=no schema decoder path=elem.generalFlags
00:07:14 DEBUG              [MsgPush.UnknownElement] wire element ignored unknownTag=19 wireType=2 count=1 bytes=107 reason=no schema decoder path=elem.generalFlags
00:07:14 DEBUG              [MsgPush.UnknownElement] wire element ignored unknownTag=9 wireType=2 count=1 bytes=8 reason=no schema decoder path=elem
00:07:14 OK    [3868978960] [Event] 群 [NSUK模组-高级用户群(455415527)] | [我是梦蓝咯(3630797734)]: ID:-111039821 /pcl21
00:07:14 DEBUG [3868978960] [Bridge.Action] send_group_msg params=group_id=455415527 message=[len=2]
00:07:14 DEBUG [3868978960] [Highway.Image] uploading 807885 bytes md5=5a4547c1... → group 455415527
00:07:14 DEBUG [3868978960] [Highway] image fast-upload hit for sub=top (server reusing cached resource)
00:07:14 DEBUG [3868978960] [Highway] image fast-upload hit (server already had bytes)
00:07:15 INFO               [OneBot] 群聊 455415527 | 发送：{at_sender} 先退出启动器，然后下载安装这个 Java，安装的时候不要改安装位置， htt... [图片]
00:07:15 DEBUG              [MsgPush.UnknownElement] wire element ignored unknownTag=1 wireType=2 count=1 bytes=34 reason=no schema decoder path=body.richText
00:07:15 DEBUG              [MsgPush.UnknownElement] wire element ignored unknownTag=9 wireType=2 count=1 bytes=5 reason=no schema decoder path=elem
00:07:15 DEBUG              [MsgPush.UnknownElement] wire element ignored unknownTag=10 wireType=0 count=1 bytes=1 reason=no schema decoder path=elem.generalFlags
00:07:15 DEBUG              [MsgPush.UnknownElement] wire element ignored unknownTag=12 wireType=0 count=1 bytes=1 reason=no schema decoder path=elem.generalFlags
00:07:15 DEBUG              [MsgPush.UnknownElement] wire element ignored unknownTag=13 wireType=0 count=1 bytes=1 reason=no schema decoder path=elem.generalFlags
00:07:15 DEBUG              [MsgPush.UnknownElement] wire element ignored unknownTag=19 wireType=2 count=1 bytes=90 reason=no schema decoder path=elem.generalFlags
00:07:15 OK    [3868978960] [Event] [自身] 群 [NSUK模组-高级用户群(455415527)] | [机器人测试账号(3868978960)]: ID:1614459997 {at_sender} 先退出启动器，然后下载安装这个 Java，安装的时候不要改安装位置， htt... [图片]
00:08:15 DEBUG              [MsgPush.UnknownElement] wire element ignored unknownTag=1 wireType=2 count=1 bytes=34 reason=no schema decoder path=body.richText
00:08:15 DEBUG              [MsgPush.UnknownElement] wire element ignored unknownTag=10 wireType=0 count=1 bytes=1 reason=no schema decoder path=elem.generalFlags
00:08:15 DEBUG              [MsgPush.UnknownElement] wire element ignored unknownTag=12 wireType=0 count=1 bytes=1 reason=no schema decoder path=elem.generalFlags
00:08:15 DEBUG              [MsgPush.UnknownElement] wire element ignored unknownTag=13 wireType=0 count=1 bytes=1 reason=no schema decoder path=elem.generalFlags
00:08:15 DEBUG              [MsgPush.UnknownElement] wire element ignored unknownTag=17 wireType=0 count=1 bytes=1 reason=no schema decoder path=elem.generalFlags
00:08:15 DEBUG              [MsgPush.UnknownElement] wire element ignored unknownTag=19 wireType=2 count=1 bytes=108 reason=no schema decoder path=elem.generalFlags
00:08:15 DEBUG              [MsgPush.UnknownElement] wire element ignored unknownTag=9 wireType=2 count=1 bytes=8 reason=no schema decoder path=elem
00:08:15 OK    [3868978960] [Event] 群 [NSUK模组-高级用户群(455415527)] | [我是梦蓝咯(3630797734)]: ID:125509750 /pcl21
00:08:15 DEBUG [3868978960] [Bridge.Action] send_group_msg params=group_id=455415527 message=[len=1]
00:08:16 INFO               [OneBot] 群聊 455415527 | 发送：{at_sender} 先退出启动器，然后下载安装这个 Java，安装的时候不要改安装位置， htt...
00:08:16 DEBUG              [MsgPush.UnknownElement] wire element ignored unknownTag=1 wireType=2 count=1 bytes=34 reason=no schema decoder path=body.richText
00:08:16 DEBUG              [MsgPush.UnknownElement] wire element ignored unknownTag=9 wireType=2 count=1 bytes=5 reason=no schema decoder path=elem
00:08:16 DEBUG              [MsgPush.UnknownElement] wire element ignored unknownTag=10 wireType=0 count=1 bytes=1 reason=no schema decoder path=elem.generalFlags
00:08:16 DEBUG              [MsgPush.UnknownElement] wire element ignored unknownTag=12 wireType=0 count=1 bytes=1 reason=no schema decoder path=elem.generalFlags
00:08:16 DEBUG              [MsgPush.UnknownElement] wire element ignored unknownTag=13 wireType=0 count=1 bytes=1 reason=no schema decoder path=elem.generalFlags
00:08:16 DEBUG              [MsgPush.UnknownElement] wire element ignored unknownTag=19 wireType=2 count=1 bytes=93 reason=no schema decoder path=elem.generalFlags
00:08:16 OK    [3868978960] [Event] [自身] 群 [NSUK模组-高级用户群(455415527)] | [机器人测试账号(3868978960)]: ID:1186213425 {at_sender} 先退出启动器，然后下载安装这个 Java，安装的时候不要改安装位置， htt...
00:08:58 WARN  [3868978960] [OneBot.WS-Server] [ws-default] socket error: read ECONNRESET
00:09:10 DEBUG [3868978960] [Bridge.Action] get_login_info params=
00:09:10 DEBUG [3868978960] [Bridge.Action] fetch_custom_face_detail params=count=100
00:09:33 DEBUG              [MsgPush.UnknownElement] wire element ignored unknownTag=1 wireType=2 count=1 bytes=34 reason=no schema decoder path=body.richText
00:09:33 DEBUG              [MsgPush.UnknownElement] wire element ignored unknownTag=9 wireType=2 count=1 bytes=6 reason=no schema decoder path=elem
00:09:33 DEBUG              [MsgPush.UnknownElement] wire element ignored unknownTag=10 wireType=0 count=1 bytes=1 reason=no schema decoder path=elem.generalFlags
00:09:33 DEBUG              [MsgPush.UnknownElement] wire element ignored unknownTag=12 wireType=0 count=1 bytes=1 reason=no schema decoder path=elem.generalFlags
00:09:33 DEBUG              [MsgPush.UnknownElement] wire element ignored unknownTag=13 wireType=0 count=1 bytes=1 reason=no schema decoder path=elem.generalFlags
00:09:33 DEBUG              [MsgPush.UnknownElement] wire element ignored unknownTag=19 wireType=2 count=1 bytes=102 reason=no schema decoder path=elem.generalFlags
00:09:33 OK    [3868978960] [Event] 群 [NSUK模组-高级用户群(455415527)] | [我是梦蓝咯(3630797734)]: ID:1550162348 [聊天记录]
00:09:37 DEBUG              [MsgPush.UnknownElement] wire element ignored unknownTag=1 wireType=2 count=1 bytes=34 reason=no schema decoder path=body.richText
00:09:37 DEBUG              [MsgPush.UnknownElement] wire element ignored unknownTag=10 wireType=0 count=1 bytes=1 reason=no schema decoder path=elem.generalFlags
00:09:37 DEBUG              [MsgPush.UnknownElement] wire element ignored unknownTag=12 wireType=0 count=1 bytes=1 reason=no schema decoder path=elem.generalFlags
00:09:37 DEBUG              [MsgPush.UnknownElement] wire element ignored unknownTag=13 wireType=0 count=1 bytes=1 reason=no schema decoder path=elem.generalFlags
00:09:37 DEBUG              [MsgPush.UnknownElement] wire element ignored unknownTag=17 wireType=0 count=1 bytes=1 reason=no schema decoder path=elem.generalFlags
00:09:37 DEBUG              [MsgPush.UnknownElement] wire element ignored unknownTag=19 wireType=2 count=1 bytes=107 reason=no schema decoder path=elem.generalFlags
00:09:37 DEBUG              [MsgPush.UnknownElement] wire element ignored unknownTag=9 wireType=2 count=1 bytes=8 reason=no schema decoder path=elem
00:09:37 OK    [3868978960] [Event] 群 [NSUK模组-高级用户群(455415527)] | [我是梦蓝咯(3630797734)]: ID:1611109279 /pcl21
00:09:37 DEBUG [3868978960] [Bridge.Action] send_group_msg params=group_id=455415527 message=[len=2]
00:09:37 DEBUG              [MsgPush.UnknownElement] wire element ignored unknownTag=1 wireType=2 count=1 bytes=34 reason=no schema decoder path=body.richText
00:09:37 DEBUG              [MsgPush.UnknownElement] wire element ignored unknownTag=9 wireType=2 count=1 bytes=5 reason=no schema decoder path=elem
00:09:37 DEBUG              [MsgPush.UnknownElement] wire element ignored unknownTag=10 wireType=0 count=1 bytes=1 reason=no schema decoder path=elem.generalFlags
00:09:37 DEBUG              [MsgPush.UnknownElement] wire element ignored unknownTag=12 wireType=0 count=1 bytes=1 reason=no schema decoder path=elem.generalFlags
00:09:37 DEBUG              [MsgPush.UnknownElement] wire element ignored unknownTag=13 wireType=0 count=1 bytes=1 reason=no schema decoder path=elem.generalFlags
00:09:37 DEBUG              [MsgPush.UnknownElement] wire element ignored unknownTag=19 wireType=2 count=1 bytes=91 reason=no schema decoder path=elem.generalFlags
00:09:37 OK    [3868978960] [Event] [自身] 群 [NSUK模组-高级用户群(455415527)] | [机器人测试账号(3868978960)]: ID:1498191518 @3630797734 先退出启动器，然后下载安装这个 Java，安装的时候不要改安装位置， https://downlo...
00:09:37 INFO               [OneBot] 群聊 455415527 | 发送：先退出启动器，然后下载安装这个 Java，安装的时候不要改安装位置， https://downlo...
00:10:01 DEBUG              [MsgPush.UnknownElement] wire element ignored unknownTag=1 wireType=2 count=1 bytes=34 reason=no schema decoder path=body.richText
00:10:01 DEBUG              [MsgPush.UnknownElement] wire element ignored unknownTag=10 wireType=0 count=1 bytes=1 reason=no schema decoder path=elem.generalFlags
00:10:01 DEBUG              [MsgPush.UnknownElement] wire element ignored unknownTag=12 wireType=0 count=1 bytes=1 reason=no schema decoder path=elem.generalFlags
00:10:01 DEBUG              [MsgPush.UnknownElement] wire element ignored unknownTag=13 wireType=0 count=1 bytes=1 reason=no schema decoder path=elem.generalFlags
00:10:01 DEBUG              [MsgPush.UnknownElement] wire element ignored unknownTag=16 wireType=0 count=1 bytes=1 reason=no schema decoder path=elem.generalFlags
00:10:01 DEBUG              [MsgPush.UnknownElement] wire element ignored unknownTag=17 wireType=0 count=1 bytes=3 reason=no schema decoder path=elem.generalFlags
00:10:01 DEBUG              [MsgPush.UnknownElement] wire element ignored unknownTag=19 wireType=2 count=1 bytes=112 reason=no schema decoder path=elem.generalFlags
00:10:01 DEBUG              [MsgPush.UnknownElement] wire element ignored unknownTag=9 wireType=2 count=1 bytes=7 reason=no schema decoder path=elem
00:10:01 OK    [3868978960] [Event] 群 [NSUK模组-高级用户群(455415527)] | [XiaoLiang小亮(2375505742)]: ID:-1767554249 /pcl2
00:10:08 DEBUG              [MsgPush.UnknownElement] wire element ignored unknownTag=1 wireType=2 count=1 bytes=34 reason=no schema decoder path=body.richText
00:10:08 DEBUG              [MsgPush.UnknownElement] wire element ignored unknownTag=10 wireType=0 count=1 bytes=1 reason=no schema decoder path=elem.generalFlags
00:10:08 DEBUG              [MsgPush.UnknownElement] wire element ignored unknownTag=12 wireType=0 count=1 bytes=1 reason=no schema decoder path=elem.generalFlags
00:10:08 DEBUG              [MsgPush.UnknownElement] wire element ignored unknownTag=13 wireType=0 count=1 bytes=1 reason=no schema decoder path=elem.generalFlags
00:10:08 DEBUG              [MsgPush.UnknownElement] wire element ignored unknownTag=16 wireType=0 count=1 bytes=1 reason=no schema decoder path=elem.generalFlags
00:10:08 DEBUG              [MsgPush.UnknownElement] wire element ignored unknownTag=17 wireType=0 count=1 bytes=3 reason=no schema decoder path=elem.generalFlags
00:10:08 DEBUG              [MsgPush.UnknownElement] wire element ignored unknownTag=19 wireType=2 count=1 bytes=112 reason=no schema decoder path=elem.generalFlags
00:10:08 DEBUG              [MsgPush.UnknownElement] wire element ignored unknownTag=9 wireType=2 count=1 bytes=7 reason=no schema decoder path=elem
00:10:08 OK    [3868978960] [Event] 群 [NSUK模组-高级用户群(455415527)] | [XiaoLiang小亮(2375505742)]: ID:-25114551 /pcl21
00:10:08 DEBUG [3868978960] [Bridge.Action] send_group_msg params=group_id=455415527 message=[len=2]
00:10:09 INFO               [OneBot] 群聊 455415527 | 发送：先退出启动器，然后下载安装这个 Java，安装的时候不要改安装位置， https://downlo...
00:10:09 DEBUG              [MsgPush.UnknownElement] wire element ignored unknownTag=1 wireType=2 count=1 bytes=34 reason=no schema decoder path=body.richText
00:10:09 DEBUG              [MsgPush.UnknownElement] wire element ignored unknownTag=9 wireType=2 count=1 bytes=5 reason=no schema decoder path=elem
00:10:09 DEBUG              [MsgPush.UnknownElement] wire element ignored unknownTag=10 wireType=0 count=1 bytes=1 reason=no schema decoder path=elem.generalFlags
00:10:09 DEBUG              [MsgPush.UnknownElement] wire element ignored unknownTag=12 wireType=0 count=1 bytes=1 reason=no schema decoder path=elem.generalFlags
00:10:09 DEBUG              [MsgPush.UnknownElement] wire element ignored unknownTag=13 wireType=0 count=1 bytes=1 reason=no schema decoder path=elem.generalFlags
00:10:09 DEBUG              [MsgPush.UnknownElement] wire element ignored unknownTag=19 wireType=2 count=1 bytes=93 reason=no schema decoder path=elem.generalFlags
00:10:09 OK    [3868978960] [Event] [自身] 群 [NSUK模组-高级用户群(455415527)] | [机器人测试账号(3868978960)]: ID:1068364132 @2375505742 先退出启动器，然后下载安装这个 Java，安装的时候不要改安装位置， https://downlo...
00:11:00 DEBUG              [MsgPush.UnknownElement] wire element ignored unknownTag=1 wireType=2 count=1 bytes=34 reason=no schema decoder path=body.richText
00:11:00 DEBUG              [MsgPush.UnknownElement] wire element ignored unknownTag=10 wireType=0 count=1 bytes=1 reason=no schema decoder path=elem.generalFlags
00:11:00 DEBUG              [MsgPush.UnknownElement] wire element ignored unknownTag=12 wireType=0 count=1 bytes=1 reason=no schema decoder path=elem.generalFlags
00:11:00 DEBUG              [MsgPush.UnknownElement] wire element ignored unknownTag=13 wireType=0 count=1 bytes=1 reason=no schema decoder path=elem.generalFlags
00:11:00 DEBUG              [MsgPush.UnknownElement] wire element ignored unknownTag=17 wireType=0 count=1 bytes=1 reason=no schema decoder path=elem.generalFlags
00:11:00 DEBUG              [MsgPush.UnknownElement] wire element ignored unknownTag=19 wireType=2 count=1 bytes=106 reason=no schema decoder path=elem.generalFlags
00:11:00 DEBUG              [MsgPush.UnknownElement] wire element ignored unknownTag=9 wireType=2 count=1 bytes=8 reason=no schema decoder path=elem
00:11:00 OK    [3868978960] [Event] 群 [NSUK模组-高级用户群(455415527)] | [安沐尘(3384089540)]: ID:1872737752 /pcl21
00:11:00 DEBUG [3868978960] [Bridge.Action] send_group_msg params=group_id=455415527 message=[len=2]
00:11:00 INFO               [OneBot] 群聊 455415527 | 发送：先退出启动器，然后下载安装这个 Java，安装的时候不要改安装位置， https://downlo...
00:11:01 DEBUG              [MsgPush.UnknownElement] wire element ignored unknownTag=1 wireType=2 count=1 bytes=34 reason=no schema decoder path=body.richText
00:11:01 DEBUG              [MsgPush.UnknownElement] wire element ignored unknownTag=9 wireType=2 count=1 bytes=5 reason=no schema decoder path=elem
00:11:01 DEBUG              [MsgPush.UnknownElement] wire element ignored unknownTag=10 wireType=0 count=1 bytes=1 reason=no schema decoder path=elem.generalFlags
00:11:01 DEBUG              [MsgPush.UnknownElement] wire element ignored unknownTag=12 wireType=0 count=1 bytes=1 reason=no schema decoder path=elem.generalFlags
00:11:01 DEBUG              [MsgPush.UnknownElement] wire element ignored unknownTag=13 wireType=0 count=1 bytes=1 reason=no schema decoder path=elem.generalFlags
00:11:01 DEBUG              [MsgPush.UnknownElement] wire element ignored unknownTag=19 wireType=2 count=1 bytes=90 reason=no schema decoder path=elem.generalFlags
00:11:01 OK    [3868978960] [Event] [自身] 群 [NSUK模组-高级用户群(455415527)] | [机器人测试账号(3868978960)]: ID:-442940417 @3384089540 先退出启动器，然后下载安装这个 Java，安装的时候不要改安装位置， https://downlo...
00:14:48 DEBUG              [MsgPush.UnknownElement] wire element ignored unknownTag=1 wireType=2 count=1 bytes=34 reason=no schema decoder path=body.richText
00:14:48 DEBUG              [MsgPush.UnknownElement] wire element ignored unknownTag=9 wireType=2 count=1 bytes=5 reason=no schema decoder path=elem
00:14:48 DEBUG              [MsgPush.UnknownElement] wire element ignored unknownTag=10 wireType=0 count=1 bytes=1 reason=no schema decoder path=elem.generalFlags
00:14:48 DEBUG              [MsgPush.UnknownElement] wire element ignored unknownTag=12 wireType=0 count=1 bytes=1 reason=no schema decoder path=elem.generalFlags
00:14:48 DEBUG              [MsgPush.UnknownElement] wire element ignored unknownTag=13 wireType=0 count=1 bytes=1 reason=no schema decoder path=elem.generalFlags
00:14:48 DEBUG              [MsgPush.UnknownElement] wire element ignored unknownTag=19 wireType=2 count=1 bytes=94 reason=no schema decoder path=elem.generalFlags
00:14:48 OK    [3868978960] [Event] [自身] 群 [NSUK模组-高级用户群(455415527)] | [机器人测试账号(3868978960)]: ID:728199125 /整合包
00:14:57 DEBUG              [MsgPush.UnknownElement] wire element ignored unknownTag=1 wireType=2 count=1 bytes=34 reason=no schema decoder path=body.richText
00:14:57 DEBUG              [MsgPush.UnknownElement] wire element ignored unknownTag=10 wireType=0 count=1 bytes=1 reason=no schema decoder path=elem.generalFlags
00:14:57 DEBUG              [MsgPush.UnknownElement] wire element ignored unknownTag=12 wireType=0 count=1 bytes=1 reason=no schema decoder path=elem.generalFlags
00:14:57 DEBUG              [MsgPush.UnknownElement] wire element ignored unknownTag=13 wireType=0 count=1 bytes=1 reason=no schema decoder path=elem.generalFlags
00:14:57 DEBUG              [MsgPush.UnknownElement] wire element ignored unknownTag=17 wireType=0 count=1 bytes=1 reason=no schema decoder path=elem.generalFlags
00:14:57 DEBUG              [MsgPush.UnknownElement] wire element ignored unknownTag=19 wireType=2 count=1 bytes=105 reason=no schema decoder path=elem.generalFlags
00:14:57 DEBUG              [MsgPush.UnknownElement] wire element ignored unknownTag=9 wireType=2 count=1 bytes=8 reason=no schema decoder path=elem
00:14:57 OK    [3868978960] [Event] 群 [NSUK模组-高级用户群(455415527)] | [我是梦蓝咯(3630797734)]: ID:-1915356080 /整合包
00:14:57 DEBUG [3868978960] [Bridge.Action] send_group_msg params=group_id=455415527 message=[len=2]
00:14:57 DEBUG              [MsgPush.UnknownElement] wire element ignored unknownTag=1 wireType=2 count=1 bytes=34 reason=no schema decoder path=body.richText
00:14:57 DEBUG              [MsgPush.UnknownElement] wire element ignored unknownTag=9 wireType=2 count=1 bytes=5 reason=no schema decoder path=elem
00:14:57 DEBUG              [MsgPush.UnknownElement] wire element ignored unknownTag=10 wireType=0 count=1 bytes=1 reason=no schema decoder path=elem.generalFlags
00:14:57 DEBUG              [MsgPush.UnknownElement] wire element ignored unknownTag=12 wireType=0 count=1 bytes=1 reason=no schema decoder path=elem.generalFlags
00:14:57 DEBUG              [MsgPush.UnknownElement] wire element ignored unknownTag=13 wireType=0 count=1 bytes=1 reason=no schema decoder path=elem.generalFlags
00:14:57 DEBUG              [MsgPush.UnknownElement] wire element ignored unknownTag=19 wireType=2 count=1 bytes=93 reason=no schema decoder path=elem.generalFlags
00:14:57 OK    [3868978960] [Event] [自身] 群 [NSUK模组-高级用户群(455415527)] | [机器人测试账号(3868978960)]: ID:-1440541206 @3630797734 这里是NSUK新模拟大都市用户群,若非本mod问题请进整合包群:1055684866反应,如果执意...
00:14:57 INFO               [OneBot] 群聊 455415527 | 发送：这里是NSUK新模拟大都市用户群,若非本mod问题请进整合包群:1055684866反应,如果执意...
00:15:30 DEBUG              [MsgPush.UnknownElement] wire element ignored unknownTag=1 wireType=2 count=1 bytes=34 reason=no schema decoder path=body.richText
00:15:30 DEBUG              [MsgPush.UnknownElement] wire element ignored unknownTag=10 wireType=0 count=1 bytes=1 reason=no schema decoder path=elem.generalFlags
00:15:30 DEBUG              [MsgPush.UnknownElement] wire element ignored unknownTag=12 wireType=0 count=1 bytes=1 reason=no schema decoder path=elem.generalFlags
00:15:30 DEBUG              [MsgPush.UnknownElement] wire element ignored unknownTag=13 wireType=0 count=1 bytes=1 reason=no schema decoder path=elem.generalFlags
00:15:30 DEBUG              [MsgPush.UnknownElement] wire element ignored unknownTag=16 wireType=0 count=1 bytes=1 reason=no schema decoder path=elem.generalFlags
00:15:30 DEBUG              [MsgPush.UnknownElement] wire element ignored unknownTag=17 wireType=0 count=1 bytes=3 reason=no schema decoder path=elem.generalFlags
00:15:30 DEBUG              [MsgPush.UnknownElement] wire element ignored unknownTag=19 wireType=2 count=1 bytes=112 reason=no schema decoder path=elem.generalFlags
00:15:30 DEBUG              [MsgPush.UnknownElement] wire element ignored unknownTag=9 wireType=2 count=1 bytes=8 reason=no schema decoder path=elem
00:15:30 DEBUG              [MsgPush.UnknownElement] wire element ignored unknownTag=2 wireType=2 count=1 bytes=21 reason=no schema decoder path=commonElem.msgInfo.msgInfoBody[0].hashSum
00:15:30 DEBUG              [MsgPush.UnknownElement] wire element ignored unknownTag=4 wireType=2 count=1 bytes=3 reason=no schema decoder path=commonElem.msgInfo.extBizInfo
00:15:30 DEBUG              [MsgPush.UnknownElement] wire element ignored unknownTag=3 wireType=0 count=1 bytes=1 reason=no schema decoder path=commonElem.msgInfo.extBizInfo.pic.extData
00:15:30 DEBUG              [MsgPush.UnknownElement] wire element ignored unknownTag=4 wireType=0 count=1 bytes=1 reason=no schema decoder path=commonElem.msgInfo.extBizInfo.pic.extData
00:15:30 DEBUG              [MsgPush.UnknownElement] wire element ignored unknownTag=10 wireType=0 count=1 bytes=1 reason=no schema decoder path=commonElem.msgInfo.extBizInfo.pic.extData
00:15:30 DEBUG              [MsgPush.UnknownElement] wire element ignored unknownTag=12 wireType=2 count=1 bytes=1 reason=no schema decoder path=commonElem.msgInfo.extBizInfo.pic.extData
00:15:30 DEBUG              [MsgPush.UnknownElement] wire element ignored unknownTag=18 wireType=2 count=1 bytes=1 reason=no schema decoder path=commonElem.msgInfo.extBizInfo.pic.extData
00:15:30 DEBUG              [MsgPush.UnknownElement] wire element ignored unknownTag=19 wireType=2 count=1 bytes=1 reason=no schema decoder path=commonElem.msgInfo.extBizInfo.pic.extData
00:15:30 DEBUG              [MsgPush.UnknownElement] wire element ignored unknownTag=21 wireType=2 count=1 bytes=13 reason=no schema decoder path=commonElem.msgInfo.extBizInfo.pic.extData
00:15:30 DEBUG              [MsgPush.UnknownElement] wire element ignored unknownTag=30 wireType=2 count=1 bytes=87 reason=no schema decoder path=commonElem.msgInfo.extBizInfo.pic.extData
00:15:30 DEBUG              [MsgPush.UnknownElement] wire element ignored unknownTag=31 wireType=2 count=1 bytes=33 reason=no schema decoder path=commonElem.msgInfo.extBizInfo.pic.extData
00:15:30 DEBUG              [MsgPush.UnknownElement] wire element ignored unknownTag=34 wireType=0 count=1 bytes=1 reason=no schema decoder path=commonElem.msgInfo.extBizInfo.pic.extData
00:15:30 OK    [3868978960] [Event] 群 [NSUK模组-高级用户群(455415527)] | [我是梦蓝咯(3630797734)]: ID:-1208980626 [图片]
00:16:46 DEBUG              [MsgPush.UnknownElement] wire element ignored unknownTag=1 wireType=2 count=1 bytes=34 reason=no schema decoder path=body.richText
00:16:46 DEBUG              [MsgPush.UnknownElement] wire element ignored unknownTag=10 wireType=0 count=1 bytes=1 reason=no schema decoder path=elem.generalFlags
00:16:46 DEBUG              [MsgPush.UnknownElement] wire element ignored unknownTag=12 wireType=0 count=1 bytes=1 reason=no schema decoder path=elem.generalFlags
00:16:46 DEBUG              [MsgPush.UnknownElement] wire element ignored unknownTag=13 wireType=0 count=1 bytes=1 reason=no schema decoder path=elem.generalFlags
00:16:46 DEBUG              [MsgPush.UnknownElement] wire element ignored unknownTag=17 wireType=0 count=1 bytes=1 reason=no schema decoder path=elem.generalFlags
00:16:46 DEBUG              [MsgPush.UnknownElement] wire element ignored unknownTag=19 wireType=2 count=1 bytes=107 reason=no schema decoder path=elem.generalFlags
00:16:46 DEBUG              [MsgPush.UnknownElement] wire element ignored unknownTag=9 wireType=2 count=1 bytes=8 reason=no schema decoder path=elem
00:16:46 OK    [3868978960] [Event] 群 [NSUK模组-高级用户群(455415527)] | [我是梦蓝咯(3630797734)]: ID:-410695757 整合包
00:16:50 DEBUG              [MsgPush.UnknownElement] wire element ignored unknownTag=1 wireType=2 count=1 bytes=34 reason=no schema decoder path=body.richText
00:16:50 DEBUG              [MsgPush.UnknownElement] wire element ignored unknownTag=10 wireType=0 count=1 bytes=1 reason=no schema decoder path=elem.generalFlags
00:16:50 DEBUG              [MsgPush.UnknownElement] wire element ignored unknownTag=12 wireType=0 count=1 bytes=1 reason=no schema decoder path=elem.generalFlags
00:16:50 DEBUG              [MsgPush.UnknownElement] wire element ignored unknownTag=13 wireType=0 count=1 bytes=1 reason=no schema decoder path=elem.generalFlags
00:16:50 DEBUG              [MsgPush.UnknownElement] wire element ignored unknownTag=17 wireType=0 count=1 bytes=1 reason=no schema decoder path=elem.generalFlags
00:16:50 DEBUG              [MsgPush.UnknownElement] wire element ignored unknownTag=19 wireType=2 count=1 bytes=104 reason=no schema decoder path=elem.generalFlags
00:16:50 DEBUG              [MsgPush.UnknownElement] wire element ignored unknownTag=9 wireType=2 count=1 bytes=8 reason=no schema decoder path=elem
00:16:50 OK    [3868978960] [Event] 群 [NSUK模组-高级用户群(455415527)] | [我是梦蓝咯(3630797734)]: ID:-1467125383 /整合包
00:16:50 DEBUG [3868978960] [Bridge.Action] send_group_msg params=group_id=455415527 message=[len=3]
00:16:50 WARN  [3868978960] [Bridge.Action] send_group_msg failed: ENOENT: no such file or directory, stat 'C:\Users\小亮傻逼\Desktop\qq-bridge-main\img\wenti.png'
Error: ENOENT: no such file or directory, stat 'C:\Users\小亮傻逼\Desktop\qq-bridge-main\img\wenti.png'
    at Object.statSync (node:fs:1740:25)
    at loadBinarySource (file:///C:/Users/%E5%B0%8F%E4%BA%AE%E5%82%BB%E9%80%BC/Desktop/SnowLuma-v1.14.19-win-x64/utils-tSVKpzEf.js:227:18)
    at loadImageFromSource (file:///C:/Users/%E5%B0%8F%E4%BA%AE%E5%82%BB%E9%80%BC/Desktop/SnowLuma-v1.14.19-win-x64/index.mjs:71083:23)
    at loadImage (file:///C:/Users/%E5%B0%8F%E4%BA%AE%E5%82%BB%E9%80%BC/Desktop/SnowLuma-v1.14.19-win-x64/index.mjs:71080:9)
    at uploadImageMsgInfo (file:///C:/Users/%E5%B0%8F%E4%BA%AE%E5%82%BB%E9%80%BC/Desktop/SnowLuma-v1.14.19-win-x64/index.mjs:71117:22)
    at makeImageElem (file:///C:/Users/%E5%B0%8F%E4%BA%AE%E5%82%BB%E9%80%BC/Desktop/SnowLuma-v1.14.19-win-x64/index.mjs:74943:24)
    at buildSendElems (file:///C:/Users/%E5%B0%8F%E4%BA%AE%E5%82%BB%E9%80%BC/Desktop/SnowLuma-v1.14.19-win-x64/index.mjs:75072:25)
    at MessageApi.sendGroup (file:///C:/Users/%E5%B0%8F%E4%BA%AE%E5%82%BB%E9%80%BC/Desktop/SnowLuma-v1.14.19-win-x64/index.mjs:203583:28)
    at sendGroupMessage (file:///C:/Users/%E5%B0%8F%E4%BA%AE%E5%82%BB%E9%80%BC/Desktop/SnowLuma-v1.14.19-win-x64/index.mjs:17280:47)
    at process.processTicksAndRejections (node:internal/process/task_queues:105:5)
00:17:31 DEBUG              [MsgPush.UnknownElement] wire element ignored unknownTag=1 wireType=2 count=1 bytes=34 reason=no schema decoder path=body.richText
00:17:31 DEBUG              [MsgPush.UnknownElement] wire element ignored unknownTag=10 wireType=0 count=1 bytes=1 reason=no schema decoder path=elem.generalFlags
00:17:31 DEBUG              [MsgPush.UnknownElement] wire element ignored unknownTag=12 wireType=0 count=1 bytes=1 reason=no schema decoder path=elem.generalFlags
00:17:31 DEBUG              [MsgPush.UnknownElement] wire element ignored unknownTag=13 wireType=0 count=1 bytes=1 reason=no schema decoder path=elem.generalFlags
00:17:31 DEBUG              [MsgPush.UnknownElement] wire element ignored unknownTag=16 wireType=0 count=1 bytes=1 reason=no schema decoder path=elem.generalFlags
00:17:31 DEBUG              [MsgPush.UnknownElement] wire element ignored unknownTag=17 wireType=0 count=1 bytes=3 reason=no schema decoder path=elem.generalFlags
00:17:31 DEBUG              [MsgPush.UnknownElement] wire element ignored unknownTag=19 wireType=2 count=1 bytes=108 reason=no schema decoder path=elem.generalFlags
00:17:31 DEBUG              [MsgPush.UnknownElement] wire element ignored unknownTag=9 wireType=2 count=1 bytes=7 reason=no schema decoder path=elem
00:17:31 OK    [3868978960] [Event] 群 [NSUK模组-高级用户群(455415527)] | [XiaoLiang小亮(2375505742)]: ID:1221295534 /整合包
00:17:31 DEBUG [3868978960] [Bridge.Action] send_group_msg params=group_id=455415527 message=[len=3]
00:17:31 WARN  [3868978960] [Bridge.Action] send_group_msg failed: ENOENT: no such file or directory, stat 'C:\Users\小亮傻逼\Desktop\qq-bridge-main\img\wenti.png'
Error: ENOENT: no such file or directory, stat 'C:\Users\小亮傻逼\Desktop\qq-bridge-main\img\wenti.png'
    at Object.statSync (node:fs:1740:25)
    at loadBinarySource (file:///C:/Users/%E5%B0%8F%E4%BA%AE%E5%82%BB%E9%80%BC/Desktop/SnowLuma-v1.14.19-win-x64/utils-tSVKpzEf.js:227:18)
    at loadImageFromSource (file:///C:/Users/%E5%B0%8F%E4%BA%AE%E5%82%BB%E9%80%BC/Desktop/SnowLuma-v1.14.19-win-x64/index.mjs:71083:23)
    at loadImage (file:///C:/Users/%E5%B0%8F%E4%BA%AE%E5%82%BB%E9%80%BC/Desktop/SnowLuma-v1.14.19-win-x64/index.mjs:71080:9)
    at uploadImageMsgInfo (file:///C:/Users/%E5%B0%8F%E4%BA%AE%E5%82%BB%E9%80%BC/Desktop/SnowLuma-v1.14.19-win-x64/index.mjs:71117:22)
    at makeImageElem (file:///C:/Users/%E5%B0%8F%E4%BA%AE%E5%82%BB%E9%80%BC/Desktop/SnowLuma-v1.14.19-win-x64/index.mjs:74943:24)
    at buildSendElems (file:///C:/Users/%E5%B0%8F%E4%BA%AE%E5%82%BB%E9%80%BC/Desktop/SnowLuma-v1.14.19-win-x64/index.mjs:75072:25)
    at MessageApi.sendGroup (file:///C:/Users/%E5%B0%8F%E4%BA%AE%E5%82%BB%E9%80%BC/Desktop/SnowLuma-v1.14.19-win-x64/index.mjs:203583:28)
    at sendGroupMessage (file:///C:/Users/%E5%B0%8F%E4%BA%AE%E5%82%BB%E9%80%BC/Desktop/SnowLuma-v1.14.19-win-x64/index.mjs:17280:47)
    at process.processTicksAndRejections (node:internal/process/task_queues:105:5)
00:17:36 DEBUG              [MsgPush.UnknownElement] wire element ignored unknownTag=1 wireType=2 count=1 bytes=34 reason=no schema decoder path=body.richText
00:17:36 DEBUG              [MsgPush.UnknownElement] wire element ignored unknownTag=10 wireType=0 count=1 bytes=1 reason=no schema decoder path=elem.generalFlags
00:17:36 DEBUG              [MsgPush.UnknownElement] wire element ignored unknownTag=12 wireType=0 count=1 bytes=1 reason=no schema decoder path=elem.generalFlags
00:17:36 DEBUG              [MsgPush.UnknownElement] wire element ignored unknownTag=13 wireType=0 count=1 bytes=1 reason=no schema decoder path=elem.generalFlags
00:17:36 DEBUG              [MsgPush.UnknownElement] wire element ignored unknownTag=17 wireType=0 count=1 bytes=1 reason=no schema decoder path=elem.generalFlags
00:17:36 DEBUG              [MsgPush.UnknownElement] wire element ignored unknownTag=19 wireType=2 count=1 bytes=107 reason=no schema decoder path=elem.generalFlags
00:17:36 DEBUG              [MsgPush.UnknownElement] wire element ignored unknownTag=9 wireType=2 count=1 bytes=8 reason=no schema decoder path=elem
00:17:36 OK    [3868978960] [Event] 群 [NSUK模组-高级用户群(455415527)] | [我是梦蓝咯(3630797734)]: ID:-211101989 /pcl
00:17:40 DEBUG              [MsgPush.UnknownElement] wire element ignored unknownTag=1 wireType=2 count=1 bytes=34 reason=no schema decoder path=body.richText
00:17:40 DEBUG              [MsgPush.UnknownElement] wire element ignored unknownTag=10 wireType=0 count=1 bytes=1 reason=no schema decoder path=elem.generalFlags
00:17:40 DEBUG              [MsgPush.UnknownElement] wire element ignored unknownTag=12 wireType=0 count=1 bytes=1 reason=no schema decoder path=elem.generalFlags
00:17:40 DEBUG              [MsgPush.UnknownElement] wire element ignored unknownTag=13 wireType=0 count=1 bytes=1 reason=no schema decoder path=elem.generalFlags
00:17:40 DEBUG              [MsgPush.UnknownElement] wire element ignored unknownTag=17 wireType=0 count=1 bytes=1 reason=no schema decoder path=elem.generalFlags
00:17:40 DEBUG              [MsgPush.UnknownElement] wire element ignored unknownTag=19 wireType=2 count=1 bytes=108 reason=no schema decoder path=elem.generalFlags
00:17:40 DEBUG              [MsgPush.UnknownElement] wire element ignored unknownTag=9 wireType=2 count=1 bytes=8 reason=no schema decoder path=elem
00:17:40 OK    [3868978960] [Event] 群 [NSUK模组-高级用户群(455415527)] | [我是梦蓝咯(3630797734)]: ID:1431834820 /pcl21
00:17:40 DEBUG [3868978960] [Bridge.Action] send_group_msg params=group_id=455415527 message=[len=3]
00:17:40 DEBUG [3868978960] [Highway.Image] uploading 807885 bytes md5=5a4547c1... → group 455415527
00:17:41 DEBUG [3868978960] [Highway] image fast-upload hit for sub=top (server reusing cached resource)
00:17:41 DEBUG [3868978960] [Highway] image fast-upload hit (server already had bytes)
00:17:41 INFO               [OneBot] 群聊 455415527 | 发送：先退出启动器，然后下载安装这个 Java，安装的时候不要改安装位置， https://downlo... [图片]
00:17:41 DEBUG              [MsgPush.UnknownElement] wire element ignored unknownTag=1 wireType=2 count=1 bytes=34 reason=no schema decoder path=body.richText
00:17:41 DEBUG              [MsgPush.UnknownElement] wire element ignored unknownTag=9 wireType=2 count=1 bytes=5 reason=no schema decoder path=elem
00:17:41 DEBUG              [MsgPush.UnknownElement] wire element ignored unknownTag=10 wireType=0 count=1 bytes=1 reason=no schema decoder path=elem.generalFlags
00:17:41 DEBUG              [MsgPush.UnknownElement] wire element ignored unknownTag=12 wireType=0 count=1 bytes=1 reason=no schema decoder path=elem.generalFlags
00:17:41 DEBUG              [MsgPush.UnknownElement] wire element ignored unknownTag=13 wireType=0 count=1 bytes=1 reason=no schema decoder path=elem.generalFlags
00:17:41 DEBUG              [MsgPush.UnknownElement] wire element ignored unknownTag=19 wireType=2 count=1 bytes=94 reason=no schema decoder path=elem.generalFlags
00:17:41 OK    [3868978960] [Event] [自身] 群 [NSUK模组-高级用户群(455415527)] | [机器人测试账号(3868978960)]: ID:1900988187 @3630797734 先退出启动器，然后下载安装这个 Java，安装的时候不要改安装位置， https://downlo... [图片]
00:18:20 DEBUG              [MsgPush.UnknownElement] wire element ignored unknownTag=1 wireType=2 count=1 bytes=34 reason=no schema decoder path=body.richText
00:18:20 DEBUG              [MsgPush.UnknownElement] wire element ignored unknownTag=10 wireType=0 count=1 bytes=1 reason=no schema decoder path=elem.generalFlags
00:18:20 DEBUG              [MsgPush.UnknownElement] wire element ignored unknownTag=12 wireType=0 count=1 bytes=1 reason=no schema decoder path=elem.generalFlags
00:18:20 DEBUG              [MsgPush.UnknownElement] wire element ignored unknownTag=13 wireType=0 count=1 bytes=1 reason=no schema decoder path=elem.generalFlags
00:18:20 DEBUG              [MsgPush.UnknownElement] wire element ignored unknownTag=16 wireType=0 count=1 bytes=1 reason=no schema decoder path=elem.generalFlags
00:18:20 DEBUG              [MsgPush.UnknownElement] wire element ignored unknownTag=17 wireType=0 count=1 bytes=3 reason=no schema decoder path=elem.generalFlags
00:18:20 DEBUG              [MsgPush.UnknownElement] wire element ignored unknownTag=19 wireType=2 count=1 bytes=112 reason=no schema decoder path=elem.generalFlags
00:18:20 DEBUG              [MsgPush.UnknownElement] wire element ignored unknownTag=9 wireType=2 count=1 bytes=7 reason=no schema decoder path=elem
00:18:20 OK    [3868978960] [Event] 群 [NSUK模组-高级用户群(455415527)] | [XiaoLiang小亮(2375505742)]: ID:401720101 /整合包
00:18:20 DEBUG [3868978960] [Bridge.Action] send_group_msg params=group_id=455415527 message=[len=3]
00:18:20 DEBUG [3868978960] [Highway.Image] uploading 112445 bytes md5=ee05a4b6... → group 455415527
00:18:20 DEBUG [3868978960] [Highway] image OIDB requires bytes, PUT 112445 bytes (sub=top)
00:18:21 DEBUG              [Highway] highway upload done: 112445 bytes over 1 connection(s) (cmdId=1004)
00:18:21 DEBUG [3868978960] [Highway] image PUT done in 332ms
00:18:21 INFO               [OneBot] 群聊 455415527 | 发送：这里是NSUK新模拟大都市用户群,若非本mod问题请进整合包群:1055684866反应,如果执意... [图片]
00:18:21 DEBUG              [MsgPush.UnknownElement] wire element ignored unknownTag=1 wireType=2 count=1 bytes=34 reason=no schema decoder path=body.richText
00:18:21 DEBUG              [MsgPush.UnknownElement] wire element ignored unknownTag=9 wireType=2 count=1 bytes=3 reason=no schema decoder path=elem
00:18:21 DEBUG              [MsgPush.UnknownElement] wire element ignored unknownTag=10 wireType=0 count=1 bytes=1 reason=no schema decoder path=elem.generalFlags
00:18:21 DEBUG              [MsgPush.UnknownElement] wire element ignored unknownTag=12 wireType=0 count=1 bytes=1 reason=no schema decoder path=elem.generalFlags
00:18:21 DEBUG              [MsgPush.UnknownElement] wire element ignored unknownTag=13 wireType=0 count=1 bytes=1 reason=no schema decoder path=elem.generalFlags
00:18:21 DEBUG              [MsgPush.UnknownElement] wire element ignored unknownTag=19 wireType=2 count=1 bytes=94 reason=no schema decoder path=elem.generalFlags
00:18:21 OK    [3868978960] [Event] [自身] 群 [NSUK模组-高级用户群(455415527)] | [机器人测试账号(3868978960)]: ID:1847229401 @2375505742 这里是NSUK新模拟大都市用户群,若非本mod问题请进整合包群:1055684866反应,如果执意... [图片]
00:20:46 DEBUG              [MsgPush.UnknownElement] wire element ignored unknownTag=1 wireType=2 count=1 bytes=34 reason=no schema decoder path=body.richText
00:20:46 DEBUG              [MsgPush.UnknownElement] wire element ignored unknownTag=10 wireType=0 count=1 bytes=1 reason=no schema decoder path=elem.generalFlags
00:20:46 DEBUG              [MsgPush.UnknownElement] wire element ignored unknownTag=12 wireType=0 count=1 bytes=1 reason=no schema decoder path=elem.generalFlags
00:20:46 DEBUG              [MsgPush.UnknownElement] wire element ignored unknownTag=13 wireType=0 count=1 bytes=1 reason=no schema decoder path=elem.generalFlags
00:20:46 DEBUG              [MsgPush.UnknownElement] wire element ignored unknownTag=16 wireType=0 count=1 bytes=1 reason=no schema decoder path=elem.generalFlags
00:20:46 DEBUG              [MsgPush.UnknownElement] wire element ignored unknownTag=17 wireType=0 count=1 bytes=3 reason=no schema decoder path=elem.generalFlags
00:20:46 DEBUG              [MsgPush.UnknownElement] wire element ignored unknownTag=19 wireType=2 count=1 bytes=111 reason=no schema decoder path=elem.generalFlags
00:20:46 DEBUG              [MsgPush.UnknownElement] wire element ignored unknownTag=9 wireType=2 count=1 bytes=7 reason=no schema decoder path=elem
00:20:46 OK    [3868978960] [Event] 群 [NSUK模组-高级用户群(455415527)] | [XiaoLiang小亮(2375505742)]: ID:-1725634169 /整合包
00:20:46 DEBUG [3868978960] [Bridge.Action] send_group_msg params=group_id=455415527 message=[len=3]
00:20:46 DEBUG [3868978960] [Highway.Image] uploading 112445 bytes md5=ee05a4b6... → group 455415527
00:20:47 DEBUG [3868978960] [Highway] image fast-upload hit for sub=top (server reusing cached resource)
00:20:47 DEBUG [3868978960] [Highway] image fast-upload hit (server already had bytes)
00:20:47 DEBUG              [MsgPush.UnknownElement] wire element ignored unknownTag=1 wireType=2 count=1 bytes=34 reason=no schema decoder path=body.richText
00:20:47 DEBUG              [MsgPush.UnknownElement] wire element ignored unknownTag=9 wireType=2 count=1 bytes=3 reason=no schema decoder path=elem
00:20:47 DEBUG              [MsgPush.UnknownElement] wire element ignored unknownTag=10 wireType=0 count=1 bytes=1 reason=no schema decoder path=elem.generalFlags
00:20:47 DEBUG              [MsgPush.UnknownElement] wire element ignored unknownTag=12 wireType=0 count=1 bytes=1 reason=no schema decoder path=elem.generalFlags
00:20:47 DEBUG              [MsgPush.UnknownElement] wire element ignored unknownTag=13 wireType=0 count=1 bytes=1 reason=no schema decoder path=elem.generalFlags
00:20:47 DEBUG              [MsgPush.UnknownElement] wire element ignored unknownTag=19 wireType=2 count=1 bytes=94 reason=no schema decoder path=elem.generalFlags
00:20:47 OK    [3868978960] [Event] [自身] 群 [NSUK模组-高级用户群(455415527)] | [机器人测试账号(3868978960)]: ID:221092572 @2375505742 这里是NSUK新模拟大都市用户群,若非本mod问题请进整合包群:1055684866 入群反映,如... [图片]
00:20:47 INFO               [OneBot] 群聊 455415527 | 发送：这里是NSUK新模拟大都市用户群,若非本mod问题请进整合包群:1055684866 入群反映,如... [图片]
00:25:19 DEBUG              [MsgPush.Unknown] Event0x210 unknown subType=382
00:28:36 DEBUG              [MsgPush.UnknownElement] wire element ignored unknownTag=1 wireType=2 count=1 bytes=34 reason=no schema decoder path=body.richText
00:28:36 DEBUG              [MsgPush.UnknownElement] wire element ignored unknownTag=2 wireType=2 count=1 bytes=21 reason=no schema decoder path=commonElem.msgInfo.msgInfoBody[0].hashSum
00:28:36 DEBUG              [MsgPush.UnknownElement] wire element ignored unknownTag=4 wireType=2 count=1 bytes=3 reason=no schema decoder path=commonElem.msgInfo.extBizInfo
00:28:36 DEBUG              [MsgPush.UnknownElement] wire element ignored unknownTag=3 wireType=0 count=1 bytes=1 reason=no schema decoder path=commonElem.msgInfo.extBizInfo.pic.extData
00:28:36 DEBUG              [MsgPush.UnknownElement] wire element ignored unknownTag=4 wireType=0 count=1 bytes=1 reason=no schema decoder path=commonElem.msgInfo.extBizInfo.pic.extData
00:28:36 DEBUG              [MsgPush.UnknownElement] wire element ignored unknownTag=10 wireType=0 count=1 bytes=1 reason=no schema decoder path=commonElem.msgInfo.extBizInfo.pic.extData
00:28:36 DEBUG              [MsgPush.UnknownElement] wire element ignored unknownTag=12 wireType=2 count=1 bytes=1 reason=no schema decoder path=commonElem.msgInfo.extBizInfo.pic.extData
00:28:36 DEBUG              [MsgPush.UnknownElement] wire element ignored unknownTag=18 wireType=2 count=1 bytes=1 reason=no schema decoder path=commonElem.msgInfo.extBizInfo.pic.extData
00:28:36 DEBUG              [MsgPush.UnknownElement] wire element ignored unknownTag=19 wireType=2 count=1 bytes=1 reason=no schema decoder path=commonElem.msgInfo.extBizInfo.pic.extData
00:28:36 DEBUG              [MsgPush.UnknownElement] wire element ignored unknownTag=21 wireType=2 count=1 bytes=13 reason=no schema decoder path=commonElem.msgInfo.extBizInfo.pic.extData
00:28:36 DEBUG              [MsgPush.UnknownElement] wire element ignored unknownTag=30 wireType=2 count=1 bytes=87 reason=no schema decoder path=commonElem.msgInfo.extBizInfo.pic.extData
00:28:36 DEBUG              [MsgPush.UnknownElement] wire element ignored unknownTag=31 wireType=2 count=1 bytes=33 reason=no schema decoder path=commonElem.msgInfo.extBizInfo.pic.extData
00:28:36 DEBUG              [MsgPush.UnknownElement] wire element ignored unknownTag=34 wireType=0 count=1 bytes=1 reason=no schema decoder path=commonElem.msgInfo.extBizInfo.pic.extData
00:28:36 DEBUG              [MsgPush.UnknownElement] wire element ignored unknownTag=9 wireType=2 count=1 bytes=5 reason=no schema decoder path=elem
00:28:36 DEBUG              [MsgPush.UnknownElement] wire element ignored unknownTag=10 wireType=0 count=1 bytes=1 reason=no schema decoder path=elem.generalFlags
00:28:36 DEBUG              [MsgPush.UnknownElement] wire element ignored unknownTag=12 wireType=0 count=1 bytes=1 reason=no schema decoder path=elem.generalFlags
00:28:36 DEBUG              [MsgPush.UnknownElement] wire element ignored unknownTag=13 wireType=0 count=1 bytes=1 reason=no schema decoder path=elem.generalFlags
00:28:36 DEBUG              [MsgPush.UnknownElement] wire element ignored unknownTag=19 wireType=2 count=1 bytes=104 reason=no schema decoder path=elem.generalFlags
00:28:36 OK    [3868978960] [Event] 群 [NSUK模组-高级用户群(455415527)] | [咖啡Coffee🏳️‍⚧️🍥(1780412693)]: ID:-928852403 [图片]
00:31:03 DEBUG              [MsgPush.UnknownElement] wire element ignored unknownTag=1 wireType=2 count=1 bytes=34 reason=no schema decoder path=body.richText
00:31:03 DEBUG              [MsgPush.UnknownElement] wire element ignored unknownTag=10 wireType=0 count=1 bytes=1 reason=no schema decoder path=elem.generalFlags
00:31:03 DEBUG              [MsgPush.UnknownElement] wire element ignored unknownTag=12 wireType=0 count=1 bytes=1 reason=no schema decoder path=elem.generalFlags
00:31:03 DEBUG              [MsgPush.UnknownElement] wire element ignored unknownTag=13 wireType=0 count=1 bytes=1 reason=no schema decoder path=elem.generalFlags
00:31:03 DEBUG              [MsgPush.UnknownElement] wire element ignored unknownTag=17 wireType=0 count=1 bytes=1 reason=no schema decoder path=elem.generalFlags
00:31:03 DEBUG              [MsgPush.UnknownElement] wire element ignored unknownTag=19 wireType=2 count=1 bytes=107 reason=no schema decoder path=elem.generalFlags
00:31:03 DEBUG              [MsgPush.UnknownElement] wire element ignored unknownTag=9 wireType=2 count=1 bytes=8 reason=no schema decoder path=elem
00:31:03 OK    [3868978960] [Event] 群 [NSUK模组-高级用户群(455415527)] | [我是梦蓝咯(3630797734)]: ID:-760122654 /mod问题
00:31:03 DEBUG [3868978960] [Bridge.Action] send_group_msg params=group_id=455415527 message=[len=1]
00:31:03 INFO               [OneBot] 群聊 455415527 | 发送：mod问题请详细描述,描述格式:
艾特一位工程师(常驻:咖啡 梦蓝 小亮)
所使用的游戏版本:
所使...
00:31:03 DEBUG              [MsgPush.UnknownElement] wire element ignored unknownTag=1 wireType=2 count=1 bytes=34 reason=no schema decoder path=body.richText
00:31:03 DEBUG              [MsgPush.UnknownElement] wire element ignored unknownTag=9 wireType=2 count=1 bytes=5 reason=no schema decoder path=elem
00:31:03 DEBUG              [MsgPush.UnknownElement] wire element ignored unknownTag=10 wireType=0 count=1 bytes=1 reason=no schema decoder path=elem.generalFlags
00:31:03 DEBUG              [MsgPush.UnknownElement] wire element ignored unknownTag=12 wireType=0 count=1 bytes=1 reason=no schema decoder path=elem.generalFlags
00:31:03 DEBUG              [MsgPush.UnknownElement] wire element ignored unknownTag=13 wireType=0 count=1 bytes=1 reason=no schema decoder path=elem.generalFlags
00:31:03 DEBUG              [MsgPush.UnknownElement] wire element ignored unknownTag=19 wireType=2 count=1 bytes=94 reason=no schema decoder path=elem.generalFlags
00:31:03 OK    [3868978960] [Event] [自身] 群 [NSUK模组-高级用户群(455415527)] | [机器人测试账号(3868978960)]: ID:-55034242 mod问题请详细描述,描述格式:
艾特一位工程师(常驻:咖啡 梦蓝 小亮)
所使用的游戏版本:
所使...
00:39:27 DEBUG              [MsgPush.UnknownElement] wire element ignored unknownTag=1 wireType=2 count=1 bytes=34 reason=no schema decoder path=body.richText
00:39:27 DEBUG              [MsgPush.UnknownElement] wire element ignored unknownTag=10 wireType=0 count=1 bytes=1 reason=no schema decoder path=elem.generalFlags
00:39:27 DEBUG              [MsgPush.UnknownElement] wire element ignored unknownTag=12 wireType=0 count=1 bytes=1 reason=no schema decoder path=elem.generalFlags
00:39:27 DEBUG              [MsgPush.UnknownElement] wire element ignored unknownTag=13 wireType=0 count=1 bytes=1 reason=no schema decoder path=elem.generalFlags
00:39:27 DEBUG              [MsgPush.UnknownElement] wire element ignored unknownTag=17 wireType=0 count=1 bytes=1 reason=no schema decoder path=elem.generalFlags
00:39:27 DEBUG              [MsgPush.UnknownElement] wire element ignored unknownTag=19 wireType=2 count=1 bytes=107 reason=no schema decoder path=elem.generalFlags
00:39:27 DEBUG              [MsgPush.UnknownElement] wire element ignored unknownTag=9 wireType=2 count=1 bytes=8 reason=no schema decoder path=elem
00:39:27 OK    [3868978960] [Event] 群 [NSUK模组-高级用户群(455415527)] | [我是梦蓝咯(3630797734)]: ID:270146703 /mod问题
00:39:27 DEBUG [3868978960] [Bridge.Action] send_group_msg params=group_id=455415527 message=[len=1]
00:39:27 INFO               [OneBot] 群聊 455415527 | 发送：mod问题请详细描述,描述格式:
艾特一位常驻工程师(常驻:咖啡 梦蓝 小亮)
所使用的游戏版本:
...
00:39:27 DEBUG              [MsgPush.UnknownElement] wire element ignored unknownTag=1 wireType=2 count=1 bytes=33 reason=no schema decoder path=body.richText
00:39:27 DEBUG              [MsgPush.UnknownElement] wire element ignored unknownTag=9 wireType=2 count=1 bytes=5 reason=no schema decoder path=elem
00:39:27 DEBUG              [MsgPush.UnknownElement] wire element ignored unknownTag=10 wireType=0 count=1 bytes=1 reason=no schema decoder path=elem.generalFlags
00:39:27 DEBUG              [MsgPush.UnknownElement] wire element ignored unknownTag=12 wireType=0 count=1 bytes=1 reason=no schema decoder path=elem.generalFlags
00:39:27 DEBUG              [MsgPush.UnknownElement] wire element ignored unknownTag=13 wireType=0 count=1 bytes=1 reason=no schema decoder path=elem.generalFlags
00:39:27 DEBUG              [MsgPush.UnknownElement] wire element ignored unknownTag=19 wireType=2 count=1 bytes=93 reason=no schema decoder path=elem.generalFlags
00:39:27 OK    [3868978960] [Event] [自身] 群 [NSUK模组-高级用户群(455415527)] | [机器人测试账号(3868978960)]: ID:1559901304 mod问题请详细描述,描述格式:
艾特一位常驻工程师(常驻:咖啡 梦蓝 小亮)
所使用的游戏版本:
...
00:40:05 DEBUG              [MsgPush.UnknownElement] wire element ignored unknownTag=1 wireType=2 count=1 bytes=34 reason=no schema decoder path=body.richText
00:40:05 DEBUG              [MsgPush.UnknownElement] wire element ignored unknownTag=10 wireType=0 count=1 bytes=1 reason=no schema decoder path=elem.generalFlags
00:40:05 DEBUG              [MsgPush.UnknownElement] wire element ignored unknownTag=12 wireType=0 count=1 bytes=1 reason=no schema decoder path=elem.generalFlags
00:40:05 DEBUG              [MsgPush.UnknownElement] wire element ignored unknownTag=13 wireType=0 count=1 bytes=1 reason=no schema decoder path=elem.generalFlags
00:40:05 DEBUG              [MsgPush.UnknownElement] wire element ignored unknownTag=17 wireType=0 count=1 bytes=1 reason=no schema decoder path=elem.generalFlags
00:40:05 DEBUG              [MsgPush.UnknownElement] wire element ignored unknownTag=19 wireType=2 count=1 bytes=104 reason=no schema decoder path=elem.generalFlags
00:40:05 DEBUG              [MsgPush.UnknownElement] wire element ignored unknownTag=9 wireType=2 count=1 bytes=8 reason=no schema decoder path=elem
00:40:05 OK    [3868978960] [Event] 群 [NSUK模组-高级用户群(455415527)] | [我是梦蓝咯(3630797734)]: ID:-1273175973 /筑艺坊问题
00:40:05 DEBUG [3868978960] [Bridge.Action] send_group_msg params=group_id=455415527 message=[len=1]
00:40:06 INFO               [OneBot] 群聊 455415527 | 发送：筑艺坊问题请详细描述,描述格式:
艾特苏晴晴在此
所使用的游戏版本:
所使用的mod版本:
问题描述...
00:40:06 DEBUG              [MsgPush.UnknownElement] wire element ignored unknownTag=1 wireType=2 count=1 bytes=34 reason=no schema decoder path=body.richText
00:40:06 DEBUG              [MsgPush.UnknownElement] wire element ignored unknownTag=9 wireType=2 count=1 bytes=5 reason=no schema decoder path=elem
00:40:06 DEBUG              [MsgPush.UnknownElement] wire element ignored unknownTag=10 wireType=0 count=1 bytes=1 reason=no schema decoder path=elem.generalFlags
00:40:06 DEBUG              [MsgPush.UnknownElement] wire element ignored unknownTag=12 wireType=0 count=1 bytes=1 reason=no schema decoder path=elem.generalFlags
00:40:06 DEBUG              [MsgPush.UnknownElement] wire element ignored unknownTag=13 wireType=0 count=1 bytes=1 reason=no schema decoder path=elem.generalFlags
00:40:06 DEBUG              [MsgPush.UnknownElement] wire element ignored unknownTag=19 wireType=2 count=1 bytes=93 reason=no schema decoder path=elem.generalFlags
00:40:06 OK    [3868978960] [Event] [自身] 群 [NSUK模组-高级用户群(455415527)] | [机器人测试账号(3868978960)]: ID:62215732 筑艺坊问题请详细描述,描述格式:
艾特苏晴晴在此
所使用的游戏版本:
所使用的mod版本:
问题描述...
00:40:21 DEBUG              [MsgPush.UnknownElement] wire element ignored unknownTag=1 wireType=2 count=1 bytes=34 reason=no schema decoder path=body.richText
00:40:21 DEBUG              [MsgPush.UnknownElement] wire element ignored unknownTag=10 wireType=0 count=1 bytes=1 reason=no schema decoder path=elem.generalFlags
00:40:21 DEBUG              [MsgPush.UnknownElement] wire element ignored unknownTag=12 wireType=0 count=1 bytes=1 reason=no schema decoder path=elem.generalFlags
00:40:21 DEBUG              [MsgPush.UnknownElement] wire element ignored unknownTag=13 wireType=0 count=1 bytes=1 reason=no schema decoder path=elem.generalFlags
00:40:21 DEBUG              [MsgPush.UnknownElement] wire element ignored unknownTag=17 wireType=0 count=1 bytes=1 reason=no schema decoder path=elem.generalFlags
00:40:21 DEBUG              [MsgPush.UnknownElement] wire element ignored unknownTag=19 wireType=2 count=1 bytes=108 reason=no schema decoder path=elem.generalFlags
00:40:21 DEBUG              [MsgPush.UnknownElement] wire element ignored unknownTag=9 wireType=2 count=1 bytes=8 reason=no schema decoder path=elem
00:40:21 OK    [3868978960] [Event] 群 [NSUK模组-高级用户群(455415527)] | [我是梦蓝咯(3630797734)]: ID:-1425247076 /网站问题
00:40:21 DEBUG [3868978960] [Bridge.Action] send_group_msg params=group_id=455415527 message=[len=1]
00:40:22 INFO               [OneBot] 群聊 455415527 | 发送：网站问题可以在管网反馈按钮提交若你要在QQ群反馈请详细描述,描述格式:
艾特Akuzoi-已晚
问题...
00:40:22 DEBUG              [MsgPush.UnknownElement] wire element ignored unknownTag=1 wireType=2 count=1 bytes=34 reason=no schema decoder path=body.richText
00:40:22 DEBUG              [MsgPush.UnknownElement] wire element ignored unknownTag=9 wireType=2 count=1 bytes=5 reason=no schema decoder path=elem
00:40:22 DEBUG              [MsgPush.UnknownElement] wire element ignored unknownTag=10 wireType=0 count=1 bytes=1 reason=no schema decoder path=elem.generalFlags
00:40:22 DEBUG              [MsgPush.UnknownElement] wire element ignored unknownTag=12 wireType=0 count=1 bytes=1 reason=no schema decoder path=elem.generalFlags
00:40:22 DEBUG              [MsgPush.UnknownElement] wire element ignored unknownTag=13 wireType=0 count=1 bytes=1 reason=no schema decoder path=elem.generalFlags
00:40:22 DEBUG              [MsgPush.UnknownElement] wire element ignored unknownTag=19 wireType=2 count=1 bytes=93 reason=no schema decoder path=elem.generalFlags
00:40:22 OK    [3868978960] [Event] [自身] 群 [NSUK模组-高级用户群(455415527)] | [机器人测试账号(3868978960)]: ID:-2062266276 网站问题可以在管网反馈按钮提交若你要在QQ群反馈请详细描述,描述格式:
艾特Akuzoi-已晚
问题...
00:42:34 DEBUG              [MsgPush.UnknownElement] wire element ignored unknownTag=1 wireType=2 count=1 bytes=34 reason=no schema decoder path=body.richText
00:42:34 DEBUG              [MsgPush.UnknownElement] wire element ignored unknownTag=10 wireType=0 count=1 bytes=1 reason=no schema decoder path=elem.generalFlags
00:42:34 DEBUG              [MsgPush.UnknownElement] wire element ignored unknownTag=12 wireType=0 count=1 bytes=1 reason=no schema decoder path=elem.generalFlags
00:42:34 DEBUG              [MsgPush.UnknownElement] wire element ignored unknownTag=13 wireType=0 count=1 bytes=1 reason=no schema decoder path=elem.generalFlags
00:42:34 DEBUG              [MsgPush.UnknownElement] wire element ignored unknownTag=17 wireType=0 count=1 bytes=1 reason=no schema decoder path=elem.generalFlags
00:42:34 DEBUG              [MsgPush.UnknownElement] wire element ignored unknownTag=19 wireType=2 count=1 bytes=107 reason=no schema decoder path=elem.generalFlags
00:42:34 DEBUG              [MsgPush.UnknownElement] wire element ignored unknownTag=9 wireType=2 count=1 bytes=8 reason=no schema decoder path=elem
00:42:34 OK    [3868978960] [Event] 群 [NSUK模组-高级用户群(455415527)] | [我是梦蓝咯(3630797734)]: ID:-186477087 /帮助
00:42:44 DEBUG              [MsgPush.UnknownElement] wire element ignored unknownTag=1 wireType=2 count=1 bytes=34 reason=no schema decoder path=body.richText
00:42:44 DEBUG              [MsgPush.UnknownElement] wire element ignored unknownTag=10 wireType=0 count=1 bytes=1 reason=no schema decoder path=elem.generalFlags
00:42:44 DEBUG              [MsgPush.UnknownElement] wire element ignored unknownTag=12 wireType=0 count=1 bytes=1 reason=no schema decoder path=elem.generalFlags
00:42:44 DEBUG              [MsgPush.UnknownElement] wire element ignored unknownTag=13 wireType=0 count=1 bytes=1 reason=no schema decoder path=elem.generalFlags
00:42:44 DEBUG              [MsgPush.UnknownElement] wire element ignored unknownTag=17 wireType=0 count=1 bytes=1 reason=no schema decoder path=elem.generalFlags
00:42:44 DEBUG              [MsgPush.UnknownElement] wire element ignored unknownTag=19 wireType=2 count=1 bytes=107 reason=no schema decoder path=elem.generalFlags
00:42:44 DEBUG              [MsgPush.UnknownElement] wire element ignored unknownTag=9 wireType=2 count=1 bytes=8 reason=no schema decoder path=elem
00:42:44 OK    [3868978960] [Event] 群 [NSUK模组-高级用户群(455415527)] | [我是梦蓝咯(3630797734)]: ID:229783520 /帮助
00:42:44 DEBUG [3868978960] [Bridge.Action] send_group_msg params=group_id=455415527 message=[len=1]
00:42:44 INFO               [OneBot] 群聊 455415527 | 发送：命令菜单
/mod问题 反映遇到的mod问题
/筑艺坊问题 反映筑艺坊问题
/网站问题 反映网站问题...
00:42:44 DEBUG              [MsgPush.UnknownElement] wire element ignored unknownTag=1 wireType=2 count=1 bytes=34 reason=no schema decoder path=body.richText
00:42:44 DEBUG              [MsgPush.UnknownElement] wire element ignored unknownTag=9 wireType=2 count=1 bytes=5 reason=no schema decoder path=elem
00:42:44 DEBUG              [MsgPush.UnknownElement] wire element ignored unknownTag=10 wireType=0 count=1 bytes=1 reason=no schema decoder path=elem.generalFlags
00:42:44 DEBUG              [MsgPush.UnknownElement] wire element ignored unknownTag=12 wireType=0 count=1 bytes=1 reason=no schema decoder path=elem.generalFlags
00:42:44 DEBUG              [MsgPush.UnknownElement] wire element ignored unknownTag=13 wireType=0 count=1 bytes=1 reason=no schema decoder path=elem.generalFlags
00:42:44 DEBUG              [MsgPush.UnknownElement] wire element ignored unknownTag=19 wireType=2 count=1 bytes=91 reason=no schema decoder path=elem.generalFlags
00:42:44 OK    [3868978960] [Event] [自身] 群 [NSUK模组-高级用户群(455415527)] | [机器人测试账号(3868978960)]: ID:1820400388 命令菜单
/mod问题 反映遇到的mod问题
/筑艺坊问题 反映筑艺坊问题
/网站问题 反映网站问题...
00:43:09 DEBUG              [MsgPush.UnknownElement] wire element ignored unknownTag=1 wireType=2 count=1 bytes=33 reason=no schema decoder path=body.richText
00:43:09 DEBUG              [MsgPush.UnknownElement] wire element ignored unknownTag=10 wireType=0 count=1 bytes=1 reason=no schema decoder path=elem.generalFlags
00:43:09 DEBUG              [MsgPush.UnknownElement] wire element ignored unknownTag=12 wireType=0 count=1 bytes=1 reason=no schema decoder path=elem.generalFlags
00:43:09 DEBUG              [MsgPush.UnknownElement] wire element ignored unknownTag=13 wireType=0 count=1 bytes=1 reason=no schema decoder path=elem.generalFlags
00:43:09 DEBUG              [MsgPush.UnknownElement] wire element ignored unknownTag=17 wireType=0 count=1 bytes=1 reason=no schema decoder path=elem.generalFlags
00:43:09 DEBUG              [MsgPush.UnknownElement] wire element ignored unknownTag=19 wireType=2 count=1 bytes=108 reason=no schema decoder path=elem.generalFlags
00:43:09 DEBUG              [MsgPush.UnknownElement] wire element ignored unknownTag=9 wireType=2 count=1 bytes=8 reason=no schema decoder path=elem
00:43:09 OK    [3868978960] [Event] 群 [NSUK模组-高级用户群(455415527)] | [我是梦蓝咯(3630797734)]: ID:-1344541280 /help
00:43:09 DEBUG [3868978960] [Bridge.Action] send_group_msg params=group_id=455415527 message=[len=1]
00:43:10 INFO               [OneBot] 群聊 455415527 | 发送：命令菜单
/mod问题 反映遇到的mod问题
/筑艺坊问题 反映筑艺坊问题
/网站问题 反映网站问题...
00:43:10 DEBUG              [MsgPush.UnknownElement] wire element ignored unknownTag=1 wireType=2 count=1 bytes=33 reason=no schema decoder path=body.richText
00:43:10 DEBUG              [MsgPush.UnknownElement] wire element ignored unknownTag=9 wireType=2 count=1 bytes=5 reason=no schema decoder path=elem
00:43:10 DEBUG              [MsgPush.UnknownElement] wire element ignored unknownTag=10 wireType=0 count=1 bytes=1 reason=no schema decoder path=elem.generalFlags
00:43:10 DEBUG              [MsgPush.UnknownElement] wire element ignored unknownTag=12 wireType=0 count=1 bytes=1 reason=no schema decoder path=elem.generalFlags
00:43:10 DEBUG              [MsgPush.UnknownElement] wire element ignored unknownTag=13 wireType=0 count=1 bytes=1 reason=no schema decoder path=elem.generalFlags
00:43:10 DEBUG              [MsgPush.UnknownElement] wire element ignored unknownTag=19 wireType=2 count=1 bytes=94 reason=no schema decoder path=elem.generalFlags
00:43:10 OK    [3868978960] [Event] [自身] 群 [NSUK模组-高级用户群(455415527)] | [机器人测试账号(3868978960)]: ID:1237867949 命令菜单
/mod问题 反映遇到的mod问题
/筑艺坊问题 反映筑艺坊问题
/网站问题 反映网站问题...
00:44:39 DEBUG              [MsgPush.UnknownElement] wire element ignored unknownTag=1 wireType=2 count=1 bytes=34 reason=no schema decoder path=body.richText
00:44:39 DEBUG              [MsgPush.UnknownElement] wire element ignored unknownTag=10 wireType=0 count=1 bytes=1 reason=no schema decoder path=elem.generalFlags
00:44:39 DEBUG              [MsgPush.UnknownElement] wire element ignored unknownTag=12 wireType=0 count=1 bytes=1 reason=no schema decoder path=elem.generalFlags
00:44:39 DEBUG              [MsgPush.UnknownElement] wire element ignored unknownTag=13 wireType=0 count=1 bytes=1 reason=no schema decoder path=elem.generalFlags
00:44:39 DEBUG              [MsgPush.UnknownElement] wire element ignored unknownTag=16 wireType=0 count=1 bytes=1 reason=no schema decoder path=elem.generalFlags
00:44:39 DEBUG              [MsgPush.UnknownElement] wire element ignored unknownTag=17 wireType=0 count=1 bytes=1 reason=no schema decoder path=elem.generalFlags
00:44:39 DEBUG              [MsgPush.UnknownElement] wire element ignored unknownTag=19 wireType=2 count=1 bytes=116 reason=no schema decoder path=elem.generalFlags
00:44:39 DEBUG              [MsgPush.UnknownElement] wire element ignored unknownTag=9 wireType=2 count=1 bytes=5 reason=no schema decoder path=elem
00:44:39 OK    [3868978960] [Event] 群 [NSUK模组-高级用户群(455415527)] | [丿angles灬神(2407939408)]: ID:328354590 /mod问题
00:44:39 DEBUG [3868978960] [Bridge.Action] send_group_msg params=group_id=455415527 message=[len=2]
00:44:39 INFO               [OneBot] 群聊 455415527 | 发送：mod问题请详细描述,描述格式:
艾特一位常驻工程师(常驻:咖啡 梦蓝 小亮)
所使用的游戏版本:...
00:44:39 DEBUG              [MsgPush.UnknownElement] wire element ignored unknownTag=1 wireType=2 count=1 bytes=34 reason=no schema decoder path=body.richText
00:44:39 DEBUG              [MsgPush.UnknownElement] wire element ignored unknownTag=9 wireType=2 count=1 bytes=5 reason=no schema decoder path=elem
00:44:39 DEBUG              [MsgPush.UnknownElement] wire element ignored unknownTag=10 wireType=0 count=1 bytes=1 reason=no schema decoder path=elem.generalFlags
00:44:39 DEBUG              [MsgPush.UnknownElement] wire element ignored unknownTag=12 wireType=0 count=1 bytes=1 reason=no schema decoder path=elem.generalFlags
00:44:39 DEBUG              [MsgPush.UnknownElement] wire element ignored unknownTag=13 wireType=0 count=1 bytes=1 reason=no schema decoder path=elem.generalFlags
00:44:39 DEBUG              [MsgPush.UnknownElement] wire element ignored unknownTag=19 wireType=2 count=1 bytes=93 reason=no schema decoder path=elem.generalFlags
00:44:39 OK    [3868978960] [Event] [自身] 群 [NSUK模组-高级用户群(455415527)] | [机器人测试账号(3868978960)]: ID:-654132216 @2407939408 mod问题请详细描述,描述格式:
艾特一位常驻工程师(常驻:咖啡 梦蓝 小亮)
所使用的游戏版本:...
00:45:07 DEBUG              [MsgPush.UnknownElement] wire element ignored unknownTag=1 wireType=2 count=1 bytes=34 reason=no schema decoder path=body.richText
00:45:07 DEBUG              [MsgPush.UnknownElement] wire element ignored unknownTag=10 wireType=0 count=1 bytes=1 reason=no schema decoder path=elem.generalFlags
00:45:07 DEBUG              [MsgPush.UnknownElement] wire element ignored unknownTag=12 wireType=0 count=1 bytes=1 reason=no schema decoder path=elem.generalFlags
00:45:07 DEBUG              [MsgPush.UnknownElement] wire element ignored unknownTag=13 wireType=0 count=1 bytes=1 reason=no schema decoder path=elem.generalFlags
00:45:07 DEBUG              [MsgPush.UnknownElement] wire element ignored unknownTag=17 wireType=0 count=1 bytes=1 reason=no schema decoder path=elem.generalFlags
00:45:07 DEBUG              [MsgPush.UnknownElement] wire element ignored unknownTag=19 wireType=2 count=1 bytes=107 reason=no schema decoder path=elem.generalFlags
00:45:07 DEBUG              [MsgPush.UnknownElement] wire element ignored unknownTag=9 wireType=2 count=1 bytes=8 reason=no schema decoder path=elem
00:45:07 OK    [3868978960] [Event] 群 [NSUK模组-高级用户群(455415527)] | [安沐尘(3384089540)]: ID:-897350916 /help
00:45:07 DEBUG [3868978960] [Bridge.Action] send_group_msg params=group_id=455415527 message=[len=2]
00:45:07 DEBUG              [MsgPush.UnknownElement] wire element ignored unknownTag=1 wireType=2 count=1 bytes=34 reason=no schema decoder path=body.richText
00:45:07 DEBUG              [MsgPush.UnknownElement] wire element ignored unknownTag=9 wireType=2 count=1 bytes=5 reason=no schema decoder path=elem
00:45:07 DEBUG              [MsgPush.UnknownElement] wire element ignored unknownTag=10 wireType=0 count=1 bytes=1 reason=no schema decoder path=elem.generalFlags
00:45:07 DEBUG              [MsgPush.UnknownElement] wire element ignored unknownTag=12 wireType=0 count=1 bytes=1 reason=no schema decoder path=elem.generalFlags
00:45:07 DEBUG              [MsgPush.UnknownElement] wire element ignored unknownTag=13 wireType=0 count=1 bytes=1 reason=no schema decoder path=elem.generalFlags
00:45:07 DEBUG              [MsgPush.UnknownElement] wire element ignored unknownTag=19 wireType=2 count=1 bytes=94 reason=no schema decoder path=elem.generalFlags
00:45:07 OK    [3868978960] [Event] [自身] 群 [NSUK模组-高级用户群(455415527)] | [机器人测试账号(3868978960)]: ID:1140267499 @3384089540 这是命令菜单
/mod问题 反映遇到的mod问题
/筑艺坊问题 反映筑艺坊问题
/网站问题 反映网...
00:45:07 INFO               [OneBot] 群聊 455415527 | 发送：这是命令菜单
/mod问题 反映遇到的mod问题
/筑艺坊问题 反映筑艺坊问题
/网站问题 反映网...
00:48:26 DEBUG              [MsgPush.UnknownElement] wire element ignored unknownTag=1 wireType=2 count=1 bytes=34 reason=no schema decoder path=body.richText
00:48:26 DEBUG              [MsgPush.UnknownElement] wire element ignored unknownTag=10 wireType=0 count=1 bytes=1 reason=no schema decoder path=elem.generalFlags
00:48:26 DEBUG              [MsgPush.UnknownElement] wire element ignored unknownTag=12 wireType=0 count=1 bytes=1 reason=no schema decoder path=elem.generalFlags
00:48:26 DEBUG              [MsgPush.UnknownElement] wire element ignored unknownTag=13 wireType=0 count=1 bytes=1 reason=no schema decoder path=elem.generalFlags
00:48:26 DEBUG              [MsgPush.UnknownElement] wire element ignored unknownTag=17 wireType=0 count=1 bytes=1 reason=no schema decoder path=elem.generalFlags
00:48:26 DEBUG              [MsgPush.UnknownElement] wire element ignored unknownTag=19 wireType=2 count=1 bytes=108 reason=no schema decoder path=elem.generalFlags
00:48:26 DEBUG              [MsgPush.UnknownElement] wire element ignored unknownTag=9 wireType=2 count=1 bytes=8 reason=no schema decoder path=elem
00:48:26 OK    [3868978960] [Event] 群 [NSUK模组-高级用户群(455415527)] | [我是梦蓝咯(3630797734)]: ID:868942865 /opengl
00:48:36 DEBUG              [MsgPush.UnknownElement] wire element ignored unknownTag=1 wireType=2 count=1 bytes=34 reason=no schema decoder path=body.richText
00:48:36 DEBUG              [MsgPush.UnknownElement] wire element ignored unknownTag=10 wireType=0 count=1 bytes=1 reason=no schema decoder path=elem.generalFlags
00:48:36 DEBUG              [MsgPush.UnknownElement] wire element ignored unknownTag=12 wireType=0 count=1 bytes=1 reason=no schema decoder path=elem.generalFlags
00:48:36 DEBUG              [MsgPush.UnknownElement] wire element ignored unknownTag=13 wireType=0 count=1 bytes=1 reason=no schema decoder path=elem.generalFlags
00:48:36 DEBUG              [MsgPush.UnknownElement] wire element ignored unknownTag=17 wireType=0 count=1 bytes=1 reason=no schema decoder path=elem.generalFlags
00:48:36 DEBUG              [MsgPush.UnknownElement] wire element ignored unknownTag=19 wireType=2 count=1 bytes=108 reason=no schema decoder path=elem.generalFlags
00:48:36 DEBUG              [MsgPush.UnknownElement] wire element ignored unknownTag=9 wireType=2 count=1 bytes=8 reason=no schema decoder path=elem
00:48:36 OK    [3868978960] [Event] 群 [NSUK模组-高级用户群(455415527)] | [我是梦蓝咯(3630797734)]: ID:-1800266032 /openGL
00:48:36 DEBUG [3868978960] [Bridge.Action] send_group_msg params=group_id=455415527 message=[len=2]
00:48:36 DEBUG [3868978960] [Highway.Image] uploading 17937 bytes md5=5093f6cd... → group 455415527
00:48:36 DEBUG [3868978960] [Highway] image fast-upload hit for sub=top (server reusing cached resource)
00:48:36 DEBUG [3868978960] [Highway] image fast-upload hit (server already had bytes)
00:48:37 DEBUG              [MsgPush.UnknownElement] wire element ignored unknownTag=1 wireType=2 count=1 bytes=34 reason=no schema decoder path=body.richText
00:48:37 DEBUG              [MsgPush.UnknownElement] wire element ignored unknownTag=9 wireType=2 count=1 bytes=3 reason=no schema decoder path=elem
00:48:37 DEBUG              [MsgPush.UnknownElement] wire element ignored unknownTag=10 wireType=0 count=1 bytes=1 reason=no schema decoder path=elem.generalFlags
00:48:37 DEBUG              [MsgPush.UnknownElement] wire element ignored unknownTag=12 wireType=0 count=1 bytes=1 reason=no schema decoder path=elem.generalFlags
00:48:37 DEBUG              [MsgPush.UnknownElement] wire element ignored unknownTag=13 wireType=0 count=1 bytes=1 reason=no schema decoder path=elem.generalFlags
00:48:37 DEBUG              [MsgPush.UnknownElement] wire element ignored unknownTag=19 wireType=2 count=1 bytes=93 reason=no schema decoder path=elem.generalFlags
00:48:37 OK    [3868978960] [Event] [自身] 群 [NSUK模组-高级用户群(455415527)] | [机器人测试账号(3868978960)]: ID:-473797768 openGL!!： [图片]
00:48:37 INFO               [OneBot] 群聊 455415527 | 发送：openGL!!： [图片]
00:52:31 DEBUG              [MsgPush.UnknownElement] wire element ignored unknownTag=1 wireType=2 count=1 bytes=34 reason=no schema decoder path=body.richText
00:52:31 DEBUG              [MsgPush.UnknownElement] wire element ignored unknownTag=10 wireType=0 count=1 bytes=1 reason=no schema decoder path=elem.generalFlags
00:52:31 DEBUG              [MsgPush.UnknownElement] wire element ignored unknownTag=12 wireType=0 count=1 bytes=1 reason=no schema decoder path=elem.generalFlags
00:52:31 DEBUG              [MsgPush.UnknownElement] wire element ignored unknownTag=13 wireType=0 count=1 bytes=1 reason=no schema decoder path=elem.generalFlags
00:52:31 DEBUG              [MsgPush.UnknownElement] wire element ignored unknownTag=17 wireType=0 count=1 bytes=1 reason=no schema decoder path=elem.generalFlags
00:52:31 DEBUG              [MsgPush.UnknownElement] wire element ignored unknownTag=19 wireType=2 count=1 bytes=108 reason=no schema decoder path=elem.generalFlags
00:52:31 DEBUG              [MsgPush.UnknownElement] wire element ignored unknownTag=9 wireType=2 count=1 bytes=8 reason=no schema decoder path=elem
00:52:31 DEBUG              [MsgPush.UnknownElement] wire element ignored unknownTag=11 wireType=0 count=1 bytes=1 reason=no schema decoder path=text.pbReserve
00:52:31 OK    [3868978960] [Event] 群 [NSUK模组-高级用户群(455415527)] | [我是梦蓝咯(3630797734)]: ID:-1966436192 @3868978960 [空消息]
00:52:31 DEBUG [3868978960] [Bridge.Action] get_group_member_info params=group_id=455415527 user_id=3868978960
00:52:40 WARN  [3868978960] [OneBot.WS-Server] [ws-default] socket error: read ECONNRESET
00:52:48 DEBUG [3868978960] [Bridge.Action] get_login_info params=
00:52:48 DEBUG [3868978960] [Bridge.Action] fetch_custom_face_detail params=count=100
00:53:03 DEBUG              [MsgPush.UnknownElement] wire element ignored unknownTag=1 wireType=2 count=1 bytes=34 reason=no schema decoder path=body.richText
00:53:03 DEBUG              [MsgPush.UnknownElement] wire element ignored unknownTag=10 wireType=0 count=1 bytes=1 reason=no schema decoder path=elem.generalFlags
00:53:03 DEBUG              [MsgPush.UnknownElement] wire element ignored unknownTag=12 wireType=0 count=1 bytes=1 reason=no schema decoder path=elem.generalFlags
00:53:03 DEBUG              [MsgPush.UnknownElement] wire element ignored unknownTag=13 wireType=0 count=1 bytes=1 reason=no schema decoder path=elem.generalFlags
00:53:03 DEBUG              [MsgPush.UnknownElement] wire element ignored unknownTag=17 wireType=0 count=1 bytes=1 reason=no schema decoder path=elem.generalFlags
00:53:03 DEBUG              [MsgPush.UnknownElement] wire element ignored unknownTag=19 wireType=2 count=1 bytes=107 reason=no schema decoder path=elem.generalFlags
00:53:03 DEBUG              [MsgPush.UnknownElement] wire element ignored unknownTag=9 wireType=2 count=1 bytes=8 reason=no schema decoder path=elem
00:53:03 DEBUG              [MsgPush.UnknownElement] wire element ignored unknownTag=11 wireType=0 count=1 bytes=1 reason=no schema decoder path=text.pbReserve
00:53:03 OK    [3868978960] [Event] 群 [NSUK模组-高级用户群(455415527)] | [我是梦蓝咯(3630797734)]: ID:1101210145 @3868978960 [空消息]
00:53:03 DEBUG [3868978960] [Bridge.Action] get_group_member_info params=group_id=455415527 user_id=3868978960
00:54:21 DEBUG              [MsgPush.UnknownElement] wire element ignored unknownTag=1 wireType=2 count=1 bytes=34 reason=no schema decoder path=body.richText
00:54:21 DEBUG              [MsgPush.UnknownElement] wire element ignored unknownTag=10 wireType=0 count=1 bytes=1 reason=no schema decoder path=elem.generalFlags
00:54:21 DEBUG              [MsgPush.UnknownElement] wire element ignored unknownTag=12 wireType=0 count=1 bytes=1 reason=no schema decoder path=elem.generalFlags
00:54:21 DEBUG              [MsgPush.UnknownElement] wire element ignored unknownTag=13 wireType=0 count=1 bytes=1 reason=no schema decoder path=elem.generalFlags
00:54:21 DEBUG              [MsgPush.UnknownElement] wire element ignored unknownTag=17 wireType=0 count=1 bytes=1 reason=no schema decoder path=elem.generalFlags
00:54:21 DEBUG              [MsgPush.UnknownElement] wire element ignored unknownTag=19 wireType=2 count=1 bytes=105 reason=no schema decoder path=elem.generalFlags
00:54:21 DEBUG              [MsgPush.UnknownElement] wire element ignored unknownTag=9 wireType=2 count=1 bytes=8 reason=no schema decoder path=elem
00:54:21 DEBUG              [MsgPush.UnknownElement] wire element ignored unknownTag=11 wireType=0 count=1 bytes=1 reason=no schema decoder path=text.pbReserve
00:54:21 OK    [3868978960] [Event] 群 [NSUK模组-高级用户群(455415527)] | [我是梦蓝咯(3630797734)]: ID:588625121 @3868978960 [空消息]
00:54:30 WARN  [3868978960] [OneBot.WS-Server] [ws-default] socket error: read ECONNRESET
00:54:41 DEBUG [3868978960] [Bridge.Action] get_login_info params=
00:54:41 DEBUG [3868978960] [Bridge.Action] fetch_custom_face_detail params=count=100
00:54:55 DEBUG              [MsgPush.UnknownElement] wire element ignored unknownTag=1 wireType=2 count=1 bytes=34 reason=no schema decoder path=body.richText
00:54:55 DEBUG              [MsgPush.UnknownElement] wire element ignored unknownTag=10 wireType=0 count=1 bytes=1 reason=no schema decoder path=elem.generalFlags
00:54:55 DEBUG              [MsgPush.UnknownElement] wire element ignored unknownTag=12 wireType=0 count=1 bytes=1 reason=no schema decoder path=elem.generalFlags
00:54:55 DEBUG              [MsgPush.UnknownElement] wire element ignored unknownTag=13 wireType=0 count=1 bytes=1 reason=no schema decoder path=elem.generalFlags
00:54:55 DEBUG              [MsgPush.UnknownElement] wire element ignored unknownTag=17 wireType=0 count=1 bytes=1 reason=no schema decoder path=elem.generalFlags
00:54:55 DEBUG              [MsgPush.UnknownElement] wire element ignored unknownTag=19 wireType=2 count=1 bytes=107 reason=no schema decoder path=elem.generalFlags
00:54:55 DEBUG              [MsgPush.UnknownElement] wire element ignored unknownTag=9 wireType=2 count=1 bytes=8 reason=no schema decoder path=elem
00:54:55 DEBUG              [MsgPush.UnknownElement] wire element ignored unknownTag=11 wireType=0 count=1 bytes=1 reason=no schema decoder path=text.pbReserve
00:54:55 OK    [3868978960] [Event] 群 [NSUK模组-高级用户群(455415527)] | [我是梦蓝咯(3630797734)]: ID:-992168328 @3868978960 [空消息]
00:54:55 DEBUG [3868978960] [Bridge.Action] get_group_member_info params=group_id=455415527 user_id=3868978960
00:54:55 DEBUG [3868978960] [Bridge.Action] send_group_msg params=group_id=455415527 message=[len=1]
00:54:55 DEBUG [3868978960] [Highway.Image] uploading 721953 bytes md5=52c1089e... → group 455415527
00:54:55 DEBUG [3868978960] [Highway] image fast-upload hit for sub=top (server reusing cached resource)
00:54:55 DEBUG [3868978960] [Highway] image fast-upload hit (server already had bytes)
00:54:56 INFO               [OneBot] 群聊 455415527 | 发送：[图片]
00:54:56 DEBUG              [MsgPush.UnknownElement] wire element ignored unknownTag=1 wireType=2 count=1 bytes=34 reason=no schema decoder path=body.richText
00:54:56 DEBUG              [MsgPush.UnknownElement] wire element ignored unknownTag=9 wireType=2 count=1 bytes=3 reason=no schema decoder path=elem
00:54:56 DEBUG              [MsgPush.UnknownElement] wire element ignored unknownTag=10 wireType=0 count=1 bytes=1 reason=no schema decoder path=elem.generalFlags
00:54:56 DEBUG              [MsgPush.UnknownElement] wire element ignored unknownTag=12 wireType=0 count=1 bytes=1 reason=no schema decoder path=elem.generalFlags
00:54:56 DEBUG              [MsgPush.UnknownElement] wire element ignored unknownTag=13 wireType=0 count=1 bytes=1 reason=no schema decoder path=elem.generalFlags
00:54:56 DEBUG              [MsgPush.UnknownElement] wire element ignored unknownTag=19 wireType=2 count=1 bytes=93 reason=no schema decoder path=elem.generalFlags
00:54:56 OK    [3868978960] [Event] [自身] 群 [NSUK模组-高级用户群(455415527)] | [机器人测试账号(3868978960)]: ID:-654034293 [图片]
00:55:02 DEBUG              [MsgPush.UnknownElement] wire element ignored unknownTag=1 wireType=2 count=1 bytes=34 reason=no schema decoder path=body.richText
00:55:02 DEBUG              [MsgPush.UnknownElement] wire element ignored unknownTag=10 wireType=0 count=1 bytes=1 reason=no schema decoder path=elem.generalFlags
00:55:02 DEBUG              [MsgPush.UnknownElement] wire element ignored unknownTag=12 wireType=0 count=1 bytes=1 reason=no schema decoder path=elem.generalFlags
00:55:02 DEBUG              [MsgPush.UnknownElement] wire element ignored unknownTag=13 wireType=0 count=1 bytes=1 reason=no schema decoder path=elem.generalFlags
00:55:02 DEBUG              [MsgPush.UnknownElement] wire element ignored unknownTag=17 wireType=0 count=1 bytes=1 reason=no schema decoder path=elem.generalFlags
00:55:02 DEBUG              [MsgPush.UnknownElement] wire element ignored unknownTag=19 wireType=2 count=1 bytes=104 reason=no schema decoder path=elem.generalFlags
00:55:02 DEBUG              [MsgPush.UnknownElement] wire element ignored unknownTag=9 wireType=2 count=1 bytes=8 reason=no schema decoder path=elem
00:55:02 OK    [3868978960] [Event] 群 [NSUK模组-高级用户群(455415527)] | [我是梦蓝咯(3630797734)]: ID:97733102 调好了
00:55:10 WARN  [3868978960] [Event] 群撤回 [NSUK模组-高级用户群(455415527)] | [机器人测试账号(3868978960)] 被 [我是梦蓝咯(3630797734)] 撤回
00:55:31 WARN  [3868978960] [Event] 群撤回 [NSUK模组-高级用户群(455415527)] | [我是梦蓝咯(3630797734)] 被 [我是梦蓝咯(3630797734)] 撤回
00:55:33 WARN  [3868978960] [Event] 群撤回 [NSUK模组-高级用户群(455415527)] | [我是梦蓝咯(3630797734)] 被 [我是梦蓝咯(3630797734)] 撤回
00:55:34 WARN  [3868978960] [Event] 群撤回 [NSUK模组-高级用户群(455415527)] | [我是梦蓝咯(3630797734)] 被 [我是梦蓝咯(3630797734)] 撤回
00:55:58 DEBUG              [MsgPush.UnknownElement] wire element ignored unknownTag=1 wireType=2 count=1 bytes=33 reason=no schema decoder path=body.richText
00:55:58 DEBUG              [MsgPush.UnknownElement] wire element ignored unknownTag=10 wireType=0 count=1 bytes=1 reason=no schema decoder path=elem.generalFlags
00:55:58 DEBUG              [MsgPush.UnknownElement] wire element ignored unknownTag=12 wireType=0 count=1 bytes=1 reason=no schema decoder path=elem.generalFlags
00:55:58 DEBUG              [MsgPush.UnknownElement] wire element ignored unknownTag=13 wireType=0 count=1 bytes=1 reason=no schema decoder path=elem.generalFlags
00:55:58 DEBUG              [MsgPush.UnknownElement] wire element ignored unknownTag=17 wireType=0 count=1 bytes=1 reason=no schema decoder path=elem.generalFlags
00:55:58 DEBUG              [MsgPush.UnknownElement] wire element ignored unknownTag=19 wireType=2 count=1 bytes=106 reason=no schema decoder path=elem.generalFlags
00:55:58 DEBUG              [MsgPush.UnknownElement] wire element ignored unknownTag=9 wireType=2 count=1 bytes=8 reason=no schema decoder path=elem
00:55:58 DEBUG              [MsgPush.UnknownElement] wire element ignored unknownTag=11 wireType=0 count=1 bytes=1 reason=no schema decoder path=text.pbReserve
00:55:58 OK    [3868978960] [Event] 群 [NSUK模组-高级用户群(455415527)] | [安沐尘(3384089540)]: ID:1049078497 @3868978960 [空消息]
00:55:58 DEBUG [3868978960] [Bridge.Action] send_group_msg params=group_id=455415527 message=[len=1]
00:55:58 DEBUG [3868978960] [Highway.Image] uploading 721953 bytes md5=52c1089e... → group 455415527
00:55:59 DEBUG [3868978960] [Highway] image fast-upload hit for sub=top (server reusing cached resource)
00:55:59 DEBUG [3868978960] [Highway] image fast-upload hit (server already had bytes)
00:55:59 INFO               [OneBot] 群聊 455415527 | 发送：[图片]
00:55:59 DEBUG              [MsgPush.UnknownElement] wire element ignored unknownTag=1 wireType=2 count=1 bytes=34 reason=no schema decoder path=body.richText
00:55:59 DEBUG              [MsgPush.UnknownElement] wire element ignored unknownTag=9 wireType=2 count=1 bytes=3 reason=no schema decoder path=elem
00:55:59 DEBUG              [MsgPush.UnknownElement] wire element ignored unknownTag=10 wireType=0 count=1 bytes=1 reason=no schema decoder path=elem.generalFlags
00:55:59 DEBUG              [MsgPush.UnknownElement] wire element ignored unknownTag=12 wireType=0 count=1 bytes=1 reason=no schema decoder path=elem.generalFlags
00:55:59 DEBUG              [MsgPush.UnknownElement] wire element ignored unknownTag=13 wireType=0 count=1 bytes=1 reason=no schema decoder path=elem.generalFlags
00:55:59 DEBUG              [MsgPush.UnknownElement] wire element ignored unknownTag=19 wireType=2 count=1 bytes=94 reason=no schema decoder path=elem.generalFlags
00:55:59 OK    [3868978960] [Event] [自身] 群 [NSUK模组-高级用户群(455415527)] | [机器人测试账号(3868978960)]: ID:-1097440000 [图片]
00:56:15 WARN  [3868978960] [Event] 群撤回 [NSUK模组-高级用户群(455415527)] | [机器人测试账号(3868978960)] 被 [安沐尘(3384089540)] 撤回
00:56:35 DEBUG              [MsgPush.UnknownElement] wire element ignored unknownTag=1 wireType=2 count=1 bytes=34 reason=no schema decoder path=body.richText
00:56:35 DEBUG              [MsgPush.UnknownElement] wire element ignored unknownTag=10 wireType=0 count=1 bytes=1 reason=no schema decoder path=elem.generalFlags
00:56:35 DEBUG              [MsgPush.UnknownElement] wire element ignored unknownTag=12 wireType=0 count=1 bytes=1 reason=no schema decoder path=elem.generalFlags
00:56:35 DEBUG              [MsgPush.UnknownElement] wire element ignored unknownTag=13 wireType=0 count=1 bytes=1 reason=no schema decoder path=elem.generalFlags
00:56:35 DEBUG              [MsgPush.UnknownElement] wire element ignored unknownTag=17 wireType=0 count=1 bytes=1 reason=no schema decoder path=elem.generalFlags
00:56:35 DEBUG              [MsgPush.UnknownElement] wire element ignored unknownTag=19 wireType=2 count=1 bytes=105 reason=no schema decoder path=elem.generalFlags
00:56:35 DEBUG              [MsgPush.UnknownElement] wire element ignored unknownTag=9 wireType=2 count=1 bytes=8 reason=no schema decoder path=elem
00:56:35 DEBUG              [MsgPush.UnknownElement] wire element ignored unknownTag=11 wireType=0 count=1 bytes=1 reason=no schema decoder path=text.pbReserve
00:56:35 OK    [3868978960] [Event] 群 [NSUK模组-高级用户群(455415527)] | [我是梦蓝咯(3630797734)]: ID:-513644533 @3868978960 aaa
00:56:55 DEBUG              [MsgPush.UnknownElement] wire element ignored unknownTag=1 wireType=2 count=1 bytes=34 reason=no schema decoder path=body.richText
00:56:55 DEBUG              [MsgPush.UnknownElement] wire element ignored unknownTag=10 wireType=0 count=1 bytes=1 reason=no schema decoder path=elem.generalFlags
00:56:55 DEBUG              [MsgPush.UnknownElement] wire element ignored unknownTag=12 wireType=0 count=1 bytes=1 reason=no schema decoder path=elem.generalFlags
00:56:55 DEBUG              [MsgPush.UnknownElement] wire element ignored unknownTag=13 wireType=0 count=1 bytes=1 reason=no schema decoder path=elem.generalFlags
00:56:55 DEBUG              [MsgPush.UnknownElement] wire element ignored unknownTag=17 wireType=0 count=1 bytes=1 reason=no schema decoder path=elem.generalFlags
00:56:55 DEBUG              [MsgPush.UnknownElement] wire element ignored unknownTag=19 wireType=2 count=1 bytes=104 reason=no schema decoder path=elem.generalFlags
00:56:55 DEBUG              [MsgPush.UnknownElement] wire element ignored unknownTag=9 wireType=2 count=1 bytes=8 reason=no schema decoder path=elem
00:56:55 DEBUG              [MsgPush.UnknownElement] wire element ignored unknownTag=11 wireType=0 count=1 bytes=1 reason=no schema decoder path=text.pbReserve
00:56:55 OK    [3868978960] [Event] 群 [NSUK模组-高级用户群(455415527)] | [我是梦蓝咯(3630797734)]: ID:305471504 @3868978960 /elp
00:57:05 DEBUG              [MsgPush.UnknownElement] wire element ignored unknownTag=1 wireType=2 count=1 bytes=34 reason=no schema decoder path=body.richText
00:57:05 DEBUG              [MsgPush.UnknownElement] wire element ignored unknownTag=10 wireType=0 count=1 bytes=1 reason=no schema decoder path=elem.generalFlags
00:57:05 DEBUG              [MsgPush.UnknownElement] wire element ignored unknownTag=12 wireType=0 count=1 bytes=1 reason=no schema decoder path=elem.generalFlags
00:57:05 DEBUG              [MsgPush.UnknownElement] wire element ignored unknownTag=13 wireType=0 count=1 bytes=1 reason=no schema decoder path=elem.generalFlags
00:57:05 DEBUG              [MsgPush.UnknownElement] wire element ignored unknownTag=17 wireType=0 count=1 bytes=1 reason=no schema decoder path=elem.generalFlags
00:57:05 DEBUG              [MsgPush.UnknownElement] wire element ignored unknownTag=19 wireType=2 count=1 bytes=105 reason=no schema decoder path=elem.generalFlags
00:57:05 DEBUG              [MsgPush.UnknownElement] wire element ignored unknownTag=9 wireType=2 count=1 bytes=8 reason=no schema decoder path=elem
00:57:05 DEBUG              [MsgPush.UnknownElement] wire element ignored unknownTag=11 wireType=0 count=1 bytes=1 reason=no schema decoder path=text.pbReserve
00:57:05 OK    [3868978960] [Event] 群 [NSUK模组-高级用户群(455415527)] | [我是梦蓝咯(3630797734)]: ID:1701643740 @3868978960 /help
00:58:59 DEBUG              [MsgPush.UnknownElement] wire element ignored unknownTag=1 wireType=2 count=1 bytes=33 reason=no schema decoder path=body.richText
00:58:59 DEBUG              [MsgPush.UnknownElement] wire element ignored unknownTag=10 wireType=0 count=1 bytes=1 reason=no schema decoder path=elem.generalFlags
00:58:59 DEBUG              [MsgPush.UnknownElement] wire element ignored unknownTag=12 wireType=0 count=1 bytes=1 reason=no schema decoder path=elem.generalFlags
00:58:59 DEBUG              [MsgPush.UnknownElement] wire element ignored unknownTag=13 wireType=0 count=1 bytes=1 reason=no schema decoder path=elem.generalFlags
00:58:59 DEBUG              [MsgPush.UnknownElement] wire element ignored unknownTag=17 wireType=0 count=1 bytes=1 reason=no schema decoder path=elem.generalFlags
00:58:59 DEBUG              [MsgPush.UnknownElement] wire element ignored unknownTag=19 wireType=2 count=1 bytes=108 reason=no schema decoder path=elem.generalFlags
00:58:59 DEBUG              [MsgPush.UnknownElement] wire element ignored unknownTag=9 wireType=2 count=1 bytes=8 reason=no schema decoder path=elem
00:58:59 DEBUG              [MsgPush.UnknownElement] wire element ignored unknownTag=11 wireType=0 count=1 bytes=1 reason=no schema decoder path=text.pbReserve
00:58:59 OK    [3868978960] [Event] 群 [NSUK模组-高级用户群(455415527)] | [我是梦蓝咯(3630797734)]: ID:179486042 @3868978960 [空消息]
00:58:59 DEBUG [3868978960] [Bridge.Action] send_group_msg params=group_id=455415527 message=[len=1]
00:58:59 DEBUG [3868978960] [Highway.Image] uploading 721953 bytes md5=52c1089e... → group 455415527
00:59:00 DEBUG [3868978960] [Highway] image fast-upload hit for sub=top (server reusing cached resource)
00:59:00 DEBUG [3868978960] [Highway] image fast-upload hit (server already had bytes)
00:59:00 INFO               [OneBot] 群聊 455415527 | 发送：[图片]
00:59:00 DEBUG              [MsgPush.UnknownElement] wire element ignored unknownTag=1 wireType=2 count=1 bytes=34 reason=no schema decoder path=body.richText
00:59:00 DEBUG              [MsgPush.UnknownElement] wire element ignored unknownTag=9 wireType=2 count=1 bytes=3 reason=no schema decoder path=elem
00:59:00 DEBUG              [MsgPush.UnknownElement] wire element ignored unknownTag=10 wireType=0 count=1 bytes=1 reason=no schema decoder path=elem.generalFlags
00:59:00 DEBUG              [MsgPush.UnknownElement] wire element ignored unknownTag=12 wireType=0 count=1 bytes=1 reason=no schema decoder path=elem.generalFlags
00:59:00 DEBUG              [MsgPush.UnknownElement] wire element ignored unknownTag=13 wireType=0 count=1 bytes=1 reason=no schema decoder path=elem.generalFlags
00:59:00 DEBUG              [MsgPush.UnknownElement] wire element ignored unknownTag=19 wireType=2 count=1 bytes=94 reason=no schema decoder path=elem.generalFlags
00:59:00 OK    [3868978960] [Event] [自身] 群 [NSUK模组-高级用户群(455415527)] | [机器人测试账号(3868978960)]: ID:821552738 [图片]
00:59:07 DEBUG              [MsgPush.UnknownElement] wire element ignored unknownTag=1 wireType=2 count=1 bytes=34 reason=no schema decoder path=body.richText
00:59:07 DEBUG              [MsgPush.UnknownElement] wire element ignored unknownTag=10 wireType=0 count=1 bytes=1 reason=no schema decoder path=elem.generalFlags
00:59:07 DEBUG              [MsgPush.UnknownElement] wire element ignored unknownTag=12 wireType=0 count=1 bytes=1 reason=no schema decoder path=elem.generalFlags
00:59:07 DEBUG              [MsgPush.UnknownElement] wire element ignored unknownTag=13 wireType=0 count=1 bytes=1 reason=no schema decoder path=elem.generalFlags
00:59:07 DEBUG              [MsgPush.UnknownElement] wire element ignored unknownTag=17 wireType=0 count=1 bytes=1 reason=no schema decoder path=elem.generalFlags
00:59:07 DEBUG              [MsgPush.UnknownElement] wire element ignored unknownTag=19 wireType=2 count=1 bytes=107 reason=no schema decoder path=elem.generalFlags
00:59:07 DEBUG              [MsgPush.UnknownElement] wire element ignored unknownTag=9 wireType=2 count=1 bytes=8 reason=no schema decoder path=elem
00:59:07 DEBUG              [MsgPush.UnknownElement] wire element ignored unknownTag=11 wireType=0 count=1 bytes=1 reason=no schema decoder path=text.pbReserve
00:59:07 OK    [3868978960] [Event] 群 [NSUK模组-高级用户群(455415527)] | [我是梦蓝咯(3630797734)]: ID:122527467 @3868978960 /help
00:59:32 DEBUG              [MsgPush.UnknownElement] wire element ignored unknownTag=1 wireType=2 count=1 bytes=34 reason=no schema decoder path=body.richText
00:59:32 DEBUG              [MsgPush.UnknownElement] wire element ignored unknownTag=10 wireType=0 count=1 bytes=1 reason=no schema decoder path=elem.generalFlags
00:59:32 DEBUG              [MsgPush.UnknownElement] wire element ignored unknownTag=12 wireType=0 count=1 bytes=1 reason=no schema decoder path=elem.generalFlags
00:59:32 DEBUG              [MsgPush.UnknownElement] wire element ignored unknownTag=13 wireType=0 count=1 bytes=1 reason=no schema decoder path=elem.generalFlags
00:59:32 DEBUG              [MsgPush.UnknownElement] wire element ignored unknownTag=17 wireType=0 count=1 bytes=1 reason=no schema decoder path=elem.generalFlags
00:59:32 DEBUG              [MsgPush.UnknownElement] wire element ignored unknownTag=19 wireType=2 count=1 bytes=108 reason=no schema decoder path=elem.generalFlags
00:59:32 DEBUG              [MsgPush.UnknownElement] wire element ignored unknownTag=9 wireType=2 count=1 bytes=8 reason=no schema decoder path=elem
00:59:32 DEBUG              [MsgPush.UnknownElement] wire element ignored unknownTag=11 wireType=0 count=1 bytes=1 reason=no schema decoder path=text.pbReserve
00:59:32 OK    [3868978960] [Event] 群 [NSUK模组-高级用户群(455415527)] | [我是梦蓝咯(3630797734)]: ID:849564011 @3868978960 /help
01:01:09 WARN  [3868978960] [OneBot.WS-Server] [ws-default] socket error: read ECONNRESET
01:01:17 DEBUG [3868978960] [Bridge.Action] get_login_info params=
01:01:17 DEBUG [3868978960] [Bridge.Action] fetch_custom_face_detail params=count=100
01:03:49 DEBUG              [MsgPush.UnknownElement] wire element ignored unknownTag=1 wireType=2 count=1 bytes=34 reason=no schema decoder path=body.richText
01:03:49 DEBUG              [MsgPush.UnknownElement] wire element ignored unknownTag=10 wireType=0 count=1 bytes=1 reason=no schema decoder path=elem.generalFlags
01:03:49 DEBUG              [MsgPush.UnknownElement] wire element ignored unknownTag=12 wireType=0 count=1 bytes=1 reason=no schema decoder path=elem.generalFlags
01:03:49 DEBUG              [MsgPush.UnknownElement] wire element ignored unknownTag=13 wireType=0 count=1 bytes=1 reason=no schema decoder path=elem.generalFlags
01:03:49 DEBUG              [MsgPush.UnknownElement] wire element ignored unknownTag=17 wireType=0 count=1 bytes=1 reason=no schema decoder path=elem.generalFlags
01:03:49 DEBUG              [MsgPush.UnknownElement] wire element ignored unknownTag=19 wireType=2 count=1 bytes=107 reason=no schema decoder path=elem.generalFlags
01:03:49 DEBUG              [MsgPush.UnknownElement] wire element ignored unknownTag=9 wireType=2 count=1 bytes=8 reason=no schema decoder path=elem
01:03:49 DEBUG              [MsgPush.UnknownElement] wire element ignored unknownTag=11 wireType=0 count=1 bytes=1 reason=no schema decoder path=text.pbReserve
01:03:49 OK    [3868978960] [Event] 群 [NSUK模组-高级用户群(455415527)] | [我是梦蓝咯(3630797734)]: ID:-1922178091 @3868978960 help
01:03:49 DEBUG [3868978960] [Bridge.Action] get_group_member_info params=group_id=455415527 user_id=3868978960
01:03:57 DEBUG              [MsgPush.UnknownElement] wire element ignored unknownTag=1 wireType=2 count=1 bytes=34 reason=no schema decoder path=body.richText
01:03:57 DEBUG              [MsgPush.UnknownElement] wire element ignored unknownTag=10 wireType=0 count=1 bytes=1 reason=no schema decoder path=elem.generalFlags
01:03:57 DEBUG              [MsgPush.UnknownElement] wire element ignored unknownTag=12 wireType=0 count=1 bytes=1 reason=no schema decoder path=elem.generalFlags
01:03:57 DEBUG              [MsgPush.UnknownElement] wire element ignored unknownTag=13 wireType=0 count=1 bytes=1 reason=no schema decoder path=elem.generalFlags
01:03:57 DEBUG              [MsgPush.UnknownElement] wire element ignored unknownTag=17 wireType=0 count=1 bytes=1 reason=no schema decoder path=elem.generalFlags
01:03:57 DEBUG              [MsgPush.UnknownElement] wire element ignored unknownTag=19 wireType=2 count=1 bytes=107 reason=no schema decoder path=elem.generalFlags
01:03:57 DEBUG              [MsgPush.UnknownElement] wire element ignored unknownTag=9 wireType=2 count=1 bytes=8 reason=no schema decoder path=elem
01:03:57 DEBUG              [MsgPush.UnknownElement] wire element ignored unknownTag=11 wireType=0 count=1 bytes=1 reason=no schema decoder path=text.pbReserve
01:03:57 OK    [3868978960] [Event] 群 [NSUK模组-高级用户群(455415527)] | [我是梦蓝咯(3630797734)]: ID:1497152632 @3868978960 /help
01:03:57 DEBUG [3868978960] [Bridge.Action] send_group_msg params=group_id=455415527 message=[len=2]
01:03:57 INFO               [OneBot] 群聊 455415527 | 发送：这是命令菜单
/mod问题 反映遇到的mod问题
/筑艺坊问题 反映筑艺坊问题
/网站问题 反映网...
01:03:57 DEBUG              [MsgPush.UnknownElement] wire element ignored unknownTag=1 wireType=2 count=1 bytes=34 reason=no schema decoder path=body.richText
01:03:57 DEBUG              [MsgPush.UnknownElement] wire element ignored unknownTag=9 wireType=2 count=1 bytes=5 reason=no schema decoder path=elem
01:03:57 DEBUG              [MsgPush.UnknownElement] wire element ignored unknownTag=10 wireType=0 count=1 bytes=1 reason=no schema decoder path=elem.generalFlags
01:03:57 DEBUG              [MsgPush.UnknownElement] wire element ignored unknownTag=12 wireType=0 count=1 bytes=1 reason=no schema decoder path=elem.generalFlags
01:03:57 DEBUG              [MsgPush.UnknownElement] wire element ignored unknownTag=13 wireType=0 count=1 bytes=1 reason=no schema decoder path=elem.generalFlags
01:03:57 DEBUG              [MsgPush.UnknownElement] wire element ignored unknownTag=19 wireType=2 count=1 bytes=94 reason=no schema decoder path=elem.generalFlags
01:03:57 OK    [3868978960] [Event] [自身] 群 [NSUK模组-高级用户群(455415527)] | [机器人测试账号(3868978960)]: ID:737643301 @3630797734 这是命令菜单
/mod问题 反映遇到的mod问题
/筑艺坊问题 反映筑艺坊问题
/网站问题 反映网...
01:04:56 WARN  [3868978960] [OneBot.WS-Server] [ws-default] socket error: read ECONNRESET
01:05:02 DEBUG [3868978960] [Bridge.Action] get_login_info params=
01:05:02 DEBUG [3868978960] [Bridge.Action] fetch_custom_face_detail params=count=100
01:05:36 WARN  [3868978960] [OneBot.WS-Server] [ws-default] socket error: read ECONNRESET
01:06:06 DEBUG [3868978960] [Bridge.Action] get_login_info params=
01:06:06 DEBUG [3868978960] [Bridge.Action] fetch_custom_face_detail params=count=100
01:06:52 WARN  [3868978960] [OneBot.WS-Server] [ws-default] socket error: read ECONNRESET
01:07:17 DEBUG [3868978960] [Bridge.Action] get_login_info params=
01:07:17 DEBUG [3868978960] [Bridge.Action] fetch_custom_face_detail params=count=100
01:07:45 WARN  [3868978960] [OneBot.WS-Server] [ws-default] socket error: read ECONNRESET
01:08:00 DEBUG [3868978960] [Bridge.Action] get_login_info params=
01:08:00 DEBUG [3868978960] [Bridge.Action] fetch_custom_face_detail params=count=100
01:08:10 WARN  [3868978960] [OneBot.WS-Server] [ws-default] socket error: read ECONNRESET
01:08:23 DEBUG [3868978960] [Bridge.Action] get_login_info params=
01:08:23 DEBUG [3868978960] [Bridge.Action] fetch_custom_face_detail params=count=100
01:08:48 WARN  [3868978960] [OneBot.WS-Server] [ws-default] socket error: read ECONNRESET
01:09:38 DEBUG [3868978960] [Bridge.Action] get_login_info params=
01:09:38 DEBUG [3868978960] [Bridge.Action] fetch_custom_face_detail params=count=100
01:09:54 WARN  [3868978960] [OneBot.WS-Server] [ws-default] socket error: read ECONNRESET
01:10:58 DEBUG [3868978960] [Bridge.Action] get_login_info params=
01:10:58 DEBUG [3868978960] [Bridge.Action] fetch_custom_face_detail params=count=100
01:11:24 DEBUG              [MsgPush.UnknownElement] wire element ignored unknownTag=1 wireType=2 count=1 bytes=34 reason=no schema decoder path=body.richText
01:11:24 DEBUG              [MsgPush.UnknownElement] wire element ignored unknownTag=10 wireType=0 count=1 bytes=1 reason=no schema decoder path=elem.generalFlags
01:11:24 DEBUG              [MsgPush.UnknownElement] wire element ignored unknownTag=12 wireType=0 count=1 bytes=1 reason=no schema decoder path=elem.generalFlags
01:11:24 DEBUG              [MsgPush.UnknownElement] wire element ignored unknownTag=13 wireType=0 count=1 bytes=1 reason=no schema decoder path=elem.generalFlags
01:11:24 DEBUG              [MsgPush.UnknownElement] wire element ignored unknownTag=17 wireType=0 count=1 bytes=1 reason=no schema decoder path=elem.generalFlags
01:11:24 DEBUG              [MsgPush.UnknownElement] wire element ignored unknownTag=19 wireType=2 count=1 bytes=108 reason=no schema decoder path=elem.generalFlags
01:11:24 DEBUG              [MsgPush.UnknownElement] wire element ignored unknownTag=9 wireType=2 count=1 bytes=8 reason=no schema decoder path=elem
01:11:24 DEBUG              [MsgPush.UnknownElement] wire element ignored unknownTag=11 wireType=0 count=1 bytes=1 reason=no schema decoder path=text.pbReserve
01:11:24 OK    [3868978960] [Event] 群 [NSUK模组-高级用户群(455415527)] | [我是梦蓝咯(3630797734)]: ID:-1718596583 @3868978960 [空消息]
01:11:24 DEBUG [3868978960] [Bridge.Action] get_group_member_info params=group_id=455415527 user_id=3868978960
01:11:24 DEBUG [3868978960] [Bridge.Action] send_group_msg params=group_id=455415527 message=[len=1]
01:11:24 DEBUG [3868978960] [Highway.Image] uploading 721953 bytes md5=52c1089e... → group 455415527
01:11:24 DEBUG [3868978960] [Highway] image fast-upload hit for sub=top (server reusing cached resource)
01:11:24 DEBUG [3868978960] [Highway] image fast-upload hit (server already had bytes)
01:11:25 INFO               [OneBot] 群聊 455415527 | 发送：[图片]
01:11:25 DEBUG              [MsgPush.UnknownElement] wire element ignored unknownTag=1 wireType=2 count=1 bytes=34 reason=no schema decoder path=body.richText
01:11:25 DEBUG              [MsgPush.UnknownElement] wire element ignored unknownTag=9 wireType=2 count=1 bytes=3 reason=no schema decoder path=elem
01:11:25 DEBUG              [MsgPush.UnknownElement] wire element ignored unknownTag=10 wireType=0 count=1 bytes=1 reason=no schema decoder path=elem.generalFlags
01:11:25 DEBUG              [MsgPush.UnknownElement] wire element ignored unknownTag=12 wireType=0 count=1 bytes=1 reason=no schema decoder path=elem.generalFlags
01:11:25 DEBUG              [MsgPush.UnknownElement] wire element ignored unknownTag=13 wireType=0 count=1 bytes=1 reason=no schema decoder path=elem.generalFlags
01:11:25 DEBUG              [MsgPush.UnknownElement] wire element ignored unknownTag=19 wireType=2 count=1 bytes=94 reason=no schema decoder path=elem.generalFlags
01:11:25 OK    [3868978960] [Event] [自身] 群 [NSUK模组-高级用户群(455415527)] | [机器人测试账号(3868978960)]: ID:139255836 [图片]
01:11:40 DEBUG              [MsgPush.UnknownElement] wire element ignored unknownTag=1 wireType=2 count=1 bytes=34 reason=no schema decoder path=body.richText
01:11:40 DEBUG              [MsgPush.UnknownElement] wire element ignored unknownTag=10 wireType=0 count=1 bytes=1 reason=no schema decoder path=elem.generalFlags
01:11:40 DEBUG              [MsgPush.UnknownElement] wire element ignored unknownTag=12 wireType=0 count=1 bytes=1 reason=no schema decoder path=elem.generalFlags
01:11:40 DEBUG              [MsgPush.UnknownElement] wire element ignored unknownTag=13 wireType=0 count=1 bytes=1 reason=no schema decoder path=elem.generalFlags
01:11:40 DEBUG              [MsgPush.UnknownElement] wire element ignored unknownTag=17 wireType=0 count=1 bytes=1 reason=no schema decoder path=elem.generalFlags
01:11:40 DEBUG              [MsgPush.UnknownElement] wire element ignored unknownTag=19 wireType=2 count=1 bytes=105 reason=no schema decoder path=elem.generalFlags
01:11:40 DEBUG              [MsgPush.UnknownElement] wire element ignored unknownTag=9 wireType=2 count=1 bytes=8 reason=no schema decoder path=elem
01:11:40 DEBUG              [MsgPush.UnknownElement] wire element ignored unknownTag=11 wireType=0 count=1 bytes=1 reason=no schema decoder path=text.pbReserve
01:11:40 OK    [3868978960] [Event] 群 [NSUK模组-高级用户群(455415527)] | [我是梦蓝咯(3630797734)]: ID:1147871962 @3868978960 /帮助
01:11:40 DEBUG [3868978960] [Bridge.Action] send_group_msg params=group_id=455415527 message=[len=2]
01:11:41 INFO               [OneBot] 群聊 455415527 | 发送：这是命令菜单
/mod问题 反映遇到的mod问题
/筑艺坊问题 反映筑艺坊问题
/网站问题 反映网...
01:11:41 DEBUG              [MsgPush.UnknownElement] wire element ignored unknownTag=1 wireType=2 count=1 bytes=34 reason=no schema decoder path=body.richText
01:11:41 DEBUG              [MsgPush.UnknownElement] wire element ignored unknownTag=9 wireType=2 count=1 bytes=5 reason=no schema decoder path=elem
01:11:41 DEBUG              [MsgPush.UnknownElement] wire element ignored unknownTag=10 wireType=0 count=1 bytes=1 reason=no schema decoder path=elem.generalFlags
01:11:41 DEBUG              [MsgPush.UnknownElement] wire element ignored unknownTag=12 wireType=0 count=1 bytes=1 reason=no schema decoder path=elem.generalFlags
01:11:41 DEBUG              [MsgPush.UnknownElement] wire element ignored unknownTag=13 wireType=0 count=1 bytes=1 reason=no schema decoder path=elem.generalFlags
01:11:41 DEBUG              [MsgPush.UnknownElement] wire element ignored unknownTag=19 wireType=2 count=1 bytes=94 reason=no schema decoder path=elem.generalFlags
01:11:41 OK    [3868978960] [Event] [自身] 群 [NSUK模组-高级用户群(455415527)] | [机器人测试账号(3868978960)]: ID:1512752171 @3630797734 这是命令菜单
/mod问题 反映遇到的mod问题
/筑艺坊问题 反映筑艺坊问题
/网站问题 反映网...
01:12:26 DEBUG              [MsgPush.UnknownElement] wire element ignored unknownTag=1 wireType=2 count=1 bytes=34 reason=no schema decoder path=body.richText
01:12:26 DEBUG              [MsgPush.UnknownElement] wire element ignored unknownTag=17 wireType=0 count=1 bytes=3 reason=no schema decoder path=elem.generalFlags
01:12:26 DEBUG              [MsgPush.UnknownElement] wire element ignored unknownTag=19 wireType=2 count=1 bytes=63 reason=no schema decoder path=elem.generalFlags
01:12:26 DEBUG              [MsgPush.UnknownElement] wire element ignored unknownTag=9 wireType=2 count=1 bytes=10 reason=no schema decoder path=elem
01:12:26 OK    [3868978960] [Event] 私聊 [我是梦蓝咯(3630797734)]: ID:-231126815 [卡片:邀请你加入群聊]
01:12:27 WARN  [3868978960] [Event] 群邀请 [我是梦蓝咯(3630797734)] 邀 [(ㆀ˘･з･˘)(3868978960)] -> 175073951
01:12:31 DEBUG              [MsgPush.Unknown] Event0x210 unknown subType=68
01:12:31 DEBUG              [MsgPush.Unknown] Event0x210 unknown subType=31
01:15:46 INFO  [3868978960] [Event] 入群 [(ㆀ˘･з･˘)(3868978960)] 加入 175073951
01:15:46 DEBUG              [MsgPush.Unknown] Event0x210 unknown subType=68
01:15:46 DEBUG              [MsgPush.Unknown] Event0x210 unknown subType=31
01:15:47 DEBUG [3868978960] [Bridge] member cache refreshed: group=175073951 reason=group_member_join
01:15:53 DEBUG              [MsgPush.UnknownElement] wire element ignored unknownTag=1 wireType=2 count=1 bytes=34 reason=no schema decoder path=body.richText
01:15:53 DEBUG              [MsgPush.UnknownElement] wire element ignored unknownTag=2 wireType=2 count=1 bytes=21 reason=no schema decoder path=commonElem.msgInfo.msgInfoBody[0].hashSum
01:15:53 DEBUG              [MsgPush.UnknownElement] wire element ignored unknownTag=3 wireType=0 count=1 bytes=1 reason=no schema decoder path=commonElem.msgInfo.extBizInfo.pic.extData
01:15:53 DEBUG              [MsgPush.UnknownElement] wire element ignored unknownTag=4 wireType=0 count=1 bytes=1 reason=no schema decoder path=commonElem.msgInfo.extBizInfo.pic.extData
01:15:53 DEBUG              [MsgPush.UnknownElement] wire element ignored unknownTag=10 wireType=0 count=1 bytes=1 reason=no schema decoder path=commonElem.msgInfo.extBizInfo.pic.extData
01:15:53 DEBUG              [MsgPush.UnknownElement] wire element ignored unknownTag=12 wireType=2 count=1 bytes=1 reason=no schema decoder path=commonElem.msgInfo.extBizInfo.pic.extData
01:15:53 DEBUG              [MsgPush.UnknownElement] wire element ignored unknownTag=18 wireType=2 count=1 bytes=1 reason=no schema decoder path=commonElem.msgInfo.extBizInfo.pic.extData
01:15:53 DEBUG              [MsgPush.UnknownElement] wire element ignored unknownTag=19 wireType=2 count=1 bytes=1 reason=no schema decoder path=commonElem.msgInfo.extBizInfo.pic.extData
01:15:53 DEBUG              [MsgPush.UnknownElement] wire element ignored unknownTag=21 wireType=2 count=1 bytes=13 reason=no schema decoder path=commonElem.msgInfo.extBizInfo.pic.extData
01:15:53 DEBUG              [MsgPush.UnknownElement] wire element ignored unknownTag=30 wireType=2 count=1 bytes=87 reason=no schema decoder path=commonElem.msgInfo.extBizInfo.pic.extData
01:15:53 DEBUG              [MsgPush.UnknownElement] wire element ignored unknownTag=31 wireType=2 count=1 bytes=33 reason=no schema decoder path=commonElem.msgInfo.extBizInfo.pic.extData
01:15:53 DEBUG              [MsgPush.UnknownElement] wire element ignored unknownTag=9 wireType=2 count=1 bytes=5 reason=no schema decoder path=elem
01:15:53 DEBUG              [MsgPush.UnknownElement] wire element ignored unknownTag=10 wireType=0 count=1 bytes=1 reason=no schema decoder path=elem.generalFlags
01:15:53 DEBUG              [MsgPush.UnknownElement] wire element ignored unknownTag=12 wireType=0 count=1 bytes=1 reason=no schema decoder path=elem.generalFlags
01:15:53 DEBUG              [MsgPush.UnknownElement] wire element ignored unknownTag=13 wireType=0 count=1 bytes=1 reason=no schema decoder path=elem.generalFlags
01:15:53 DEBUG              [MsgPush.UnknownElement] wire element ignored unknownTag=19 wireType=2 count=1 bytes=101 reason=no schema decoder path=elem.generalFlags
01:15:53 OK    [3868978960] [Event] 群 [梨小达的小屋二号(175073951)] | [僵尸天天⁧~喵‏(2160208505)]: ID:-1419728742 [图片]
01:16:07 DEBUG              [MsgPush.UnknownElement] wire element ignored unknownTag=1 wireType=2 count=1 bytes=34 reason=no schema decoder path=body.richText
01:16:07 DEBUG              [MsgPush.UnknownElement] wire element ignored unknownTag=9 wireType=2 count=1 bytes=5 reason=no schema decoder path=elem
01:16:07 DEBUG              [MsgPush.UnknownElement] wire element ignored unknownTag=10 wireType=0 count=1 bytes=1 reason=no schema decoder path=elem.generalFlags
01:16:07 DEBUG              [MsgPush.UnknownElement] wire element ignored unknownTag=12 wireType=0 count=1 bytes=1 reason=no schema decoder path=elem.generalFlags
01:16:07 DEBUG              [MsgPush.UnknownElement] wire element ignored unknownTag=13 wireType=0 count=1 bytes=1 reason=no schema decoder path=elem.generalFlags
01:16:07 DEBUG              [MsgPush.UnknownElement] wire element ignored unknownTag=19 wireType=2 count=1 bytes=89 reason=no schema decoder path=elem.generalFlags
01:16:07 OK    [3868978960] [Event] [自身] 群 [梨小达的小屋二号(175073951)] | [(ㆀ˘･з･˘)(3868978960)]: ID:757250668 bot测试
01:16:21 DEBUG              [MsgPush.UnknownElement] wire element ignored unknownTag=1 wireType=2 count=1 bytes=34 reason=no schema decoder path=body.richText
01:16:21 DEBUG              [MsgPush.UnknownElement] wire element ignored unknownTag=10 wireType=0 count=1 bytes=1 reason=no schema decoder path=elem.generalFlags
01:16:21 DEBUG              [MsgPush.UnknownElement] wire element ignored unknownTag=12 wireType=0 count=1 bytes=1 reason=no schema decoder path=elem.generalFlags
01:16:21 DEBUG              [MsgPush.UnknownElement] wire element ignored unknownTag=13 wireType=0 count=1 bytes=1 reason=no schema decoder path=elem.generalFlags
01:16:21 DEBUG              [MsgPush.UnknownElement] wire element ignored unknownTag=17 wireType=0 count=1 bytes=1 reason=no schema decoder path=elem.generalFlags
01:16:21 DEBUG              [MsgPush.UnknownElement] wire element ignored unknownTag=19 wireType=2 count=1 bytes=105 reason=no schema decoder path=elem.generalFlags
01:16:21 DEBUG              [MsgPush.UnknownElement] wire element ignored unknownTag=9 wireType=2 count=1 bytes=8 reason=no schema decoder path=elem
01:16:21 DEBUG              [MsgPush.UnknownElement] wire element ignored unknownTag=11 wireType=0 count=1 bytes=1 reason=no schema decoder path=text.pbReserve
01:16:21 OK    [3868978960] [Event] 群 [梨小达的小屋二号(175073951)] | [我是梦蓝咯(3630797734)]: ID:-1372172532 @2160208505 你测
01:16:43 DEBUG              [MsgPush.UnknownElement] wire element ignored unknownTag=1 wireType=2 count=1 bytes=34 reason=no schema decoder path=body.richText
01:16:43 DEBUG              [MsgPush.UnknownElement] wire element ignored unknownTag=2 wireType=2 count=1 bytes=21 reason=no schema decoder path=commonElem.msgInfo.msgInfoBody[0].hashSum
01:16:43 DEBUG              [MsgPush.UnknownElement] wire element ignored unknownTag=3 wireType=0 count=1 bytes=1 reason=no schema decoder path=commonElem.msgInfo.extBizInfo.pic.extData
01:16:43 DEBUG              [MsgPush.UnknownElement] wire element ignored unknownTag=4 wireType=0 count=1 bytes=1 reason=no schema decoder path=commonElem.msgInfo.extBizInfo.pic.extData
01:16:43 DEBUG              [MsgPush.UnknownElement] wire element ignored unknownTag=10 wireType=0 count=1 bytes=1 reason=no schema decoder path=commonElem.msgInfo.extBizInfo.pic.extData
01:16:43 DEBUG              [MsgPush.UnknownElement] wire element ignored unknownTag=12 wireType=2 count=1 bytes=1 reason=no schema decoder path=commonElem.msgInfo.extBizInfo.pic.extData
01:16:43 DEBUG              [MsgPush.UnknownElement] wire element ignored unknownTag=18 wireType=2 count=1 bytes=1 reason=no schema decoder path=commonElem.msgInfo.extBizInfo.pic.extData
01:16:43 DEBUG              [MsgPush.UnknownElement] wire element ignored unknownTag=19 wireType=2 count=1 bytes=1 reason=no schema decoder path=commonElem.msgInfo.extBizInfo.pic.extData
01:16:43 DEBUG              [MsgPush.UnknownElement] wire element ignored unknownTag=21 wireType=2 count=1 bytes=13 reason=no schema decoder path=commonElem.msgInfo.extBizInfo.pic.extData
01:16:43 DEBUG              [MsgPush.UnknownElement] wire element ignored unknownTag=30 wireType=2 count=1 bytes=87 reason=no schema decoder path=commonElem.msgInfo.extBizInfo.pic.extData
01:16:43 DEBUG              [MsgPush.UnknownElement] wire element ignored unknownTag=31 wireType=2 count=1 bytes=33 reason=no schema decoder path=commonElem.msgInfo.extBizInfo.pic.extData
01:16:43 DEBUG              [MsgPush.UnknownElement] wire element ignored unknownTag=9 wireType=2 count=1 bytes=5 reason=no schema decoder path=elem
01:16:43 DEBUG              [MsgPush.UnknownElement] wire element ignored unknownTag=10 wireType=0 count=1 bytes=1 reason=no schema decoder path=elem.generalFlags
01:16:43 DEBUG              [MsgPush.UnknownElement] wire element ignored unknownTag=12 wireType=0 count=1 bytes=1 reason=no schema decoder path=elem.generalFlags
01:16:43 DEBUG              [MsgPush.UnknownElement] wire element ignored unknownTag=13 wireType=0 count=1 bytes=1 reason=no schema decoder path=elem.generalFlags
01:16:43 DEBUG              [MsgPush.UnknownElement] wire element ignored unknownTag=19 wireType=2 count=1 bytes=100 reason=no schema decoder path=elem.generalFlags
01:16:43 OK    [3868978960] [Event] 群 [梨小达的小屋二号(175073951)] | [僵尸天天⁧~喵‏(2160208505)]: ID:-362616926 [图片]
01:16:49 DEBUG              [MsgPush.UnknownElement] wire element ignored unknownTag=1 wireType=2 count=1 bytes=34 reason=no schema decoder path=body.richText
01:16:49 DEBUG              [MsgPush.UnknownElement] wire element ignored unknownTag=10 wireType=0 count=1 bytes=1 reason=no schema decoder path=elem.generalFlags
01:16:49 DEBUG              [MsgPush.UnknownElement] wire element ignored unknownTag=12 wireType=0 count=1 bytes=1 reason=no schema decoder path=elem.generalFlags
01:16:49 DEBUG              [MsgPush.UnknownElement] wire element ignored unknownTag=13 wireType=0 count=1 bytes=1 reason=no schema decoder path=elem.generalFlags
01:16:49 DEBUG              [MsgPush.UnknownElement] wire element ignored unknownTag=17 wireType=0 count=1 bytes=1 reason=no schema decoder path=elem.generalFlags
01:16:49 DEBUG              [MsgPush.UnknownElement] wire element ignored unknownTag=19 wireType=2 count=1 bytes=106 reason=no schema decoder path=elem.generalFlags
01:16:49 DEBUG              [MsgPush.UnknownElement] wire element ignored unknownTag=9 wireType=2 count=1 bytes=8 reason=no schema decoder path=elem
01:16:49 DEBUG              [MsgPush.UnknownElement] wire element ignored unknownTag=11 wireType=0 count=1 bytes=1 reason=no schema decoder path=text.pbReserve
01:16:49 OK    [3868978960] [Event] 群 [梨小达的小屋二号(175073951)] | [我是梦蓝咯(3630797734)]: ID:458932769 @3868978960 help
01:16:52 WARN  [3868978960] [Event] 群撤回 [梨小达的小屋二号(175073951)] | [我是梦蓝咯(3630797734)] 被 [我是梦蓝咯(3630797734)] 撤回
01:16:52 DEBUG              [MsgPush.UnknownElement] wire element ignored unknownTag=1 wireType=2 count=1 bytes=34 reason=no schema decoder path=body.richText
01:16:52 DEBUG              [MsgPush.UnknownElement] wire element ignored unknownTag=9 wireType=2 count=1 bytes=5 reason=no schema decoder path=elem
01:16:52 DEBUG              [MsgPush.UnknownElement] wire element ignored unknownTag=10 wireType=0 count=1 bytes=1 reason=no schema decoder path=elem.generalFlags
01:16:52 DEBUG              [MsgPush.UnknownElement] wire element ignored unknownTag=12 wireType=0 count=1 bytes=1 reason=no schema decoder path=elem.generalFlags
01:16:52 DEBUG              [MsgPush.UnknownElement] wire element ignored unknownTag=13 wireType=0 count=1 bytes=1 reason=no schema decoder path=elem.generalFlags
01:16:52 DEBUG              [MsgPush.UnknownElement] wire element ignored unknownTag=19 wireType=2 count=1 bytes=100 reason=no schema decoder path=elem.generalFlags
01:16:52 OK    [3868978960] [Event] 群 [梨小达的小屋二号(175073951)] | [僵尸天天⁧~喵‏(2160208505)]: ID:1825242440 测什么？
01:17:00 DEBUG              [MsgPush.UnknownElement] wire element ignored unknownTag=1 wireType=2 count=1 bytes=34 reason=no schema decoder path=body.richText
01:17:00 DEBUG              [MsgPush.UnknownElement] wire element ignored unknownTag=10 wireType=0 count=1 bytes=1 reason=no schema decoder path=elem.generalFlags
01:17:00 DEBUG              [MsgPush.UnknownElement] wire element ignored unknownTag=12 wireType=0 count=1 bytes=1 reason=no schema decoder path=elem.generalFlags
01:17:00 DEBUG              [MsgPush.UnknownElement] wire element ignored unknownTag=13 wireType=0 count=1 bytes=1 reason=no schema decoder path=elem.generalFlags
01:17:00 DEBUG              [MsgPush.UnknownElement] wire element ignored unknownTag=17 wireType=0 count=1 bytes=1 reason=no schema decoder path=elem.generalFlags
01:17:00 DEBUG              [MsgPush.UnknownElement] wire element ignored unknownTag=19 wireType=2 count=1 bytes=106 reason=no schema decoder path=elem.generalFlags
01:17:00 DEBUG              [MsgPush.UnknownElement] wire element ignored unknownTag=9 wireType=2 count=1 bytes=8 reason=no schema decoder path=elem
01:17:00 DEBUG              [MsgPush.UnknownElement] wire element ignored unknownTag=11 wireType=0 count=1 bytes=1 reason=no schema decoder path=text.pbReserve
01:17:00 OK    [3868978960] [Event] 群 [梨小达的小屋二号(175073951)] | [我是梦蓝咯(3630797734)]: ID:-955212051 @3868978960 /help
01:17:13 DEBUG              [MsgPush.UnknownElement] wire element ignored unknownTag=1 wireType=2 count=1 bytes=34 reason=no schema decoder path=body.richText
01:17:13 DEBUG              [MsgPush.UnknownElement] wire element ignored unknownTag=11 wireType=0 count=1 bytes=1 reason=no schema decoder path=text.pbReserve
01:17:13 DEBUG              [MsgPush.UnknownElement] wire element ignored unknownTag=9 wireType=2 count=1 bytes=5 reason=no schema decoder path=elem
01:17:13 DEBUG              [MsgPush.UnknownElement] wire element ignored unknownTag=10 wireType=0 count=1 bytes=1 reason=no schema decoder path=elem.generalFlags
01:17:13 DEBUG              [MsgPush.UnknownElement] wire element ignored unknownTag=12 wireType=0 count=1 bytes=1 reason=no schema decoder path=elem.generalFlags
01:17:13 DEBUG              [MsgPush.UnknownElement] wire element ignored unknownTag=13 wireType=0 count=1 bytes=1 reason=no schema decoder path=elem.generalFlags
01:17:13 DEBUG              [MsgPush.UnknownElement] wire element ignored unknownTag=19 wireType=2 count=1 bytes=100 reason=no schema decoder path=elem.generalFlags
01:17:13 OK    [3868978960] [Event] 群 [梨小达的小屋二号(175073951)] | [僵尸天天⁧~喵‏(2160208505)]: ID:-629926020 @3868978960 /help
01:17:15 DEBUG              [MsgPush.UnknownElement] wire element ignored unknownTag=1 wireType=2 count=1 bytes=34 reason=no schema decoder path=body.richText
01:17:15 DEBUG              [MsgPush.UnknownElement] wire element ignored unknownTag=10 wireType=0 count=1 bytes=1 reason=no schema decoder path=elem.generalFlags
01:17:15 DEBUG              [MsgPush.UnknownElement] wire element ignored unknownTag=12 wireType=0 count=1 bytes=1 reason=no schema decoder path=elem.generalFlags
01:17:15 DEBUG              [MsgPush.UnknownElement] wire element ignored unknownTag=13 wireType=0 count=1 bytes=1 reason=no schema decoder path=elem.generalFlags
01:17:15 DEBUG              [MsgPush.UnknownElement] wire element ignored unknownTag=17 wireType=0 count=1 bytes=1 reason=no schema decoder path=elem.generalFlags
01:17:15 DEBUG              [MsgPush.UnknownElement] wire element ignored unknownTag=19 wireType=2 count=1 bytes=106 reason=no schema decoder path=elem.generalFlags
01:17:15 DEBUG              [MsgPush.UnknownElement] wire element ignored unknownTag=9 wireType=2 count=1 bytes=8 reason=no schema decoder path=elem
01:17:15 OK    [3868978960] [Event] 群 [梨小达的小屋二号(175073951)] | [我是梦蓝咯(3630797734)]: ID:-1181315820 等会
01:17:20 DEBUG              [MsgPush.UnknownElement] wire element ignored unknownTag=1 wireType=2 count=1 bytes=34 reason=no schema decoder path=body.richText
01:17:20 DEBUG              [MsgPush.UnknownElement] wire element ignored unknownTag=10 wireType=0 count=1 bytes=1 reason=no schema decoder path=elem.generalFlags
01:17:20 DEBUG              [MsgPush.UnknownElement] wire element ignored unknownTag=12 wireType=0 count=1 bytes=1 reason=no schema decoder path=elem.generalFlags
01:17:20 DEBUG              [MsgPush.UnknownElement] wire element ignored unknownTag=13 wireType=0 count=1 bytes=1 reason=no schema decoder path=elem.generalFlags
01:17:20 DEBUG              [MsgPush.UnknownElement] wire element ignored unknownTag=17 wireType=0 count=1 bytes=1 reason=no schema decoder path=elem.generalFlags
01:17:20 DEBUG              [MsgPush.UnknownElement] wire element ignored unknownTag=19 wireType=2 count=1 bytes=103 reason=no schema decoder path=elem.generalFlags
01:17:20 DEBUG              [MsgPush.UnknownElement] wire element ignored unknownTag=9 wireType=2 count=1 bytes=8 reason=no schema decoder path=elem
01:17:20 OK    [3868978960] [Event] 群 [梨小达的小屋二号(175073951)] | [我是梦蓝咯(3630797734)]: ID:-1100230590 我剋个权限
01:17:25 DEBUG              [MsgPush.Unknown] Event0x2DC subType=16 unhandled field13=0
01:17:42 WARN  [3868978960] [OneBot.WS-Server] [ws-default] socket error: read ECONNRESET
01:17:48 DEBUG [3868978960] [Bridge.Action] get_login_info params=
01:17:48 DEBUG [3868978960] [Bridge.Action] fetch_custom_face_detail params=count=100
01:18:30 DEBUG              [MsgPush.UnknownElement] wire element ignored unknownTag=1 wireType=2 count=1 bytes=34 reason=no schema decoder path=body.richText
01:18:30 DEBUG              [MsgPush.UnknownElement] wire element ignored unknownTag=10 wireType=0 count=1 bytes=1 reason=no schema decoder path=elem.generalFlags
01:18:30 DEBUG              [MsgPush.UnknownElement] wire element ignored unknownTag=12 wireType=0 count=1 bytes=1 reason=no schema decoder path=elem.generalFlags
01:18:30 DEBUG              [MsgPush.UnknownElement] wire element ignored unknownTag=13 wireType=0 count=1 bytes=1 reason=no schema decoder path=elem.generalFlags
01:18:30 DEBUG              [MsgPush.UnknownElement] wire element ignored unknownTag=17 wireType=0 count=1 bytes=1 reason=no schema decoder path=elem.generalFlags
01:18:30 DEBUG              [MsgPush.UnknownElement] wire element ignored unknownTag=19 wireType=2 count=1 bytes=103 reason=no schema decoder path=elem.generalFlags
01:18:30 DEBUG              [MsgPush.UnknownElement] wire element ignored unknownTag=9 wireType=2 count=1 bytes=8 reason=no schema decoder path=elem
01:18:30 DEBUG              [MsgPush.UnknownElement] wire element ignored unknownTag=11 wireType=0 count=1 bytes=1 reason=no schema decoder path=text.pbReserve
01:18:30 OK    [3868978960] [Event] 群 [梨小达的小屋二号(175073951)] | [我是梦蓝咯(3630797734)]: ID:-934386700 @3868978960 [空消息]
01:18:30 DEBUG [3868978960] [Bridge.Action] get_group_member_info params=group_id=175073951 user_id=3868978960
01:18:30 DEBUG [3868978960] [Bridge.Action] send_group_msg params=group_id=175073951 message=[len=1]
01:18:30 DEBUG [3868978960] [Highway.Image] uploading 721953 bytes md5=52c1089e... → group 175073951
01:18:30 DEBUG [3868978960] [Highway] image fast-upload hit for sub=top (server reusing cached resource)
01:18:30 DEBUG [3868978960] [Highway] image fast-upload hit (server already had bytes)
01:18:31 INFO               [OneBot] 群聊 175073951 | 发送：[图片]
01:18:31 DEBUG              [MsgPush.UnknownElement] wire element ignored unknownTag=1 wireType=2 count=1 bytes=34 reason=no schema decoder path=body.richText
01:18:31 DEBUG              [MsgPush.UnknownElement] wire element ignored unknownTag=9 wireType=2 count=1 bytes=3 reason=no schema decoder path=elem
01:18:31 DEBUG              [MsgPush.UnknownElement] wire element ignored unknownTag=10 wireType=0 count=1 bytes=1 reason=no schema decoder path=elem.generalFlags
01:18:31 DEBUG              [MsgPush.UnknownElement] wire element ignored unknownTag=12 wireType=0 count=1 bytes=1 reason=no schema decoder path=elem.generalFlags
01:18:31 DEBUG              [MsgPush.UnknownElement] wire element ignored unknownTag=13 wireType=0 count=1 bytes=1 reason=no schema decoder path=elem.generalFlags
01:18:31 DEBUG              [MsgPush.UnknownElement] wire element ignored unknownTag=19 wireType=2 count=1 bytes=94 reason=no schema decoder path=elem.generalFlags
01:18:31 OK    [3868978960] [Event] [自身] 群 [梨小达的小屋二号(175073951)] | [(ㆀ˘･з･˘)(3868978960)]: ID:1541470641 [图片]
01:18:43 DEBUG              [MsgPush.UnknownElement] wire element ignored unknownTag=1 wireType=2 count=1 bytes=34 reason=no schema decoder path=body.richText
01:18:43 DEBUG              [MsgPush.UnknownElement] wire element ignored unknownTag=10 wireType=0 count=1 bytes=1 reason=no schema decoder path=elem.generalFlags
01:18:43 DEBUG              [MsgPush.UnknownElement] wire element ignored unknownTag=12 wireType=0 count=1 bytes=1 reason=no schema decoder path=elem.generalFlags
01:18:43 DEBUG              [MsgPush.UnknownElement] wire element ignored unknownTag=13 wireType=0 count=1 bytes=1 reason=no schema decoder path=elem.generalFlags
01:18:43 DEBUG              [MsgPush.UnknownElement] wire element ignored unknownTag=17 wireType=0 count=1 bytes=1 reason=no schema decoder path=elem.generalFlags
01:18:43 DEBUG              [MsgPush.UnknownElement] wire element ignored unknownTag=19 wireType=2 count=1 bytes=106 reason=no schema decoder path=elem.generalFlags
01:18:43 DEBUG              [MsgPush.UnknownElement] wire element ignored unknownTag=9 wireType=2 count=1 bytes=8 reason=no schema decoder path=elem
01:18:43 OK    [3868978960] [Event] 群 [梨小达的小屋二号(175073951)] | [我是梦蓝咯(3630797734)]: ID:1846096853 好了
01:18:50 DEBUG              [MsgPush.UnknownElement] wire element ignored unknownTag=1 wireType=2 count=1 bytes=34 reason=no schema decoder path=body.richText
01:18:50 DEBUG              [MsgPush.UnknownElement] wire element ignored unknownTag=10 wireType=0 count=1 bytes=1 reason=no schema decoder path=elem.generalFlags
01:18:50 DEBUG              [MsgPush.UnknownElement] wire element ignored unknownTag=12 wireType=0 count=1 bytes=1 reason=no schema decoder path=elem.generalFlags
01:18:50 DEBUG              [MsgPush.UnknownElement] wire element ignored unknownTag=13 wireType=0 count=1 bytes=1 reason=no schema decoder path=elem.generalFlags
01:18:50 DEBUG              [MsgPush.UnknownElement] wire element ignored unknownTag=16 wireType=0 count=1 bytes=1 reason=no schema decoder path=elem.generalFlags
01:18:50 DEBUG              [MsgPush.UnknownElement] wire element ignored unknownTag=17 wireType=0 count=1 bytes=3 reason=no schema decoder path=elem.generalFlags
01:18:50 DEBUG              [MsgPush.UnknownElement] wire element ignored unknownTag=19 wireType=2 count=1 bytes=116 reason=no schema decoder path=elem.generalFlags
01:18:50 DEBUG              [MsgPush.UnknownElement] wire element ignored unknownTag=9 wireType=2 count=1 bytes=8 reason=no schema decoder path=elem
01:18:50 OK    [3868978960] [Event] 群 [梨小达的小屋二号(175073951)] | [✨Love-Lillie-リーリエ💕(2042884056)]: ID:1466320212 牛逼
01:19:33 DEBUG              [MsgPush.UnknownElement] wire element ignored unknownTag=1 wireType=2 count=1 bytes=34 reason=no schema decoder path=body.richText
01:19:33 DEBUG              [MsgPush.UnknownElement] wire element ignored unknownTag=17 wireType=0 count=1 bytes=3 reason=no schema decoder path=elem.generalFlags
01:19:33 DEBUG              [MsgPush.UnknownElement] wire element ignored unknownTag=19 wireType=2 count=1 bytes=64 reason=no schema decoder path=elem.generalFlags
01:19:33 DEBUG              [MsgPush.UnknownElement] wire element ignored unknownTag=9 wireType=2 count=1 bytes=10 reason=no schema decoder path=elem
01:19:33 OK    [3868978960] [Event] 私聊 [我是梦蓝咯(3630797734)]: ID:1699517445 [卡片:邀请你加入群聊]
01:19:33 WARN  [3868978960] [Event] 群邀请 [我是梦蓝咯(3630797734)] 邀 [(ㆀ˘･з･˘)(3868978960)] -> 1046985079
01:19:38 DEBUG              [MsgPush.Unknown] Event0x210 unknown subType=68
01:19:38 INFO  [3868978960] [Event] 入群 [(ㆀ˘･з･˘)(3868978960)] 加入 1046985079
01:19:39 DEBUG              [MsgPush.Unknown] Event0x210 unknown subType=31
01:19:39 DEBUG              [MsgPush.UnknownElement] wire element ignored unknownTag=1 wireType=2 count=1 bytes=34 reason=no schema decoder path=body.richText
01:19:39 DEBUG              [MsgPush.UnknownElement] wire element ignored unknownTag=10 wireType=0 count=1 bytes=1 reason=no schema decoder path=elem.generalFlags
01:19:39 DEBUG              [MsgPush.UnknownElement] wire element ignored unknownTag=12 wireType=0 count=1 bytes=1 reason=no schema decoder path=elem.generalFlags
01:19:39 DEBUG              [MsgPush.UnknownElement] wire element ignored unknownTag=13 wireType=0 count=1 bytes=1 reason=no schema decoder path=elem.generalFlags
01:19:39 DEBUG              [MsgPush.UnknownElement] wire element ignored unknownTag=17 wireType=0 count=1 bytes=1 reason=no schema decoder path=elem.generalFlags
01:19:39 DEBUG              [MsgPush.UnknownElement] wire element ignored unknownTag=19 wireType=2 count=1 bytes=93 reason=no schema decoder path=elem.generalFlags
01:19:39 DEBUG              [MsgPush.UnknownElement] wire element ignored unknownTag=9 wireType=2 count=1 bytes=7 reason=no schema decoder path=elem
01:19:39 OK    [3868978960] [Event] 群 [NSUK模组-用户群｜壹(1046985079)] | [Q群管家(2854196310)]: ID:917380542 @3868978960 [空消息] NSUK为精神续作，整合包相关问题不要在该群提问，提问前必须看群公告和小亮的视频，赞助可加内测用户群 [图片]
01:19:40 DEBUG [3868978960] [Bridge] member cache refreshed: group=1046985079 reason=group_member_join
01:19:44 DEBUG              [MsgPush.Unknown] Event0x2DC subType=16 unhandled field13=0
01:20:01 DEBUG              [MsgPush.UnknownElement] wire element ignored unknownTag=1 wireType=2 count=1 bytes=34 reason=no schema decoder path=body.richText
01:20:01 DEBUG              [MsgPush.UnknownElement] wire element ignored unknownTag=10 wireType=0 count=1 bytes=1 reason=no schema decoder path=elem.generalFlags
01:20:01 DEBUG              [MsgPush.UnknownElement] wire element ignored unknownTag=12 wireType=0 count=1 bytes=1 reason=no schema decoder path=elem.generalFlags
01:20:01 DEBUG              [MsgPush.UnknownElement] wire element ignored unknownTag=13 wireType=0 count=1 bytes=1 reason=no schema decoder path=elem.generalFlags
01:20:01 DEBUG              [MsgPush.UnknownElement] wire element ignored unknownTag=17 wireType=0 count=1 bytes=1 reason=no schema decoder path=elem.generalFlags
01:20:01 DEBUG              [MsgPush.UnknownElement] wire element ignored unknownTag=19 wireType=2 count=1 bytes=103 reason=no schema decoder path=elem.generalFlags
01:20:01 DEBUG              [MsgPush.UnknownElement] wire element ignored unknownTag=9 wireType=2 count=1 bytes=8 reason=no schema decoder path=elem
01:20:01 DEBUG              [MsgPush.UnknownElement] wire element ignored unknownTag=11 wireType=0 count=1 bytes=1 reason=no schema decoder path=text.pbReserve
01:20:01 OK    [3868978960] [Event] 群 [NSUK模组-用户群｜壹(1046985079)] | [我是梦蓝咯(3630797734)]: ID:860086432 @3868978960 [空消息]
01:20:19 DEBUG              [MsgPush.UnknownElement] wire element ignored unknownTag=1 wireType=2 count=1 bytes=34 reason=no schema decoder path=body.richText
01:20:19 DEBUG              [MsgPush.UnknownElement] wire element ignored unknownTag=10 wireType=0 count=1 bytes=1 reason=no schema decoder path=elem.generalFlags
01:20:19 DEBUG              [MsgPush.UnknownElement] wire element ignored unknownTag=12 wireType=0 count=1 bytes=1 reason=no schema decoder path=elem.generalFlags
01:20:19 DEBUG              [MsgPush.UnknownElement] wire element ignored unknownTag=13 wireType=0 count=1 bytes=1 reason=no schema decoder path=elem.generalFlags
01:20:19 DEBUG              [MsgPush.UnknownElement] wire element ignored unknownTag=17 wireType=0 count=1 bytes=1 reason=no schema decoder path=elem.generalFlags
01:20:19 DEBUG              [MsgPush.UnknownElement] wire element ignored unknownTag=19 wireType=2 count=1 bytes=106 reason=no schema decoder path=elem.generalFlags
01:20:19 DEBUG              [MsgPush.UnknownElement] wire element ignored unknownTag=9 wireType=2 count=1 bytes=8 reason=no schema decoder path=elem
01:20:19 OK    [3868978960] [Event] 群 [梨小达的小屋二号(175073951)] | [我是梦蓝咯(3630797734)]: ID:-313912780 刚刚未授权
01:20:21 DEBUG              [MsgPush.UnknownElement] wire element ignored unknownTag=1 wireType=2 count=1 bytes=34 reason=no schema decoder path=body.richText
01:20:21 DEBUG              [MsgPush.UnknownElement] wire element ignored unknownTag=10 wireType=0 count=1 bytes=1 reason=no schema decoder path=elem.generalFlags
01:20:21 DEBUG              [MsgPush.UnknownElement] wire element ignored unknownTag=12 wireType=0 count=1 bytes=1 reason=no schema decoder path=elem.generalFlags
01:20:21 DEBUG              [MsgPush.UnknownElement] wire element ignored unknownTag=13 wireType=0 count=1 bytes=1 reason=no schema decoder path=elem.generalFlags
01:20:21 DEBUG              [MsgPush.UnknownElement] wire element ignored unknownTag=17 wireType=0 count=1 bytes=1 reason=no schema decoder path=elem.generalFlags
01:20:21 DEBUG              [MsgPush.UnknownElement] wire element ignored unknownTag=19 wireType=2 count=1 bytes=103 reason=no schema decoder path=elem.generalFlags
01:20:21 DEBUG              [MsgPush.UnknownElement] wire element ignored unknownTag=9 wireType=2 count=1 bytes=6 reason=no schema decoder path=elem
01:20:21 DEBUG              [MsgPush.UnknownElement] wire element ignored unknownTag=2 wireType=2 count=1 bytes=21 reason=no schema decoder path=commonElem.msgInfo.msgInfoBody[0].hashSum
01:20:21 DEBUG              [MsgPush.UnknownElement] wire element ignored unknownTag=4 wireType=2 count=1 bytes=3 reason=no schema decoder path=commonElem.msgInfo.extBizInfo
01:20:21 OK    [3868978960] [Event] 群 [梨小达的小屋二号(175073951)] | [我是梦蓝咯(3630797734)]: ID:-1958638411 [图片]
01:20:53 DEBUG              [MsgPush.UnknownElement] wire element ignored unknownTag=1 wireType=2 count=1 bytes=34 reason=no schema decoder path=body.richText
01:20:53 DEBUG              [MsgPush.UnknownElement] wire element ignored unknownTag=10 wireType=0 count=1 bytes=1 reason=no schema decoder path=elem.generalFlags
01:20:53 DEBUG              [MsgPush.UnknownElement] wire element ignored unknownTag=12 wireType=0 count=1 bytes=1 reason=no schema decoder path=elem.generalFlags
01:20:53 DEBUG              [MsgPush.UnknownElement] wire element ignored unknownTag=13 wireType=0 count=1 bytes=1 reason=no schema decoder path=elem.generalFlags
01:20:53 DEBUG              [MsgPush.UnknownElement] wire element ignored unknownTag=17 wireType=0 count=1 bytes=1 reason=no schema decoder path=elem.generalFlags
01:20:53 DEBUG              [MsgPush.UnknownElement] wire element ignored unknownTag=19 wireType=2 count=1 bytes=103 reason=no schema decoder path=elem.generalFlags
01:20:53 DEBUG              [MsgPush.UnknownElement] wire element ignored unknownTag=9 wireType=2 count=1 bytes=6 reason=no schema decoder path=elem
01:20:53 DEBUG              [MsgPush.UnknownElement] wire element ignored unknownTag=11 wireType=0 count=1 bytes=1 reason=no schema decoder path=text.pbReserve
01:20:53 DEBUG              [MsgPush.UnknownElement] wire element ignored unknownTag=2 wireType=2 count=1 bytes=21 reason=no schema decoder path=commonElem.msgInfo.msgInfoBody[0].hashSum
01:20:53 DEBUG              [MsgPush.UnknownElement] wire element ignored unknownTag=4 wireType=2 count=1 bytes=3 reason=no schema decoder path=commonElem.msgInfo.extBizInfo
01:20:53 OK    [3868978960] [Event] 群 [梨小达的小屋二号(175073951)] | [我是梦蓝咯(3630797734)]: ID:331886556 @2160208505 [空消息] [图片]
01:20:53 DEBUG [3868978960] [Bridge.Action] get_group_member_info params=group_id=175073951 user_id=2160208505
01:20:54 DEBUG              [MsgPush.UnknownElement] wire element ignored unknownTag=1 wireType=2 count=1 bytes=34 reason=no schema decoder path=body.richText
01:20:54 DEBUG              [MsgPush.UnknownElement] wire element ignored unknownTag=10 wireType=0 count=1 bytes=1 reason=no schema decoder path=elem.generalFlags
01:20:54 DEBUG              [MsgPush.UnknownElement] wire element ignored unknownTag=12 wireType=0 count=1 bytes=1 reason=no schema decoder path=elem.generalFlags
01:20:54 DEBUG              [MsgPush.UnknownElement] wire element ignored unknownTag=13 wireType=0 count=1 bytes=1 reason=no schema decoder path=elem.generalFlags
01:20:54 DEBUG              [MsgPush.UnknownElement] wire element ignored unknownTag=17 wireType=0 count=1 bytes=1 reason=no schema decoder path=elem.generalFlags
01:20:54 DEBUG              [MsgPush.UnknownElement] wire element ignored unknownTag=19 wireType=2 count=1 bytes=102 reason=no schema decoder path=elem.generalFlags
01:20:54 DEBUG              [MsgPush.UnknownElement] wire element ignored unknownTag=9 wireType=2 count=1 bytes=8 reason=no schema decoder path=elem
01:20:54 OK    [3868978960] [Event] 群 [梨小达的小屋二号(175073951)] | [我是梦蓝咯(3630797734)]: ID:-246819073 开测啊
01:21:02 DEBUG              [MsgPush.UnknownElement] wire element ignored unknownTag=1 wireType=2 count=1 bytes=33 reason=no schema decoder path=body.richText
01:21:02 DEBUG              [MsgPush.UnknownElement] wire element ignored unknownTag=10 wireType=0 count=1 bytes=1 reason=no schema decoder path=elem.generalFlags
01:21:02 DEBUG              [MsgPush.UnknownElement] wire element ignored unknownTag=12 wireType=0 count=1 bytes=1 reason=no schema decoder path=elem.generalFlags
01:21:02 DEBUG              [MsgPush.UnknownElement] wire element ignored unknownTag=13 wireType=0 count=1 bytes=1 reason=no schema decoder path=elem.generalFlags
01:21:02 DEBUG              [MsgPush.UnknownElement] wire element ignored unknownTag=17 wireType=0 count=1 bytes=1 reason=no schema decoder path=elem.generalFlags
01:21:02 DEBUG              [MsgPush.UnknownElement] wire element ignored unknownTag=19 wireType=2 count=1 bytes=102 reason=no schema decoder path=elem.generalFlags
01:21:02 DEBUG              [MsgPush.UnknownElement] wire element ignored unknownTag=9 wireType=2 count=1 bytes=8 reason=no schema decoder path=elem
01:21:02 OK    [3868978960] [Event] 群 [梨小达的小屋二号(175073951)] | [我是梦蓝咯(3630797734)]: ID:-461930132 我管理员测来没用
01:21:08 DEBUG              [MsgPush.UnknownElement] wire element ignored unknownTag=1 wireType=2 count=1 bytes=34 reason=no schema decoder path=body.richText
01:21:08 DEBUG              [MsgPush.UnknownElement] wire element ignored unknownTag=10 wireType=0 count=1 bytes=1 reason=no schema decoder path=elem.generalFlags
01:21:08 DEBUG              [MsgPush.UnknownElement] wire element ignored unknownTag=12 wireType=0 count=1 bytes=1 reason=no schema decoder path=elem.generalFlags
01:21:08 DEBUG              [MsgPush.UnknownElement] wire element ignored unknownTag=13 wireType=0 count=1 bytes=1 reason=no schema decoder path=elem.generalFlags
01:21:08 DEBUG              [MsgPush.UnknownElement] wire element ignored unknownTag=17 wireType=0 count=1 bytes=1 reason=no schema decoder path=elem.generalFlags
01:21:08 DEBUG              [MsgPush.UnknownElement] wire element ignored unknownTag=19 wireType=2 count=1 bytes=102 reason=no schema decoder path=elem.generalFlags
01:21:08 DEBUG              [MsgPush.UnknownElement] wire element ignored unknownTag=9 wireType=2 count=1 bytes=8 reason=no schema decoder path=elem
01:21:08 OK    [3868978960] [Event] 群 [梨小达的小屋二号(175073951)] | [我是梦蓝咯(3630797734)]: ID:2124714436 得看你们
01:21:50 DEBUG              [MsgPush.UnknownElement] wire element ignored unknownTag=1 wireType=2 count=1 bytes=34 reason=no schema decoder path=body.richText
01:21:50 DEBUG              [MsgPush.UnknownElement] wire element ignored unknownTag=11 wireType=0 count=1 bytes=1 reason=no schema decoder path=text.pbReserve
01:21:50 DEBUG              [MsgPush.UnknownElement] wire element ignored unknownTag=9 wireType=2 count=1 bytes=5 reason=no schema decoder path=elem
01:21:50 DEBUG              [MsgPush.UnknownElement] wire element ignored unknownTag=10 wireType=0 count=1 bytes=1 reason=no schema decoder path=elem.generalFlags
01:21:50 DEBUG              [MsgPush.UnknownElement] wire element ignored unknownTag=12 wireType=0 count=1 bytes=1 reason=no schema decoder path=elem.generalFlags
01:21:50 DEBUG              [MsgPush.UnknownElement] wire element ignored unknownTag=13 wireType=0 count=1 bytes=1 reason=no schema decoder path=elem.generalFlags
01:21:50 DEBUG              [MsgPush.UnknownElement] wire element ignored unknownTag=19 wireType=2 count=1 bytes=100 reason=no schema decoder path=elem.generalFlags
01:21:50 OK    [3868978960] [Event] 群 [梨小达的小屋二号(175073951)] | [僵尸天天⁧~喵‏(2160208505)]: ID:961970348 @3868978960 /help
01:21:50 DEBUG [3868978960] [Bridge.Action] send_group_msg params=group_id=175073951 message=[len=2]
01:21:50 INFO               [OneBot] 群聊 175073951 | 发送：这是命令菜单
/帮助打开这个菜单
/mod问题 反映遇到的mod问题
/筑艺坊问题 反映筑艺坊问题...
01:21:50 DEBUG              [MsgPush.UnknownElement] wire element ignored unknownTag=1 wireType=2 count=1 bytes=34 reason=no schema decoder path=body.richText
01:21:50 DEBUG              [MsgPush.UnknownElement] wire element ignored unknownTag=9 wireType=2 count=1 bytes=5 reason=no schema decoder path=elem
01:21:50 DEBUG              [MsgPush.UnknownElement] wire element ignored unknownTag=10 wireType=0 count=1 bytes=1 reason=no schema decoder path=elem.generalFlags
01:21:50 DEBUG              [MsgPush.UnknownElement] wire element ignored unknownTag=12 wireType=0 count=1 bytes=1 reason=no schema decoder path=elem.generalFlags
01:21:50 DEBUG              [MsgPush.UnknownElement] wire element ignored unknownTag=13 wireType=0 count=1 bytes=1 reason=no schema decoder path=elem.generalFlags
01:21:50 DEBUG              [MsgPush.UnknownElement] wire element ignored unknownTag=19 wireType=2 count=1 bytes=94 reason=no schema decoder path=elem.generalFlags
01:21:50 OK    [3868978960] [Event] [自身] 群 [梨小达的小屋二号(175073951)] | [(ㆀ˘･з･˘)(3868978960)]: ID:-1622327747 @2160208505 这是命令菜单
/帮助打开这个菜单
/mod问题 反映遇到的mod问题
/筑艺坊问题 反映筑艺坊问题...
01:22:03 DEBUG              [MsgPush.UnknownElement] wire element ignored unknownTag=1 wireType=2 count=1 bytes=34 reason=no schema decoder path=body.richText
01:22:03 DEBUG              [MsgPush.UnknownElement] wire element ignored unknownTag=2 wireType=2 count=1 bytes=21 reason=no schema decoder path=commonElem.msgInfo.msgInfoBody[0].hashSum
01:22:03 DEBUG              [MsgPush.UnknownElement] wire element ignored unknownTag=3 wireType=0 count=1 bytes=1 reason=no schema decoder path=commonElem.msgInfo.extBizInfo.pic.extData
01:22:03 DEBUG              [MsgPush.UnknownElement] wire element ignored unknownTag=4 wireType=0 count=1 bytes=1 reason=no schema decoder path=commonElem.msgInfo.extBizInfo.pic.extData
01:22:03 DEBUG              [MsgPush.UnknownElement] wire element ignored unknownTag=10 wireType=0 count=1 bytes=1 reason=no schema decoder path=commonElem.msgInfo.extBizInfo.pic.extData
01:22:03 DEBUG              [MsgPush.UnknownElement] wire element ignored unknownTag=12 wireType=2 count=1 bytes=1 reason=no schema decoder path=commonElem.msgInfo.extBizInfo.pic.extData
01:22:03 DEBUG              [MsgPush.UnknownElement] wire element ignored unknownTag=18 wireType=2 count=1 bytes=1 reason=no schema decoder path=commonElem.msgInfo.extBizInfo.pic.extData
01:22:03 DEBUG              [MsgPush.UnknownElement] wire element ignored unknownTag=19 wireType=2 count=1 bytes=1 reason=no schema decoder path=commonElem.msgInfo.extBizInfo.pic.extData
01:22:03 DEBUG              [MsgPush.UnknownElement] wire element ignored unknownTag=21 wireType=2 count=1 bytes=13 reason=no schema decoder path=commonElem.msgInfo.extBizInfo.pic.extData
01:22:03 DEBUG              [MsgPush.UnknownElement] wire element ignored unknownTag=30 wireType=2 count=1 bytes=87 reason=no schema decoder path=commonElem.msgInfo.extBizInfo.pic.extData
01:22:03 DEBUG              [MsgPush.UnknownElement] wire element ignored unknownTag=31 wireType=2 count=1 bytes=33 reason=no schema decoder path=commonElem.msgInfo.extBizInfo.pic.extData
01:22:03 DEBUG              [MsgPush.UnknownElement] wire element ignored unknownTag=9 wireType=2 count=1 bytes=5 reason=no schema decoder path=elem
01:22:03 DEBUG              [MsgPush.UnknownElement] wire element ignored unknownTag=10 wireType=0 count=1 bytes=1 reason=no schema decoder path=elem.generalFlags
01:22:03 DEBUG              [MsgPush.UnknownElement] wire element ignored unknownTag=12 wireType=0 count=1 bytes=1 reason=no schema decoder path=elem.generalFlags
01:22:03 DEBUG              [MsgPush.UnknownElement] wire element ignored unknownTag=13 wireType=0 count=1 bytes=1 reason=no schema decoder path=elem.generalFlags
01:22:03 DEBUG              [MsgPush.UnknownElement] wire element ignored unknownTag=19 wireType=2 count=1 bytes=97 reason=no schema decoder path=elem.generalFlags
01:22:03 OK    [3868978960] [Event] 群 [梨小达的小屋二号(175073951)] | [僵尸天天⁧~喵‏(2160208505)]: ID:-1397668557 [图片]
01:22:06 DEBUG              [MsgPush.UnknownElement] wire element ignored unknownTag=1 wireType=2 count=1 bytes=33 reason=no schema decoder path=body.richText
01:22:06 DEBUG              [MsgPush.UnknownElement] wire element ignored unknownTag=10 wireType=0 count=1 bytes=1 reason=no schema decoder path=elem.generalFlags
01:22:06 DEBUG              [MsgPush.UnknownElement] wire element ignored unknownTag=12 wireType=0 count=1 bytes=1 reason=no schema decoder path=elem.generalFlags
01:22:06 DEBUG              [MsgPush.UnknownElement] wire element ignored unknownTag=13 wireType=0 count=1 bytes=1 reason=no schema decoder path=elem.generalFlags
01:22:06 DEBUG              [MsgPush.UnknownElement] wire element ignored unknownTag=17 wireType=0 count=1 bytes=1 reason=no schema decoder path=elem.generalFlags
01:22:06 DEBUG              [MsgPush.UnknownElement] wire element ignored unknownTag=19 wireType=2 count=1 bytes=102 reason=no schema decoder path=elem.generalFlags
01:22:06 DEBUG              [MsgPush.UnknownElement] wire element ignored unknownTag=9 wireType=2 count=1 bytes=8 reason=no schema decoder path=elem
01:22:06 OK    [3868978960] [Event] 群 [梨小达的小屋二号(175073951)] | [我是梦蓝咯(3630797734)]: ID:76146724 不加@也行
01:22:20 DEBUG              [MsgPush.UnknownElement] wire element ignored unknownTag=1 wireType=2 count=1 bytes=34 reason=no schema decoder path=body.richText
01:22:20 DEBUG              [MsgPush.UnknownElement] wire element ignored unknownTag=9 wireType=2 count=1 bytes=5 reason=no schema decoder path=elem
01:22:20 DEBUG              [MsgPush.UnknownElement] wire element ignored unknownTag=10 wireType=0 count=1 bytes=1 reason=no schema decoder path=elem.generalFlags
01:22:20 DEBUG              [MsgPush.UnknownElement] wire element ignored unknownTag=12 wireType=0 count=1 bytes=1 reason=no schema decoder path=elem.generalFlags
01:22:20 DEBUG              [MsgPush.UnknownElement] wire element ignored unknownTag=13 wireType=0 count=1 bytes=1 reason=no schema decoder path=elem.generalFlags
01:22:20 DEBUG              [MsgPush.UnknownElement] wire element ignored unknownTag=19 wireType=2 count=1 bytes=98 reason=no schema decoder path=elem.generalFlags
01:22:20 OK    [3868978960] [Event] 群 [梨小达的小屋二号(175073951)] | [僵尸天天⁧~喵‏(2160208505)]: ID:-1762658904 这么厉害
01:22:20 DEBUG              [MsgPush.UnknownElement] wire element ignored unknownTag=1 wireType=2 count=1 bytes=34 reason=no schema decoder path=body.richText
01:22:20 DEBUG              [MsgPush.UnknownElement] wire element ignored unknownTag=10 wireType=0 count=1 bytes=1 reason=no schema decoder path=elem.generalFlags
01:22:20 DEBUG              [MsgPush.UnknownElement] wire element ignored unknownTag=12 wireType=0 count=1 bytes=1 reason=no schema decoder path=elem.generalFlags
01:22:20 DEBUG              [MsgPush.UnknownElement] wire element ignored unknownTag=13 wireType=0 count=1 bytes=1 reason=no schema decoder path=elem.generalFlags
01:22:20 DEBUG              [MsgPush.UnknownElement] wire element ignored unknownTag=16 wireType=0 count=1 bytes=1 reason=no schema decoder path=elem.generalFlags
01:22:20 DEBUG              [MsgPush.UnknownElement] wire element ignored unknownTag=17 wireType=0 count=1 bytes=1 reason=no schema decoder path=elem.generalFlags
01:22:20 DEBUG              [MsgPush.UnknownElement] wire element ignored unknownTag=19 wireType=2 count=1 bytes=104 reason=no schema decoder path=elem.generalFlags
01:22:20 DEBUG              [MsgPush.UnknownElement] wire element ignored unknownTag=9 wireType=2 count=1 bytes=5 reason=no schema decoder path=elem
01:22:20 DEBUG              [MsgPush.UnknownElement] wire element ignored unknownTag=2 wireType=2 count=1 bytes=21 reason=no schema decoder path=commonElem.msgInfo.msgInfoBody[0].hashSum
01:22:20 DEBUG              [MsgPush.UnknownElement] wire element ignored unknownTag=4 wireType=2 count=1 bytes=3 reason=no schema decoder path=commonElem.msgInfo.extBizInfo
01:22:20 DEBUG              [MsgPush.UnknownElement] wire element ignored unknownTag=3 wireType=0 count=1 bytes=3 reason=no schema decoder path=commonElem.msgInfo.extBizInfo.pic.extData
01:22:20 DEBUG              [MsgPush.UnknownElement] wire element ignored unknownTag=4 wireType=0 count=1 bytes=1 reason=no schema decoder path=commonElem.msgInfo.extBizInfo.pic.extData
01:22:20 DEBUG              [MsgPush.UnknownElement] wire element ignored unknownTag=10 wireType=0 count=1 bytes=1 reason=no schema decoder path=commonElem.msgInfo.extBizInfo.pic.extData
01:22:20 DEBUG              [MsgPush.UnknownElement] wire element ignored unknownTag=12 wireType=2 count=1 bytes=1 reason=no schema decoder path=commonElem.msgInfo.extBizInfo.pic.extData
01:22:20 DEBUG              [MsgPush.UnknownElement] wire element ignored unknownTag=18 wireType=2 count=1 bytes=1 reason=no schema decoder path=commonElem.msgInfo.extBizInfo.pic.extData
01:22:20 DEBUG              [MsgPush.UnknownElement] wire element ignored unknownTag=19 wireType=2 count=1 bytes=1 reason=no schema decoder path=commonElem.msgInfo.extBizInfo.pic.extData
01:22:20 DEBUG              [MsgPush.UnknownElement] wire element ignored unknownTag=21 wireType=2 count=1 bytes=13 reason=no schema decoder path=commonElem.msgInfo.extBizInfo.pic.extData
01:22:20 DEBUG              [MsgPush.UnknownElement] wire element ignored unknownTag=30 wireType=2 count=1 bytes=77 reason=no schema decoder path=commonElem.msgInfo.extBizInfo.pic.extData
01:22:20 DEBUG              [MsgPush.UnknownElement] wire element ignored unknownTag=31 wireType=2 count=1 bytes=33 reason=no schema decoder path=commonElem.msgInfo.extBizInfo.pic.extData
01:22:20 DEBUG              [MsgPush.UnknownElement] wire element ignored unknownTag=34 wireType=0 count=1 bytes=1 reason=no schema decoder path=commonElem.msgInfo.extBizInfo.pic.extData
01:22:20 OK    [3868978960] [Event] 群 [NSUK模组-用户群｜壹(1046985079)] | [狴犴(575134006)]: ID:-1663873515 [图片]
01:22:23 DEBUG              [MsgPush.UnknownElement] wire element ignored unknownTag=1 wireType=2 count=1 bytes=34 reason=no schema decoder path=body.richText
01:22:23 DEBUG              [MsgPush.UnknownElement] wire element ignored unknownTag=10 wireType=0 count=1 bytes=1 reason=no schema decoder path=elem.generalFlags
01:22:23 DEBUG              [MsgPush.UnknownElement] wire element ignored unknownTag=12 wireType=0 count=1 bytes=1 reason=no schema decoder path=elem.generalFlags
01:22:23 DEBUG              [MsgPush.UnknownElement] wire element ignored unknownTag=13 wireType=0 count=1 bytes=1 reason=no schema decoder path=elem.generalFlags
01:22:23 DEBUG              [MsgPush.UnknownElement] wire element ignored unknownTag=17 wireType=0 count=1 bytes=1 reason=no schema decoder path=elem.generalFlags
01:22:23 DEBUG              [MsgPush.UnknownElement] wire element ignored unknownTag=19 wireType=2 count=1 bytes=103 reason=no schema decoder path=elem.generalFlags
01:22:23 DEBUG              [MsgPush.UnknownElement] wire element ignored unknownTag=9 wireType=2 count=1 bytes=8 reason=no schema decoder path=elem
01:22:23 OK    [3868978960] [Event] 群 [梨小达的小屋二号(175073951)] | [我是梦蓝咯(3630797734)]: ID:1250890610 都测一遍
01:22:25 DEBUG              [MsgPush.UnknownElement] wire element ignored unknownTag=1 wireType=2 count=1 bytes=34 reason=no schema decoder path=body.richText
01:22:25 DEBUG              [MsgPush.UnknownElement] wire element ignored unknownTag=10 wireType=0 count=1 bytes=1 reason=no schema decoder path=elem.generalFlags
01:22:25 DEBUG              [MsgPush.UnknownElement] wire element ignored unknownTag=12 wireType=0 count=1 bytes=1 reason=no schema decoder path=elem.generalFlags
01:22:25 DEBUG              [MsgPush.UnknownElement] wire element ignored unknownTag=13 wireType=0 count=1 bytes=1 reason=no schema decoder path=elem.generalFlags
01:22:25 DEBUG              [MsgPush.UnknownElement] wire element ignored unknownTag=17 wireType=0 count=1 bytes=1 reason=no schema decoder path=elem.generalFlags
01:22:25 DEBUG              [MsgPush.UnknownElement] wire element ignored unknownTag=19 wireType=2 count=1 bytes=106 reason=no schema decoder path=elem.generalFlags
01:22:25 DEBUG              [MsgPush.UnknownElement] wire element ignored unknownTag=9 wireType=2 count=1 bytes=8 reason=no schema decoder path=elem
01:22:25 OK    [3868978960] [Event] 群 [梨小达的小屋二号(175073951)] | [我是梦蓝咯(3630797734)]: ID:1985179506 交给你了
01:22:29 DEBUG              [MsgPush.UnknownElement] wire element ignored unknownTag=1 wireType=2 count=1 bytes=34 reason=no schema decoder path=body.richText
01:22:29 DEBUG              [MsgPush.UnknownElement] wire element ignored unknownTag=9 wireType=2 count=1 bytes=5 reason=no schema decoder path=elem
01:22:29 DEBUG              [MsgPush.UnknownElement] wire element ignored unknownTag=10 wireType=0 count=1 bytes=1 reason=no schema decoder path=elem.generalFlags
01:22:29 DEBUG              [MsgPush.UnknownElement] wire element ignored unknownTag=12 wireType=0 count=1 bytes=1 reason=no schema decoder path=elem.generalFlags
01:22:29 DEBUG              [MsgPush.UnknownElement] wire element ignored unknownTag=13 wireType=0 count=1 bytes=1 reason=no schema decoder path=elem.generalFlags
01:22:29 DEBUG              [MsgPush.UnknownElement] wire element ignored unknownTag=19 wireType=2 count=1 bytes=97 reason=no schema decoder path=elem.generalFlags
01:22:29 OK    [3868978960] [Event] 群 [梨小达的小屋二号(175073951)] | [僵尸天天⁧~喵‏(2160208505)]: ID:639020919 6
01:22:33 DEBUG              [MsgPush.UnknownElement] wire element ignored unknownTag=1 wireType=2 count=1 bytes=34 reason=no schema decoder path=body.richText
01:22:33 DEBUG              [MsgPush.UnknownElement] wire element ignored unknownTag=9 wireType=2 count=1 bytes=5 reason=no schema decoder path=elem
01:22:33 DEBUG              [MsgPush.UnknownElement] wire element ignored unknownTag=10 wireType=0 count=1 bytes=1 reason=no schema decoder path=elem.generalFlags
01:22:33 DEBUG              [MsgPush.UnknownElement] wire element ignored unknownTag=12 wireType=0 count=1 bytes=1 reason=no schema decoder path=elem.generalFlags
01:22:33 DEBUG              [MsgPush.UnknownElement] wire element ignored unknownTag=13 wireType=0 count=1 bytes=1 reason=no schema decoder path=elem.generalFlags
01:22:33 DEBUG              [MsgPush.UnknownElement] wire element ignored unknownTag=19 wireType=2 count=1 bytes=98 reason=no schema decoder path=elem.generalFlags
01:22:33 OK    [3868978960] [Event] 群 [梨小达的小屋二号(175073951)] | [僵尸天天⁧~喵‏(2160208505)]: ID:585198163 这个要钱吗
01:22:37 DEBUG              [MsgPush.UnknownElement] wire element ignored unknownTag=1 wireType=2 count=1 bytes=34 reason=no schema decoder path=body.richText
01:22:37 DEBUG              [MsgPush.UnknownElement] wire element ignored unknownTag=10 wireType=0 count=1 bytes=1 reason=no schema decoder path=elem.generalFlags
01:22:37 DEBUG              [MsgPush.UnknownElement] wire element ignored unknownTag=12 wireType=0 count=1 bytes=1 reason=no schema decoder path=elem.generalFlags
01:22:37 DEBUG              [MsgPush.UnknownElement] wire element ignored unknownTag=13 wireType=0 count=1 bytes=1 reason=no schema decoder path=elem.generalFlags
01:22:37 DEBUG              [MsgPush.UnknownElement] wire element ignored unknownTag=17 wireType=0 count=1 bytes=1 reason=no schema decoder path=elem.generalFlags
01:22:37 DEBUG              [MsgPush.UnknownElement] wire element ignored unknownTag=19 wireType=2 count=1 bytes=106 reason=no schema decoder path=elem.generalFlags
01:22:37 DEBUG              [MsgPush.UnknownElement] wire element ignored unknownTag=9 wireType=2 count=1 bytes=8 reason=no schema decoder path=elem
01:22:37 OK    [3868978960] [Event] 群 [梨小达的小屋二号(175073951)] | [我是梦蓝咯(3630797734)]: ID:1326635068 /帮助
01:22:37 DEBUG [3868978960] [Bridge.Action] send_group_msg params=group_id=175073951 message=[len=2]
01:22:37 INFO               [OneBot] 群聊 175073951 | 发送：这是命令菜单
/帮助打开这个菜单
/mod问题 反映遇到的mod问题
/筑艺坊问题 反映筑艺坊问题...
01:22:38 DEBUG              [MsgPush.UnknownElement] wire element ignored unknownTag=1 wireType=2 count=1 bytes=34 reason=no schema decoder path=body.richText
01:22:38 DEBUG              [MsgPush.UnknownElement] wire element ignored unknownTag=9 wireType=2 count=1 bytes=5 reason=no schema decoder path=elem
01:22:38 DEBUG              [MsgPush.UnknownElement] wire element ignored unknownTag=10 wireType=0 count=1 bytes=1 reason=no schema decoder path=elem.generalFlags
01:22:38 DEBUG              [MsgPush.UnknownElement] wire element ignored unknownTag=12 wireType=0 count=1 bytes=1 reason=no schema decoder path=elem.generalFlags
01:22:38 DEBUG              [MsgPush.UnknownElement] wire element ignored unknownTag=13 wireType=0 count=1 bytes=1 reason=no schema decoder path=elem.generalFlags
01:22:38 DEBUG              [MsgPush.UnknownElement] wire element ignored unknownTag=19 wireType=2 count=1 bytes=94 reason=no schema decoder path=elem.generalFlags
01:22:38 OK    [3868978960] [Event] [自身] 群 [梨小达的小屋二号(175073951)] | [(ㆀ˘･з･˘)(3868978960)]: ID:-1571068761 @3630797734 这是命令菜单
/帮助打开这个菜单
/mod问题 反映遇到的mod问题
/筑艺坊问题 反映筑艺坊问题...
01:22:47 INFO  [3868978960] [Event] 入群 1239525489 加入 [NSUK模组-用户群｜壹(1046985079)]
01:22:47 DEBUG              [MsgPush.UnknownElement] wire element ignored unknownTag=1 wireType=2 count=1 bytes=34 reason=no schema decoder path=body.richText
01:22:47 DEBUG              [MsgPush.UnknownElement] wire element ignored unknownTag=10 wireType=0 count=1 bytes=1 reason=no schema decoder path=elem.generalFlags
01:22:47 DEBUG              [MsgPush.UnknownElement] wire element ignored unknownTag=12 wireType=0 count=1 bytes=1 reason=no schema decoder path=elem.generalFlags
01:22:47 DEBUG              [MsgPush.UnknownElement] wire element ignored unknownTag=13 wireType=0 count=1 bytes=1 reason=no schema decoder path=elem.generalFlags
01:22:47 DEBUG              [MsgPush.UnknownElement] wire element ignored unknownTag=17 wireType=0 count=1 bytes=1 reason=no schema decoder path=elem.generalFlags
01:22:47 DEBUG              [MsgPush.UnknownElement] wire element ignored unknownTag=19 wireType=2 count=1 bytes=93 reason=no schema decoder path=elem.generalFlags
01:22:47 DEBUG              [MsgPush.UnknownElement] wire element ignored unknownTag=9 wireType=2 count=1 bytes=7 reason=no schema decoder path=elem
01:22:47 OK    [3868978960] [Event] 群 [NSUK模组-用户群｜壹(1046985079)] | [Q群管家(2854196310)]: ID:-467334889 @1239525489 [空消息] NSUK为精神续作，整合包相关问题不要在该群提问，提问前必须看群公告和小亮的视频，赞助可加内测用户群 [图片]
01:22:48 DEBUG [3868978960] [Bridge] member cache refreshed: group=1046985079 reason=group_member_join
01:23:01 DEBUG              [MsgPush.UnknownElement] wire element ignored unknownTag=1 wireType=2 count=1 bytes=34 reason=no schema decoder path=body.richText
01:23:01 DEBUG              [MsgPush.UnknownElement] wire element ignored unknownTag=10 wireType=0 count=1 bytes=1 reason=no schema decoder path=elem.generalFlags
01:23:01 DEBUG              [MsgPush.UnknownElement] wire element ignored unknownTag=12 wireType=0 count=1 bytes=1 reason=no schema decoder path=elem.generalFlags
01:23:01 DEBUG              [MsgPush.UnknownElement] wire element ignored unknownTag=13 wireType=0 count=1 bytes=1 reason=no schema decoder path=elem.generalFlags
01:23:01 DEBUG              [MsgPush.UnknownElement] wire element ignored unknownTag=17 wireType=0 count=1 bytes=1 reason=no schema decoder path=elem.generalFlags
01:23:01 DEBUG              [MsgPush.UnknownElement] wire element ignored unknownTag=19 wireType=2 count=1 bytes=106 reason=no schema decoder path=elem.generalFlags
01:23:01 DEBUG              [MsgPush.UnknownElement] wire element ignored unknownTag=9 wireType=2 count=1 bytes=8 reason=no schema decoder path=elem
01:23:01 DEBUG              [MsgPush.UnknownElement] wire element ignored unknownTag=11 wireType=0 count=1 bytes=1 reason=no schema decoder path=text.pbReserve
01:23:01 DEBUG              [MsgPush.UnknownElement] wire element ignored unknownTag=11 wireType=0 count=1 bytes=1 reason=no schema decoder path=text.pbReserve
01:23:01 DEBUG              [MsgPush.UnknownElement] wire element ignored unknownTag=2 wireType=2 count=1 bytes=21 reason=no schema decoder path=commonElem.msgInfo.msgInfoBody[0].hashSum
01:23:01 DEBUG              [MsgPush.UnknownElement] wire element ignored unknownTag=4 wireType=2 count=1 bytes=3 reason=no schema decoder path=commonElem.msgInfo.extBizInfo
01:23:01 OK    [3868978960] [Event] 群 [梨小达的小屋二号(175073951)] | [我是梦蓝咯(3630797734)]: ID:597681587 [回复 [僵尸天天⁧~喵‏(2160208505)]: 这个要钱吗] @2160208505 [空消息] [图片]
01:23:01 DEBUG [3868978960] [Bridge.Action] get_msg params=message_id=585198163
01:23:02 DEBUG              [MsgPush.UnknownElement] wire element ignored unknownTag=1 wireType=2 count=1 bytes=34 reason=no schema decoder path=body.richText
01:23:02 DEBUG              [MsgPush.UnknownElement] wire element ignored unknownTag=10 wireType=0 count=1 bytes=1 reason=no schema decoder path=elem.generalFlags
01:23:02 DEBUG              [MsgPush.UnknownElement] wire element ignored unknownTag=12 wireType=0 count=1 bytes=1 reason=no schema decoder path=elem.generalFlags
01:23:02 DEBUG              [MsgPush.UnknownElement] wire element ignored unknownTag=13 wireType=0 count=1 bytes=1 reason=no schema decoder path=elem.generalFlags
01:23:02 DEBUG              [MsgPush.UnknownElement] wire element ignored unknownTag=17 wireType=0 count=1 bytes=1 reason=no schema decoder path=elem.generalFlags
01:23:02 DEBUG              [MsgPush.UnknownElement] wire element ignored unknownTag=19 wireType=2 count=1 bytes=105 reason=no schema decoder path=elem.generalFlags
01:23:02 DEBUG              [MsgPush.UnknownElement] wire element ignored unknownTag=9 wireType=2 count=1 bytes=8 reason=no schema decoder path=elem
01:23:02 OK    [3868978960] [Event] 群 [梨小达的小屋二号(175073951)] | [我是梦蓝咯(3630797734)]: ID:-1002446584 不要
01:23:11 DEBUG              [MsgPush.UnknownElement] wire element ignored unknownTag=1 wireType=2 count=1 bytes=34 reason=no schema decoder path=body.richText
01:23:11 DEBUG              [MsgPush.UnknownElement] wire element ignored unknownTag=10 wireType=0 count=1 bytes=1 reason=no schema decoder path=elem.generalFlags
01:23:11 DEBUG              [MsgPush.UnknownElement] wire element ignored unknownTag=12 wireType=0 count=1 bytes=1 reason=no schema decoder path=elem.generalFlags
01:23:11 DEBUG              [MsgPush.UnknownElement] wire element ignored unknownTag=13 wireType=0 count=1 bytes=1 reason=no schema decoder path=elem.generalFlags
01:23:11 DEBUG              [MsgPush.UnknownElement] wire element ignored unknownTag=17 wireType=0 count=1 bytes=1 reason=no schema decoder path=elem.generalFlags
01:23:11 DEBUG              [MsgPush.UnknownElement] wire element ignored unknownTag=19 wireType=2 count=1 bytes=103 reason=no schema decoder path=elem.generalFlags
01:23:11 DEBUG              [MsgPush.UnknownElement] wire element ignored unknownTag=9 wireType=2 count=1 bytes=8 reason=no schema decoder path=elem
01:23:11 OK    [3868978960] [Event] 群 [梨小达的小屋二号(175073951)] | [我是梦蓝咯(3630797734)]: ID:312974195 专门写的离线模式
01:23:19 DEBUG              [MsgPush.UnknownElement] wire element ignored unknownTag=1 wireType=2 count=1 bytes=34 reason=no schema decoder path=body.richText
01:23:19 DEBUG              [MsgPush.UnknownElement] wire element ignored unknownTag=2 wireType=2 count=1 bytes=21 reason=no schema decoder path=commonElem.msgInfo.msgInfoBody[0].hashSum
01:23:19 DEBUG              [MsgPush.UnknownElement] wire element ignored unknownTag=3 wireType=0 count=1 bytes=1 reason=no schema decoder path=commonElem.msgInfo.extBizInfo.pic.extData
01:23:19 DEBUG              [MsgPush.UnknownElement] wire element ignored unknownTag=4 wireType=0 count=1 bytes=1 reason=no schema decoder path=commonElem.msgInfo.extBizInfo.pic.extData
01:23:19 DEBUG              [MsgPush.UnknownElement] wire element ignored unknownTag=10 wireType=0 count=1 bytes=1 reason=no schema decoder path=commonElem.msgInfo.extBizInfo.pic.extData
01:23:19 DEBUG              [MsgPush.UnknownElement] wire element ignored unknownTag=12 wireType=2 count=1 bytes=1 reason=no schema decoder path=commonElem.msgInfo.extBizInfo.pic.extData
01:23:19 DEBUG              [MsgPush.UnknownElement] wire element ignored unknownTag=18 wireType=2 count=1 bytes=1 reason=no schema decoder path=commonElem.msgInfo.extBizInfo.pic.extData
01:23:19 DEBUG              [MsgPush.UnknownElement] wire element ignored unknownTag=19 wireType=2 count=1 bytes=1 reason=no schema decoder path=commonElem.msgInfo.extBizInfo.pic.extData
01:23:19 DEBUG              [MsgPush.UnknownElement] wire element ignored unknownTag=21 wireType=2 count=1 bytes=13 reason=no schema decoder path=commonElem.msgInfo.extBizInfo.pic.extData
01:23:19 DEBUG              [MsgPush.UnknownElement] wire element ignored unknownTag=30 wireType=2 count=1 bytes=87 reason=no schema decoder path=commonElem.msgInfo.extBizInfo.pic.extData
01:23:19 DEBUG              [MsgPush.UnknownElement] wire element ignored unknownTag=31 wireType=2 count=1 bytes=33 reason=no schema decoder path=commonElem.msgInfo.extBizInfo.pic.extData
01:23:19 DEBUG              [MsgPush.UnknownElement] wire element ignored unknownTag=9 wireType=2 count=1 bytes=3 reason=no schema decoder path=elem
01:23:19 DEBUG              [MsgPush.UnknownElement] wire element ignored unknownTag=10 wireType=0 count=1 bytes=1 reason=no schema decoder path=elem.generalFlags
01:23:19 DEBUG              [MsgPush.UnknownElement] wire element ignored unknownTag=12 wireType=0 count=1 bytes=1 reason=no schema decoder path=elem.generalFlags
01:23:19 DEBUG              [MsgPush.UnknownElement] wire element ignored unknownTag=13 wireType=0 count=1 bytes=1 reason=no schema decoder path=elem.generalFlags
01:23:19 DEBUG              [MsgPush.UnknownElement] wire element ignored unknownTag=19 wireType=2 count=1 bytes=98 reason=no schema decoder path=elem.generalFlags
01:23:19 OK    [3868978960] [Event] 群 [梨小达的小屋二号(175073951)] | [僵尸天天⁧~喵‏(2160208505)]: ID:-1970116181 [图片]
01:24:01 DEBUG              [MsgPush.UnknownElement] wire element ignored unknownTag=1 wireType=2 count=1 bytes=34 reason=no schema decoder path=body.richText
01:24:01 DEBUG              [MsgPush.UnknownElement] wire element ignored unknownTag=10 wireType=0 count=1 bytes=1 reason=no schema decoder path=elem.generalFlags
01:24:01 DEBUG              [MsgPush.UnknownElement] wire element ignored unknownTag=12 wireType=0 count=1 bytes=1 reason=no schema decoder path=elem.generalFlags
01:24:01 DEBUG              [MsgPush.UnknownElement] wire element ignored unknownTag=13 wireType=0 count=1 bytes=1 reason=no schema decoder path=elem.generalFlags
01:24:01 DEBUG              [MsgPush.UnknownElement] wire element ignored unknownTag=17 wireType=0 count=1 bytes=1 reason=no schema decoder path=elem.generalFlags
01:24:01 DEBUG              [MsgPush.UnknownElement] wire element ignored unknownTag=19 wireType=2 count=1 bytes=105 reason=no schema decoder path=elem.generalFlags
01:24:01 DEBUG              [MsgPush.UnknownElement] wire element ignored unknownTag=9 wireType=2 count=1 bytes=8 reason=no schema decoder path=elem
01:24:01 OK    [3868978960] [Event] 群 [梨小达的小屋二号(175073951)] | [我是梦蓝咯(3630797734)]: ID:1220720546 唯一缺点
01:24:03 DEBUG              [MsgPush.UnknownElement] wire element ignored unknownTag=1 wireType=2 count=1 bytes=34 reason=no schema decoder path=body.richText
01:24:03 DEBUG              [MsgPush.UnknownElement] wire element ignored unknownTag=10 wireType=0 count=1 bytes=1 reason=no schema decoder path=elem.generalFlags
01:24:03 DEBUG              [MsgPush.UnknownElement] wire element ignored unknownTag=12 wireType=0 count=1 bytes=1 reason=no schema decoder path=elem.generalFlags
01:24:03 DEBUG              [MsgPush.UnknownElement] wire element ignored unknownTag=13 wireType=0 count=1 bytes=1 reason=no schema decoder path=elem.generalFlags
01:24:03 DEBUG              [MsgPush.UnknownElement] wire element ignored unknownTag=17 wireType=0 count=1 bytes=1 reason=no schema decoder path=elem.generalFlags
01:24:03 DEBUG              [MsgPush.UnknownElement] wire element ignored unknownTag=19 wireType=2 count=1 bytes=103 reason=no schema decoder path=elem.generalFlags
01:24:03 DEBUG              [MsgPush.UnknownElement] wire element ignored unknownTag=9 wireType=2 count=1 bytes=6 reason=no schema decoder path=elem
01:24:03 DEBUG              [MsgPush.UnknownElement] wire element ignored unknownTag=2 wireType=2 count=1 bytes=21 reason=no schema decoder path=commonElem.msgInfo.msgInfoBody[0].hashSum
01:24:03 DEBUG              [MsgPush.UnknownElement] wire element ignored unknownTag=4 wireType=2 count=1 bytes=3 reason=no schema decoder path=commonElem.msgInfo.extBizInfo
01:24:03 OK    [3868978960] [Event] 群 [梨小达的小屋二号(175073951)] | [我是梦蓝咯(3630797734)]: ID:1687855149 [图片]
01:24:09 DEBUG              [MsgPush.UnknownElement] wire element ignored unknownTag=1 wireType=2 count=1 bytes=34 reason=no schema decoder path=body.richText
01:24:09 DEBUG              [MsgPush.UnknownElement] wire element ignored unknownTag=10 wireType=0 count=1 bytes=1 reason=no schema decoder path=elem.generalFlags
01:24:09 DEBUG              [MsgPush.UnknownElement] wire element ignored unknownTag=12 wireType=0 count=1 bytes=1 reason=no schema decoder path=elem.generalFlags
01:24:09 DEBUG              [MsgPush.UnknownElement] wire element ignored unknownTag=13 wireType=0 count=1 bytes=1 reason=no schema decoder path=elem.generalFlags
01:24:09 DEBUG              [MsgPush.UnknownElement] wire element ignored unknownTag=17 wireType=0 count=1 bytes=1 reason=no schema decoder path=elem.generalFlags
01:24:09 DEBUG              [MsgPush.UnknownElement] wire element ignored unknownTag=19 wireType=2 count=1 bytes=106 reason=no schema decoder path=elem.generalFlags
01:24:09 DEBUG              [MsgPush.UnknownElement] wire element ignored unknownTag=9 wireType=2 count=1 bytes=8 reason=no schema decoder path=elem
01:24:09 OK    [3868978960] [Event] 群 [梨小达的小屋二号(175073951)] | [我是梦蓝咯(3630797734)]: ID:-999666076 特殊符号识别不到
01:24:14 DEBUG              [MsgPush.UnknownElement] wire element ignored unknownTag=1 wireType=2 count=1 bytes=34 reason=no schema decoder path=body.richText
01:24:14 DEBUG              [MsgPush.UnknownElement] wire element ignored unknownTag=10 wireType=0 count=1 bytes=1 reason=no schema decoder path=elem.generalFlags
01:24:14 DEBUG              [MsgPush.UnknownElement] wire element ignored unknownTag=12 wireType=0 count=1 bytes=1 reason=no schema decoder path=elem.generalFlags
01:24:14 DEBUG              [MsgPush.UnknownElement] wire element ignored unknownTag=13 wireType=0 count=1 bytes=1 reason=no schema decoder path=elem.generalFlags
01:24:14 DEBUG              [MsgPush.UnknownElement] wire element ignored unknownTag=17 wireType=0 count=1 bytes=1 reason=no schema decoder path=elem.generalFlags
01:24:14 DEBUG              [MsgPush.UnknownElement] wire element ignored unknownTag=19 wireType=2 count=1 bytes=105 reason=no schema decoder path=elem.generalFlags
01:24:14 DEBUG              [MsgPush.UnknownElement] wire element ignored unknownTag=9 wireType=2 count=1 bytes=8 reason=no schema decoder path=elem
01:24:14 OK    [3868978960] [Event] 群 [梨小达的小屋二号(175073951)] | [我是梦蓝咯(3630797734)]: ID:-1893641766 绘制不了
01:26:09 DEBUG              [MsgPush.UnknownElement] wire element ignored unknownTag=1 wireType=2 count=1 bytes=34 reason=no schema decoder path=body.richText
01:26:09 DEBUG              [MsgPush.UnknownElement] wire element ignored unknownTag=10 wireType=0 count=1 bytes=1 reason=no schema decoder path=elem.generalFlags
01:26:09 DEBUG              [MsgPush.UnknownElement] wire element ignored unknownTag=12 wireType=0 count=1 bytes=1 reason=no schema decoder path=elem.generalFlags
01:26:09 DEBUG              [MsgPush.UnknownElement] wire element ignored unknownTag=13 wireType=0 count=1 bytes=1 reason=no schema decoder path=elem.generalFlags
01:26:09 DEBUG              [MsgPush.UnknownElement] wire element ignored unknownTag=17 wireType=0 count=1 bytes=1 reason=no schema decoder path=elem.generalFlags
01:26:09 DEBUG              [MsgPush.UnknownElement] wire element ignored unknownTag=19 wireType=2 count=1 bytes=103 reason=no schema decoder path=elem.generalFlags
01:26:09 DEBUG              [MsgPush.UnknownElement] wire element ignored unknownTag=9 wireType=2 count=1 bytes=8 reason=no schema decoder path=elem
01:26:09 DEBUG              [MsgPush.UnknownElement] wire element ignored unknownTag=11 wireType=0 count=1 bytes=1 reason=no schema decoder path=text.pbReserve
01:26:09 OK    [3868978960] [Event] 群 [梨小达的小屋二号(175073951)] | [我是梦蓝咯(3630797734)]: ID:-560875430 @2160208505 没几个指令
01:26:09 DEBUG [3868978960] [Bridge.Action] get_group_member_info params=group_id=175073951 user_id=2160208505
01:26:11 DEBUG              [MsgPush.UnknownElement] wire element ignored unknownTag=1 wireType=2 count=1 bytes=34 reason=no schema decoder path=body.richText
01:26:11 DEBUG              [MsgPush.UnknownElement] wire element ignored unknownTag=10 wireType=0 count=1 bytes=1 reason=no schema decoder path=elem.generalFlags
01:26:11 DEBUG              [MsgPush.UnknownElement] wire element ignored unknownTag=12 wireType=0 count=1 bytes=1 reason=no schema decoder path=elem.generalFlags
01:26:11 DEBUG              [MsgPush.UnknownElement] wire element ignored unknownTag=13 wireType=0 count=1 bytes=1 reason=no schema decoder path=elem.generalFlags
01:26:11 DEBUG              [MsgPush.UnknownElement] wire element ignored unknownTag=17 wireType=0 count=1 bytes=1 reason=no schema decoder path=elem.generalFlags
01:26:11 DEBUG              [MsgPush.UnknownElement] wire element ignored unknownTag=19 wireType=2 count=1 bytes=103 reason=no schema decoder path=elem.generalFlags
01:26:11 DEBUG              [MsgPush.UnknownElement] wire element ignored unknownTag=9 wireType=2 count=1 bytes=8 reason=no schema decoder path=elem
01:26:11 OK    [3868978960] [Event] 群 [梨小达的小屋二号(175073951)] | [我是梦蓝咯(3630797734)]: ID:1453847094 测!
01:26:33 DEBUG              [MsgPush.UnknownElement] wire element ignored unknownTag=1 wireType=2 count=1 bytes=34 reason=no schema decoder path=body.richText
01:26:33 DEBUG              [MsgPush.UnknownElement] wire element ignored unknownTag=10 wireType=0 count=1 bytes=1 reason=no schema decoder path=elem.generalFlags
01:26:33 DEBUG              [MsgPush.UnknownElement] wire element ignored unknownTag=12 wireType=0 count=1 bytes=1 reason=no schema decoder path=elem.generalFlags
01:26:33 DEBUG              [MsgPush.UnknownElement] wire element ignored unknownTag=13 wireType=0 count=1 bytes=1 reason=no schema decoder path=elem.generalFlags
01:26:33 DEBUG              [MsgPush.UnknownElement] wire element ignored unknownTag=17 wireType=0 count=1 bytes=1 reason=no schema decoder path=elem.generalFlags
01:26:33 DEBUG              [MsgPush.UnknownElement] wire element ignored unknownTag=19 wireType=2 count=1 bytes=102 reason=no schema decoder path=elem.generalFlags
01:26:33 DEBUG              [MsgPush.UnknownElement] wire element ignored unknownTag=9 wireType=2 count=1 bytes=6 reason=no schema decoder path=elem
01:26:33 DEBUG              [MsgPush.UnknownElement] wire element ignored unknownTag=2 wireType=2 count=1 bytes=21 reason=no schema decoder path=commonElem.msgInfo.msgInfoBody[0].hashSum
01:26:33 DEBUG              [MsgPush.UnknownElement] wire element ignored unknownTag=4 wireType=2 count=1 bytes=3 reason=no schema decoder path=commonElem.msgInfo.extBizInfo
01:26:33 OK    [3868978960] [Event] 群 [梨小达的小屋二号(175073951)] | [我是梦蓝咯(3630797734)]: ID:-878546061 [图片]
01:26:51 DEBUG              [MsgPush.UnknownElement] wire element ignored unknownTag=1 wireType=2 count=1 bytes=34 reason=no schema decoder path=body.richText
01:26:51 DEBUG              [MsgPush.UnknownElement] wire element ignored unknownTag=10 wireType=0 count=1 bytes=1 reason=no schema decoder path=elem.generalFlags
01:26:51 DEBUG              [MsgPush.UnknownElement] wire element ignored unknownTag=12 wireType=0 count=1 bytes=1 reason=no schema decoder path=elem.generalFlags
01:26:51 DEBUG              [MsgPush.UnknownElement] wire element ignored unknownTag=13 wireType=0 count=1 bytes=1 reason=no schema decoder path=elem.generalFlags
01:26:51 DEBUG              [MsgPush.UnknownElement] wire element ignored unknownTag=17 wireType=0 count=1 bytes=1 reason=no schema decoder path=elem.generalFlags
01:26:51 DEBUG              [MsgPush.UnknownElement] wire element ignored unknownTag=19 wireType=2 count=1 bytes=103 reason=no schema decoder path=elem.generalFlags
01:26:51 DEBUG              [MsgPush.UnknownElement] wire element ignored unknownTag=9 wireType=2 count=1 bytes=8 reason=no schema decoder path=elem
01:26:51 OK    [3868978960] [Event] 群 [梨小达的小屋二号(175073951)] | [我是梦蓝咯(3630797734)]: ID:179659505 \u200B
01:26:56 WARN               [App] Shutting down (SIGINT)...
01:26:56 INFO  [3868978960] [Bridge.Action] Action ingress quiesced
01:27:16 INFO               [App] SnowLuma starting
01:27:16 INFO               [WebUI] login rate-limit keyed by: socket peer (default)
01:27:16 INFO               [WebUI] listening http://127.0.0.1:5099
01:27:16 DEBUG              [Bridge] session started: UIN=3868978960
01:27:16 OK                 [Hook] login detected: PID=14468 UIN=3868978960
01:27:16 INFO               [SysFace] system face catalog restored: entries=393 uniqueFaces=357 overlaps=36 packs=11 fetchedAt=1790086062488 elapsedMs=7
01:27:16 INFO               [Hook] pipe connected: PID=14468
01:27:16 INFO               [Bridge] friends loaded: UIN=3868978960 count=2
01:27:16 DEBUG              [Bridge] self info: UIN=3868978960 uid=u_jZJgPsdnXIKKkbBRm7oOyQ nickname=(ㆀ˘･з･˘)
01:27:16 INFO               [OneBot] session started: UIN=3868978960
01:27:16 OK    [3868978960] [OneBot.HTTP] [http-default] listening 127.0.0.1:3000/
01:27:16 OK    [3868978960] [OneBot.WS-Server] [ws-default] listening 127.0.0.1:3001/
01:27:16 INFO               [OneBot] network startup applied: UIN=3868978960 adapters=2
01:27:16 INFO               [SysFace] system face catalog refreshed: entries=393 uniqueFaces=357 overlaps=36 packs=11 elapsedMs=216
01:27:17 INFO               [OneBot] rkeys loaded: UIN=3868978960 count=2
01:27:17 INFO               [Bridge] groups loaded: UIN=3868978960 count=3
01:27:17 INFO               [Bridge.Contacts] loaded robot UIN ranges uin=3868978960 version=206 count=5
01:27:19 INFO               [Bridge] member warmup completed: UIN=3868978960 groups=3/3 members=4152 failed=0
01:27:19 DEBUG [3868978960] [Event] login history sync disabled for this account lifecycle
01:27:23 DEBUG [3868978960] [Bridge.Action] get_login_info params=
01:27:23 DEBUG [3868978960] [Bridge.Action] fetch_custom_face_detail params=count=100
01:27:30 DEBUG              [MsgPush.UnknownElement] wire element ignored unknownTag=1 wireType=2 count=1 bytes=34 reason=no schema decoder path=body.richText
01:27:30 DEBUG              [MsgPush.UnknownElement] wire element ignored unknownTag=9 wireType=2 count=1 bytes=5 reason=no schema decoder path=elem
01:27:30 DEBUG              [MsgPush.UnknownElement] wire element ignored unknownTag=10 wireType=0 count=1 bytes=1 reason=no schema decoder path=elem.generalFlags
01:27:30 DEBUG              [MsgPush.UnknownElement] wire element ignored unknownTag=12 wireType=0 count=1 bytes=1 reason=no schema decoder path=elem.generalFlags
01:27:30 DEBUG              [MsgPush.UnknownElement] wire element ignored unknownTag=13 wireType=0 count=1 bytes=1 reason=no schema decoder path=elem.generalFlags
01:27:30 DEBUG              [MsgPush.UnknownElement] wire element ignored unknownTag=19 wireType=2 count=1 bytes=100 reason=no schema decoder path=elem.generalFlags
01:27:30 OK    [3868978960] [Event] 群 [梨小达的小屋二号(175073951)] | [僵尸天天⁧~喵‏(2160208505)]: ID:-1114940092 /帮助
01:27:30 DEBUG [3868978960] [Bridge.Action] send_group_msg params=group_id=175073951 message=[len=2]
01:27:30 INFO               [OneBot] 群聊 175073951 | 发送：这是命令菜单
/帮助打开这个菜单
/mod问题 反映遇到的mod问题
/筑艺坊问题 反映筑艺坊问题...
01:27:30 DEBUG              [MsgPush.UnknownElement] wire element ignored unknownTag=1 wireType=2 count=1 bytes=34 reason=no schema decoder path=body.richText
01:27:30 DEBUG              [MsgPush.UnknownElement] wire element ignored unknownTag=9 wireType=2 count=1 bytes=5 reason=no schema decoder path=elem
01:27:30 DEBUG              [MsgPush.UnknownElement] wire element ignored unknownTag=10 wireType=0 count=1 bytes=1 reason=no schema decoder path=elem.generalFlags
01:27:30 DEBUG              [MsgPush.UnknownElement] wire element ignored unknownTag=12 wireType=0 count=1 bytes=1 reason=no schema decoder path=elem.generalFlags
01:27:30 DEBUG              [MsgPush.UnknownElement] wire element ignored unknownTag=13 wireType=0 count=1 bytes=1 reason=no schema decoder path=elem.generalFlags
01:27:30 DEBUG              [MsgPush.UnknownElement] wire element ignored unknownTag=19 wireType=2 count=1 bytes=94 reason=no schema decoder path=elem.generalFlags
01:27:30 OK    [3868978960] [Event] [自身] 群 [梨小达的小屋二号(175073951)] | [(ㆀ˘･з･˘)(3868978960)]: ID:-1149560050 @2160208505 这是命令菜单
/帮助打开这个菜单
/mod问题 反映遇到的mod问题
/筑艺坊问题 反映筑艺坊问题...
01:27:36 DEBUG              [MsgPush.UnknownElement] wire element ignored unknownTag=1 wireType=2 count=1 bytes=34 reason=no schema decoder path=body.richText
01:27:36 DEBUG              [MsgPush.UnknownElement] wire element ignored unknownTag=9 wireType=2 count=1 bytes=5 reason=no schema decoder path=elem
01:27:36 DEBUG              [MsgPush.UnknownElement] wire element ignored unknownTag=10 wireType=0 count=1 bytes=1 reason=no schema decoder path=elem.generalFlags
01:27:36 DEBUG              [MsgPush.UnknownElement] wire element ignored unknownTag=12 wireType=0 count=1 bytes=1 reason=no schema decoder path=elem.generalFlags
01:27:36 DEBUG              [MsgPush.UnknownElement] wire element ignored unknownTag=13 wireType=0 count=1 bytes=1 reason=no schema decoder path=elem.generalFlags
01:27:36 DEBUG              [MsgPush.UnknownElement] wire element ignored unknownTag=19 wireType=2 count=1 bytes=100 reason=no schema decoder path=elem.generalFlags
01:27:36 OK    [3868978960] [Event] 群 [梨小达的小屋二号(175073951)] | [僵尸天天⁧~喵‏(2160208505)]: ID:677228504 /mod
01:27:40 DEBUG              [MsgPush.UnknownElement] wire element ignored unknownTag=1 wireType=2 count=1 bytes=34 reason=no schema decoder path=body.richText
01:27:40 DEBUG              [MsgPush.UnknownElement] wire element ignored unknownTag=9 wireType=2 count=1 bytes=5 reason=no schema decoder path=elem
01:27:40 DEBUG              [MsgPush.UnknownElement] wire element ignored unknownTag=10 wireType=0 count=1 bytes=1 reason=no schema decoder path=elem.generalFlags
01:27:40 DEBUG              [MsgPush.UnknownElement] wire element ignored unknownTag=12 wireType=0 count=1 bytes=1 reason=no schema decoder path=elem.generalFlags
01:27:40 DEBUG              [MsgPush.UnknownElement] wire element ignored unknownTag=13 wireType=0 count=1 bytes=1 reason=no schema decoder path=elem.generalFlags
01:27:40 DEBUG              [MsgPush.UnknownElement] wire element ignored unknownTag=19 wireType=2 count=1 bytes=100 reason=no schema decoder path=elem.generalFlags
01:27:40 OK    [3868978960] [Event] 群 [梨小达的小屋二号(175073951)] | [僵尸天天⁧~喵‏(2160208505)]: ID:-890755 /mod问题
01:27:40 DEBUG [3868978960] [Bridge.Action] send_group_msg params=group_id=175073951 message=[len=2]
01:27:41 INFO               [OneBot] 群聊 175073951 | 发送：mod问题请详细描述,描述格式:
艾特一位常驻工程师(常驻:咖啡 梦蓝 小亮)
所使用的游戏版本:...
01:27:41 DEBUG              [MsgPush.UnknownElement] wire element ignored unknownTag=1 wireType=2 count=1 bytes=33 reason=no schema decoder path=body.richText
01:27:41 DEBUG              [MsgPush.UnknownElement] wire element ignored unknownTag=9 wireType=2 count=1 bytes=5 reason=no schema decoder path=elem
01:27:41 DEBUG              [MsgPush.UnknownElement] wire element ignored unknownTag=10 wireType=0 count=1 bytes=1 reason=no schema decoder path=elem.generalFlags
01:27:41 DEBUG              [MsgPush.UnknownElement] wire element ignored unknownTag=12 wireType=0 count=1 bytes=1 reason=no schema decoder path=elem.generalFlags
01:27:41 DEBUG              [MsgPush.UnknownElement] wire element ignored unknownTag=13 wireType=0 count=1 bytes=1 reason=no schema decoder path=elem.generalFlags
01:27:41 DEBUG              [MsgPush.UnknownElement] wire element ignored unknownTag=19 wireType=2 count=1 bytes=93 reason=no schema decoder path=elem.generalFlags
01:27:41 OK    [3868978960] [Event] [自身] 群 [梨小达的小屋二号(175073951)] | [(ㆀ˘･з･˘)(3868978960)]: ID:771404197 @2160208505 mod问题请详细描述,描述格式:
艾特一位常驻工程师(常驻:咖啡 梦蓝 小亮)
所使用的游戏版本:...
01:28:16 DEBUG              [MsgPush.UnknownElement] wire element ignored unknownTag=1 wireType=2 count=1 bytes=34 reason=no schema decoder path=body.richText
01:28:16 DEBUG              [MsgPush.UnknownElement] wire element ignored unknownTag=9 wireType=2 count=1 bytes=5 reason=no schema decoder path=elem
01:28:16 DEBUG              [MsgPush.UnknownElement] wire element ignored unknownTag=10 wireType=0 count=1 bytes=1 reason=no schema decoder path=elem.generalFlags
01:28:16 DEBUG              [MsgPush.UnknownElement] wire element ignored unknownTag=12 wireType=0 count=1 bytes=1 reason=no schema decoder path=elem.generalFlags
01:28:16 DEBUG              [MsgPush.UnknownElement] wire element ignored unknownTag=13 wireType=0 count=1 bytes=1 reason=no schema decoder path=elem.generalFlags
01:28:16 DEBUG              [MsgPush.UnknownElement] wire element ignored unknownTag=19 wireType=2 count=1 bytes=100 reason=no schema decoder path=elem.generalFlags
01:28:16 OK    [3868978960] [Event] 群 [梨小达的小屋二号(175073951)] | [僵尸天天⁧~喵‏(2160208505)]: ID:499943710 /筑艺坊问题
01:28:16 DEBUG [3868978960] [Bridge.Action] send_group_msg params=group_id=175073951 message=[len=2]
01:28:16 INFO               [OneBot] 群聊 175073951 | 发送：筑艺坊问题请详细描述,描述格式:
艾特苏晴晴在此
所使用的游戏版本:
所使用的mod版本:
问题描...
01:28:17 DEBUG              [MsgPush.UnknownElement] wire element ignored unknownTag=1 wireType=2 count=1 bytes=34 reason=no schema decoder path=body.richText
01:28:17 DEBUG              [MsgPush.UnknownElement] wire element ignored unknownTag=9 wireType=2 count=1 bytes=5 reason=no schema decoder path=elem
01:28:17 DEBUG              [MsgPush.UnknownElement] wire element ignored unknownTag=10 wireType=0 count=1 bytes=1 reason=no schema decoder path=elem.generalFlags
01:28:17 DEBUG              [MsgPush.UnknownElement] wire element ignored unknownTag=12 wireType=0 count=1 bytes=1 reason=no schema decoder path=elem.generalFlags
01:28:17 DEBUG              [MsgPush.UnknownElement] wire element ignored unknownTag=13 wireType=0 count=1 bytes=1 reason=no schema decoder path=elem.generalFlags
01:28:17 DEBUG              [MsgPush.UnknownElement] wire element ignored unknownTag=19 wireType=2 count=1 bytes=93 reason=no schema decoder path=elem.generalFlags
01:28:17 OK    [3868978960] [Event] [自身] 群 [梨小达的小屋二号(175073951)] | [(ㆀ˘･з･˘)(3868978960)]: ID:839363360 @2160208505 筑艺坊问题请详细描述,描述格式:
艾特苏晴晴在此
所使用的游戏版本:
所使用的mod版本:
问题描...
01:28:23 DEBUG              [MsgPush.UnknownElement] wire element ignored unknownTag=1 wireType=2 count=1 bytes=34 reason=no schema decoder path=body.richText
01:28:23 DEBUG              [MsgPush.UnknownElement] wire element ignored unknownTag=9 wireType=2 count=1 bytes=5 reason=no schema decoder path=elem
01:28:23 DEBUG              [MsgPush.UnknownElement] wire element ignored unknownTag=10 wireType=0 count=1 bytes=1 reason=no schema decoder path=elem.generalFlags
01:28:23 DEBUG              [MsgPush.UnknownElement] wire element ignored unknownTag=12 wireType=0 count=1 bytes=1 reason=no schema decoder path=elem.generalFlags
01:28:23 DEBUG              [MsgPush.UnknownElement] wire element ignored unknownTag=13 wireType=0 count=1 bytes=1 reason=no schema decoder path=elem.generalFlags
01:28:23 DEBUG              [MsgPush.UnknownElement] wire element ignored unknownTag=19 wireType=2 count=1 bytes=98 reason=no schema decoder path=elem.generalFlags
01:28:23 OK    [3868978960] [Event] 群 [梨小达的小屋二号(175073951)] | [僵尸天天⁧~喵‏(2160208505)]: ID:-763364250 /网站问题
01:28:23 DEBUG [3868978960] [Bridge.Action] send_group_msg params=group_id=175073951 message=[len=2]
01:28:23 INFO               [OneBot] 群聊 175073951 | 发送：网站问题可以在管网反馈按钮提交若你要在QQ群反馈请详细描述,描述格式:
艾特Akuzoi-已晚
问...
01:28:23 DEBUG              [MsgPush.UnknownElement] wire element ignored unknownTag=1 wireType=2 count=1 bytes=34 reason=no schema decoder path=body.richText
01:28:23 DEBUG              [MsgPush.UnknownElement] wire element ignored unknownTag=9 wireType=2 count=1 bytes=5 reason=no schema decoder path=elem
01:28:23 DEBUG              [MsgPush.UnknownElement] wire element ignored unknownTag=10 wireType=0 count=1 bytes=1 reason=no schema decoder path=elem.generalFlags
01:28:23 DEBUG              [MsgPush.UnknownElement] wire element ignored unknownTag=12 wireType=0 count=1 bytes=1 reason=no schema decoder path=elem.generalFlags
01:28:23 DEBUG              [MsgPush.UnknownElement] wire element ignored unknownTag=13 wireType=0 count=1 bytes=1 reason=no schema decoder path=elem.generalFlags
01:28:23 DEBUG              [MsgPush.UnknownElement] wire element ignored unknownTag=19 wireType=2 count=1 bytes=91 reason=no schema decoder path=elem.generalFlags
01:28:23 OK    [3868978960] [Event] [自身] 群 [梨小达的小屋二号(175073951)] | [(ㆀ˘･з･˘)(3868978960)]: ID:1217906769 @2160208505 网站问题可以在管网反馈按钮提交若你要在QQ群反馈请详细描述,描述格式:
艾特Akuzoi-已晚
问...
01:28:30 DEBUG              [MsgPush.UnknownElement] wire element ignored unknownTag=1 wireType=2 count=1 bytes=34 reason=no schema decoder path=body.richText
01:28:30 DEBUG              [MsgPush.UnknownElement] wire element ignored unknownTag=9 wireType=2 count=1 bytes=5 reason=no schema decoder path=elem
01:28:30 DEBUG              [MsgPush.UnknownElement] wire element ignored unknownTag=10 wireType=0 count=1 bytes=1 reason=no schema decoder path=elem.generalFlags
01:28:30 DEBUG              [MsgPush.UnknownElement] wire element ignored unknownTag=12 wireType=0 count=1 bytes=1 reason=no schema decoder path=elem.generalFlags
01:28:30 DEBUG              [MsgPush.UnknownElement] wire element ignored unknownTag=13 wireType=0 count=1 bytes=1 reason=no schema decoder path=elem.generalFlags
01:28:30 DEBUG              [MsgPush.UnknownElement] wire element ignored unknownTag=19 wireType=2 count=1 bytes=100 reason=no schema decoder path=elem.generalFlags
01:28:30 OK    [3868978960] [Event] 群 [梨小达的小屋二号(175073951)] | [僵尸天天⁧~喵‏(2160208505)]: ID:-2031314966 /整合包
01:28:30 DEBUG [3868978960] [Bridge.Action] send_group_msg params=group_id=175073951 message=[len=3]
01:28:30 DEBUG [3868978960] [Highway.Image] uploading 112445 bytes md5=ee05a4b6... → group 175073951
01:28:31 DEBUG [3868978960] [Highway] image fast-upload hit for sub=top (server reusing cached resource)
01:28:31 DEBUG [3868978960] [Highway] image fast-upload hit (server already had bytes)
01:28:31 INFO               [OneBot] 群聊 175073951 | 发送：这里是NSUK新模拟大都市用户群,若非本mod问题请进整合包群:1055684866 入群反映,如... [图片]
01:28:31 DEBUG              [MsgPush.UnknownElement] wire element ignored unknownTag=1 wireType=2 count=1 bytes=34 reason=no schema decoder path=body.richText
01:28:31 DEBUG              [MsgPush.UnknownElement] wire element ignored unknownTag=9 wireType=2 count=1 bytes=3 reason=no schema decoder path=elem
01:28:31 DEBUG              [MsgPush.UnknownElement] wire element ignored unknownTag=10 wireType=0 count=1 bytes=1 reason=no schema decoder path=elem.generalFlags
01:28:31 DEBUG              [MsgPush.UnknownElement] wire element ignored unknownTag=12 wireType=0 count=1 bytes=1 reason=no schema decoder path=elem.generalFlags
01:28:31 DEBUG              [MsgPush.UnknownElement] wire element ignored unknownTag=13 wireType=0 count=1 bytes=1 reason=no schema decoder path=elem.generalFlags
01:28:31 DEBUG              [MsgPush.UnknownElement] wire element ignored unknownTag=19 wireType=2 count=1 bytes=90 reason=no schema decoder path=elem.generalFlags
01:28:31 OK    [3868978960] [Event] [自身] 群 [梨小达的小屋二号(175073951)] | [(ㆀ˘･з･˘)(3868978960)]: ID:-1960254793 @2160208505 这里是NSUK新模拟大都市用户群,若非本mod问题请进整合包群:1055684866 入群反映,如... [图片]
01:28:47 DEBUG              [MsgPush.UnknownElement] wire element ignored unknownTag=1 wireType=2 count=1 bytes=34 reason=no schema decoder path=body.richText
01:28:47 DEBUG              [MsgPush.UnknownElement] wire element ignored unknownTag=9 wireType=2 count=1 bytes=5 reason=no schema decoder path=elem
01:28:47 DEBUG              [MsgPush.UnknownElement] wire element ignored unknownTag=10 wireType=0 count=1 bytes=1 reason=no schema decoder path=elem.generalFlags
01:28:47 DEBUG              [MsgPush.UnknownElement] wire element ignored unknownTag=12 wireType=0 count=1 bytes=1 reason=no schema decoder path=elem.generalFlags
01:28:47 DEBUG              [MsgPush.UnknownElement] wire element ignored unknownTag=13 wireType=0 count=1 bytes=1 reason=no schema decoder path=elem.generalFlags
01:28:47 DEBUG              [MsgPush.UnknownElement] wire element ignored unknownTag=19 wireType=2 count=1 bytes=97 reason=no schema decoder path=elem.generalFlags
01:28:47 OK    [3868978960] [Event] 群 [梨小达的小屋二号(175073951)] | [僵尸天天⁧~喵‏(2160208505)]: ID:897850964 /pcl21
01:28:47 DEBUG [3868978960] [Bridge.Action] send_group_msg params=group_id=175073951 message=[len=3]
01:28:47 DEBUG [3868978960] [Highway.Image] uploading 807885 bytes md5=5a4547c1... → group 175073951
01:28:47 DEBUG [3868978960] [Highway] image fast-upload hit for sub=top (server reusing cached resource)
01:28:47 DEBUG [3868978960] [Highway] image fast-upload hit (server already had bytes)
01:28:48 INFO               [OneBot] 群聊 175073951 | 发送：先退出启动器，然后下载安装这个 Java，安装的时候不要改安装位置， https://downlo... [图片]
01:28:48 DEBUG              [MsgPush.UnknownElement] wire element ignored unknownTag=1 wireType=2 count=1 bytes=34 reason=no schema decoder path=body.richText
01:28:48 DEBUG              [MsgPush.UnknownElement] wire element ignored unknownTag=9 wireType=2 count=1 bytes=5 reason=no schema decoder path=elem
01:28:48 DEBUG              [MsgPush.UnknownElement] wire element ignored unknownTag=10 wireType=0 count=1 bytes=1 reason=no schema decoder path=elem.generalFlags
01:28:48 DEBUG              [MsgPush.UnknownElement] wire element ignored unknownTag=12 wireType=0 count=1 bytes=1 reason=no schema decoder path=elem.generalFlags
01:28:48 DEBUG              [MsgPush.UnknownElement] wire element ignored unknownTag=13 wireType=0 count=1 bytes=1 reason=no schema decoder path=elem.generalFlags
01:28:48 DEBUG              [MsgPush.UnknownElement] wire element ignored unknownTag=19 wireType=2 count=1 bytes=94 reason=no schema decoder path=elem.generalFlags
01:28:48 OK    [3868978960] [Event] [自身] 群 [梨小达的小屋二号(175073951)] | [(ㆀ˘･з･˘)(3868978960)]: ID:492695987 @2160208505 先退出启动器，然后下载安装这个 Java，安装的时候不要改安装位置， https://downlo... [图片]
01:28:59 DEBUG              [MsgPush.UnknownElement] wire element ignored unknownTag=1 wireType=2 count=1 bytes=34 reason=no schema decoder path=body.richText
01:28:59 DEBUG              [MsgPush.UnknownElement] wire element ignored unknownTag=9 wireType=2 count=1 bytes=5 reason=no schema decoder path=elem
01:28:59 DEBUG              [MsgPush.UnknownElement] wire element ignored unknownTag=10 wireType=0 count=1 bytes=1 reason=no schema decoder path=elem.generalFlags
01:28:59 DEBUG              [MsgPush.UnknownElement] wire element ignored unknownTag=12 wireType=0 count=1 bytes=1 reason=no schema decoder path=elem.generalFlags
01:28:59 DEBUG              [MsgPush.UnknownElement] wire element ignored unknownTag=13 wireType=0 count=1 bytes=1 reason=no schema decoder path=elem.generalFlags
01:28:59 DEBUG              [MsgPush.UnknownElement] wire element ignored unknownTag=19 wireType=2 count=1 bytes=101 reason=no schema decoder path=elem.generalFlags
01:28:59 OK    [3868978960] [Event] 群 [梨小达的小屋二号(175073951)] | [僵尸天天⁧~喵‏(2160208505)]: ID:-568120549 /opengl
01:29:05 DEBUG              [MsgPush.UnknownElement] wire element ignored unknownTag=1 wireType=2 count=1 bytes=34 reason=no schema decoder path=body.richText
01:29:05 DEBUG              [MsgPush.UnknownElement] wire element ignored unknownTag=10 wireType=0 count=1 bytes=1 reason=no schema decoder path=elem.generalFlags
01:29:05 DEBUG              [MsgPush.UnknownElement] wire element ignored unknownTag=12 wireType=0 count=1 bytes=1 reason=no schema decoder path=elem.generalFlags
01:29:05 DEBUG              [MsgPush.UnknownElement] wire element ignored unknownTag=13 wireType=0 count=1 bytes=1 reason=no schema decoder path=elem.generalFlags
01:29:05 DEBUG              [MsgPush.UnknownElement] wire element ignored unknownTag=17 wireType=0 count=1 bytes=1 reason=no schema decoder path=elem.generalFlags
01:29:05 DEBUG              [MsgPush.UnknownElement] wire element ignored unknownTag=19 wireType=2 count=1 bytes=102 reason=no schema decoder path=elem.generalFlags
01:29:05 DEBUG              [MsgPush.UnknownElement] wire element ignored unknownTag=9 wireType=2 count=1 bytes=8 reason=no schema decoder path=elem
01:29:05 OK    [3868978960] [Event] 群 [梨小达的小屋二号(175073951)] | [我是梦蓝咯(3630797734)]: ID:-594686514 大小写
01:29:08 DEBUG              [MsgPush.UnknownElement] wire element ignored unknownTag=1 wireType=2 count=1 bytes=34 reason=no schema decoder path=body.richText
01:29:08 DEBUG              [MsgPush.UnknownElement] wire element ignored unknownTag=9 wireType=2 count=1 bytes=5 reason=no schema decoder path=elem
01:29:08 DEBUG              [MsgPush.UnknownElement] wire element ignored unknownTag=10 wireType=0 count=1 bytes=1 reason=no schema decoder path=elem.generalFlags
01:29:08 DEBUG              [MsgPush.UnknownElement] wire element ignored unknownTag=12 wireType=0 count=1 bytes=1 reason=no schema decoder path=elem.generalFlags
01:29:08 DEBUG              [MsgPush.UnknownElement] wire element ignored unknownTag=13 wireType=0 count=1 bytes=1 reason=no schema decoder path=elem.generalFlags
01:29:08 DEBUG              [MsgPush.UnknownElement] wire element ignored unknownTag=19 wireType=2 count=1 bytes=101 reason=no schema decoder path=elem.generalFlags
01:29:08 OK    [3868978960] [Event] 群 [梨小达的小屋二号(175073951)] | [僵尸天天⁧~喵‏(2160208505)]: ID:-941403426 /openGL
01:29:08 DEBUG [3868978960] [Bridge.Action] send_group_msg params=group_id=175073951 message=[len=2]
01:29:08 DEBUG [3868978960] [Highway.Image] uploading 17937 bytes md5=5093f6cd... → group 175073951
01:29:08 DEBUG [3868978960] [Highway] image fast-upload hit for sub=top (server reusing cached resource)
01:29:08 DEBUG [3868978960] [Highway] image fast-upload hit (server already had bytes)
01:29:08 INFO               [OneBot] 群聊 175073951 | 发送：openGL!!： [图片]
01:29:09 DEBUG              [MsgPush.UnknownElement] wire element ignored unknownTag=1 wireType=2 count=1 bytes=34 reason=no schema decoder path=body.richText
01:29:09 DEBUG              [MsgPush.UnknownElement] wire element ignored unknownTag=9 wireType=2 count=1 bytes=3 reason=no schema decoder path=elem
01:29:09 DEBUG              [MsgPush.UnknownElement] wire element ignored unknownTag=10 wireType=0 count=1 bytes=1 reason=no schema decoder path=elem.generalFlags
01:29:09 DEBUG              [MsgPush.UnknownElement] wire element ignored unknownTag=12 wireType=0 count=1 bytes=1 reason=no schema decoder path=elem.generalFlags
01:29:09 DEBUG              [MsgPush.UnknownElement] wire element ignored unknownTag=13 wireType=0 count=1 bytes=1 reason=no schema decoder path=elem.generalFlags
01:29:09 DEBUG              [MsgPush.UnknownElement] wire element ignored unknownTag=19 wireType=2 count=1 bytes=93 reason=no schema decoder path=elem.generalFlags
01:29:09 OK    [3868978960] [Event] [自身] 群 [梨小达的小屋二号(175073951)] | [(ㆀ˘･з･˘)(3868978960)]: ID:335713276 openGL!!： [图片]
01:29:21 DEBUG              [MsgPush.UnknownElement] wire element ignored unknownTag=1 wireType=2 count=1 bytes=34 reason=no schema decoder path=body.richText
01:29:21 DEBUG              [MsgPush.UnknownElement] wire element ignored unknownTag=10 wireType=0 count=1 bytes=1 reason=no schema decoder path=elem.generalFlags
01:29:21 DEBUG              [MsgPush.UnknownElement] wire element ignored unknownTag=12 wireType=0 count=1 bytes=1 reason=no schema decoder path=elem.generalFlags
01:29:21 DEBUG              [MsgPush.UnknownElement] wire element ignored unknownTag=13 wireType=0 count=1 bytes=1 reason=no schema decoder path=elem.generalFlags
01:29:21 DEBUG              [MsgPush.UnknownElement] wire element ignored unknownTag=17 wireType=0 count=1 bytes=1 reason=no schema decoder path=elem.generalFlags
01:29:21 DEBUG              [MsgPush.UnknownElement] wire element ignored unknownTag=19 wireType=2 count=1 bytes=106 reason=no schema decoder path=elem.generalFlags
01:29:21 DEBUG              [MsgPush.UnknownElement] wire element ignored unknownTag=9 wireType=2 count=1 bytes=6 reason=no schema decoder path=elem
01:29:21 DEBUG              [MsgPush.UnknownElement] wire element ignored unknownTag=2 wireType=2 count=1 bytes=21 reason=no schema decoder path=commonElem.msgInfo.msgInfoBody[0].hashSum
01:29:21 DEBUG              [MsgPush.UnknownElement] wire element ignored unknownTag=4 wireType=2 count=1 bytes=3 reason=no schema decoder path=commonElem.msgInfo.extBizInfo
01:29:21 OK    [3868978960] [Event] 群 [梨小达的小屋二号(175073951)] | [我是梦蓝咯(3630797734)]: ID:-780592909 [图片]
01:29:29 DEBUG              [MsgPush.UnknownElement] wire element ignored unknownTag=1 wireType=2 count=1 bytes=34 reason=no schema decoder path=body.richText
01:29:29 DEBUG              [MsgPush.UnknownElement] wire element ignored unknownTag=10 wireType=0 count=1 bytes=1 reason=no schema decoder path=elem.generalFlags
01:29:29 DEBUG              [MsgPush.UnknownElement] wire element ignored unknownTag=12 wireType=0 count=1 bytes=1 reason=no schema decoder path=elem.generalFlags
01:29:29 DEBUG              [MsgPush.UnknownElement] wire element ignored unknownTag=13 wireType=0 count=1 bytes=1 reason=no schema decoder path=elem.generalFlags
01:29:29 DEBUG              [MsgPush.UnknownElement] wire element ignored unknownTag=17 wireType=0 count=1 bytes=1 reason=no schema decoder path=elem.generalFlags
01:29:29 DEBUG              [MsgPush.UnknownElement] wire element ignored unknownTag=19 wireType=2 count=1 bytes=103 reason=no schema decoder path=elem.generalFlags
01:29:29 DEBUG              [MsgPush.UnknownElement] wire element ignored unknownTag=9 wireType=2 count=1 bytes=8 reason=no schema decoder path=elem
01:29:29 OK    [3868978960] [Event] 群 [梨小达的小屋二号(175073951)] | [我是梦蓝咯(3630797734)]: ID:-1410248372 行
01:29:34 DEBUG              [MsgPush.UnknownElement] wire element ignored unknownTag=1 wireType=2 count=1 bytes=34 reason=no schema decoder path=body.richText
01:29:34 DEBUG              [MsgPush.UnknownElement] wire element ignored unknownTag=2 wireType=2 count=1 bytes=21 reason=no schema decoder path=commonElem.msgInfo.msgInfoBody[0].hashSum
01:29:34 DEBUG              [MsgPush.UnknownElement] wire element ignored unknownTag=3 wireType=0 count=1 bytes=1 reason=no schema decoder path=commonElem.msgInfo.extBizInfo.pic.extData
01:29:34 DEBUG              [MsgPush.UnknownElement] wire element ignored unknownTag=4 wireType=0 count=1 bytes=1 reason=no schema decoder path=commonElem.msgInfo.extBizInfo.pic.extData
01:29:34 DEBUG              [MsgPush.UnknownElement] wire element ignored unknownTag=10 wireType=0 count=1 bytes=1 reason=no schema decoder path=commonElem.msgInfo.extBizInfo.pic.extData
01:29:34 DEBUG              [MsgPush.UnknownElement] wire element ignored unknownTag=12 wireType=2 count=1 bytes=1 reason=no schema decoder path=commonElem.msgInfo.extBizInfo.pic.extData
01:29:34 DEBUG              [MsgPush.UnknownElement] wire element ignored unknownTag=18 wireType=2 count=1 bytes=1 reason=no schema decoder path=commonElem.msgInfo.extBizInfo.pic.extData
01:29:34 DEBUG              [MsgPush.UnknownElement] wire element ignored unknownTag=19 wireType=2 count=1 bytes=1 reason=no schema decoder path=commonElem.msgInfo.extBizInfo.pic.extData
01:29:34 DEBUG              [MsgPush.UnknownElement] wire element ignored unknownTag=21 wireType=2 count=1 bytes=13 reason=no schema decoder path=commonElem.msgInfo.extBizInfo.pic.extData
01:29:34 DEBUG              [MsgPush.UnknownElement] wire element ignored unknownTag=30 wireType=2 count=1 bytes=87 reason=no schema decoder path=commonElem.msgInfo.extBizInfo.pic.extData
01:29:34 DEBUG              [MsgPush.UnknownElement] wire element ignored unknownTag=31 wireType=2 count=1 bytes=33 reason=no schema decoder path=commonElem.msgInfo.extBizInfo.pic.extData
01:29:34 DEBUG              [MsgPush.UnknownElement] wire element ignored unknownTag=9 wireType=2 count=1 bytes=5 reason=no schema decoder path=elem
01:29:34 DEBUG              [MsgPush.UnknownElement] wire element ignored unknownTag=10 wireType=0 count=1 bytes=1 reason=no schema decoder path=elem.generalFlags
01:29:34 DEBUG              [MsgPush.UnknownElement] wire element ignored unknownTag=12 wireType=0 count=1 bytes=1 reason=no schema decoder path=elem.generalFlags
01:29:34 DEBUG              [MsgPush.UnknownElement] wire element ignored unknownTag=13 wireType=0 count=1 bytes=1 reason=no schema decoder path=elem.generalFlags
01:29:34 DEBUG              [MsgPush.UnknownElement] wire element ignored unknownTag=19 wireType=2 count=1 bytes=100 reason=no schema decoder path=elem.generalFlags
01:29:34 OK    [3868978960] [Event] 群 [梨小达的小屋二号(175073951)] | [僵尸天天⁧~喵‏(2160208505)]: ID:1635902439 [图片]
01:29:50 DEBUG              [MsgPush.UnknownElement] wire element ignored unknownTag=1 wireType=2 count=1 bytes=34 reason=no schema decoder path=body.richText
01:29:50 DEBUG              [MsgPush.UnknownElement] wire element ignored unknownTag=10 wireType=0 count=1 bytes=1 reason=no schema decoder path=elem.generalFlags
01:29:50 DEBUG              [MsgPush.UnknownElement] wire element ignored unknownTag=12 wireType=0 count=1 bytes=1 reason=no schema decoder path=elem.generalFlags
01:29:50 DEBUG              [MsgPush.UnknownElement] wire element ignored unknownTag=13 wireType=0 count=1 bytes=1 reason=no schema decoder path=elem.generalFlags
01:29:50 DEBUG              [MsgPush.UnknownElement] wire element ignored unknownTag=16 wireType=0 count=1 bytes=1 reason=no schema decoder path=elem.generalFlags
01:29:50 DEBUG              [MsgPush.UnknownElement] wire element ignored unknownTag=17 wireType=0 count=1 bytes=1 reason=no schema decoder path=elem.generalFlags
01:29:50 DEBUG              [MsgPush.UnknownElement] wire element ignored unknownTag=19 wireType=2 count=1 bytes=113 reason=no schema decoder path=elem.generalFlags
01:29:50 DEBUG              [MsgPush.UnknownElement] wire element ignored unknownTag=9 wireType=2 count=1 bytes=5 reason=no schema decoder path=elem
01:29:50 DEBUG              [MsgPush.UnknownElement] wire element ignored unknownTag=2 wireType=2 count=1 bytes=21 reason=no schema decoder path=commonElem.msgInfo.msgInfoBody[0].hashSum
01:29:50 DEBUG              [MsgPush.UnknownElement] wire element ignored unknownTag=4 wireType=2 count=1 bytes=3 reason=no schema decoder path=commonElem.msgInfo.extBizInfo
01:29:50 DEBUG              [MsgPush.UnknownElement] wire element ignored unknownTag=3 wireType=0 count=1 bytes=1 reason=no schema decoder path=commonElem.msgInfo.extBizInfo.pic.extData
01:29:50 DEBUG              [MsgPush.UnknownElement] wire element ignored unknownTag=4 wireType=0 count=1 bytes=1 reason=no schema decoder path=commonElem.msgInfo.extBizInfo.pic.extData
01:29:50 DEBUG              [MsgPush.UnknownElement] wire element ignored unknownTag=10 wireType=0 count=1 bytes=1 reason=no schema decoder path=commonElem.msgInfo.extBizInfo.pic.extData
01:29:50 DEBUG              [MsgPush.UnknownElement] wire element ignored unknownTag=12 wireType=2 count=1 bytes=1 reason=no schema decoder path=commonElem.msgInfo.extBizInfo.pic.extData
01:29:50 DEBUG              [MsgPush.UnknownElement] wire element ignored unknownTag=18 wireType=2 count=1 bytes=1 reason=no schema decoder path=commonElem.msgInfo.extBizInfo.pic.extData
01:29:50 DEBUG              [MsgPush.UnknownElement] wire element ignored unknownTag=19 wireType=2 count=1 bytes=1 reason=no schema decoder path=commonElem.msgInfo.extBizInfo.pic.extData
01:29:50 DEBUG              [MsgPush.UnknownElement] wire element ignored unknownTag=21 wireType=2 count=1 bytes=13 reason=no schema decoder path=commonElem.msgInfo.extBizInfo.pic.extData
01:29:50 DEBUG              [MsgPush.UnknownElement] wire element ignored unknownTag=30 wireType=2 count=1 bytes=87 reason=no schema decoder path=commonElem.msgInfo.extBizInfo.pic.extData
01:29:50 DEBUG              [MsgPush.UnknownElement] wire element ignored unknownTag=31 wireType=2 count=1 bytes=33 reason=no schema decoder path=commonElem.msgInfo.extBizInfo.pic.extData
01:29:50 DEBUG              [MsgPush.UnknownElement] wire element ignored unknownTag=34 wireType=0 count=1 bytes=1 reason=no schema decoder path=commonElem.msgInfo.extBizInfo.pic.extData
01:29:50 OK    [3868978960] [Event] 群 [梨小达的小屋二号(175073951)] | [123(2237744302)]: ID:1773754843 [图片]
01:30:17 DEBUG              [MsgPush.UnknownElement] wire element ignored unknownTag=1 wireType=2 count=1 bytes=34 reason=no schema decoder path=body.richText
01:30:17 DEBUG              [MsgPush.UnknownElement] wire element ignored unknownTag=10 wireType=0 count=1 bytes=1 reason=no schema decoder path=elem.generalFlags
01:30:17 DEBUG              [MsgPush.UnknownElement] wire element ignored unknownTag=12 wireType=0 count=1 bytes=1 reason=no schema decoder path=elem.generalFlags
01:30:17 DEBUG              [MsgPush.UnknownElement] wire element ignored unknownTag=13 wireType=0 count=1 bytes=1 reason=no schema decoder path=elem.generalFlags
01:30:17 DEBUG              [MsgPush.UnknownElement] wire element ignored unknownTag=17 wireType=0 count=1 bytes=1 reason=no schema decoder path=elem.generalFlags
01:30:17 DEBUG              [MsgPush.UnknownElement] wire element ignored unknownTag=19 wireType=2 count=1 bytes=102 reason=no schema decoder path=elem.generalFlags
01:30:17 DEBUG              [MsgPush.UnknownElement] wire element ignored unknownTag=9 wireType=2 count=1 bytes=8 reason=no schema decoder path=elem
01:30:17 OK    [3868978960] [Event] 群 [梨小达的小屋二号(175073951)] | [我是梦蓝咯(3630797734)]: ID:-1730681953 我在想绘制cmd的问题
01:31:19 DEBUG              [Hook] receive health armed by QQ heartbeat: PID=14468 UIN=3868978960
01:32:00 DEBUG              [MsgPush.UnknownElement] wire element ignored unknownTag=1 wireType=2 count=1 bytes=34 reason=no schema decoder path=body.richText
01:32:00 DEBUG              [MsgPush.UnknownElement] wire element ignored unknownTag=2 wireType=2 count=1 bytes=21 reason=no schema decoder path=commonElem.msgInfo.msgInfoBody[0].hashSum
01:32:00 DEBUG              [MsgPush.UnknownElement] wire element ignored unknownTag=4 wireType=2 count=1 bytes=3 reason=no schema decoder path=commonElem.msgInfo.extBizInfo
01:32:00 DEBUG              [MsgPush.UnknownElement] wire element ignored unknownTag=9 wireType=2 count=1 bytes=3 reason=no schema decoder path=elem
01:32:00 DEBUG              [MsgPush.UnknownElement] wire element ignored unknownTag=10 wireType=0 count=1 bytes=1 reason=no schema decoder path=elem.generalFlags
01:32:00 DEBUG              [MsgPush.UnknownElement] wire element ignored unknownTag=12 wireType=0 count=1 bytes=1 reason=no schema decoder path=elem.generalFlags
01:32:00 DEBUG              [MsgPush.UnknownElement] wire element ignored unknownTag=13 wireType=0 count=1 bytes=1 reason=no schema decoder path=elem.generalFlags
01:32:00 DEBUG              [MsgPush.UnknownElement] wire element ignored unknownTag=19 wireType=2 count=1 bytes=98 reason=no schema decoder path=elem.generalFlags
01:32:00 OK    [3868978960] [Event] 群 [梨小达的小屋二号(175073951)] | [僵尸天天⁧~喵‏(2160208505)]: ID:-2133514590 [图片]
01:34:34 DEBUG              [MsgPush.UnknownElement] wire element ignored unknownTag=1 wireType=2 count=1 bytes=34 reason=no schema decoder path=body.richText
01:34:34 DEBUG              [MsgPush.UnknownElement] wire element ignored unknownTag=10 wireType=0 count=1 bytes=1 reason=no schema decoder path=elem.generalFlags
01:34:34 DEBUG              [MsgPush.UnknownElement] wire element ignored unknownTag=12 wireType=0 count=1 bytes=1 reason=no schema decoder path=elem.generalFlags
01:34:34 DEBUG              [MsgPush.UnknownElement] wire element ignored unknownTag=13 wireType=0 count=1 bytes=1 reason=no schema decoder path=elem.generalFlags
01:34:34 DEBUG              [MsgPush.UnknownElement] wire element ignored unknownTag=16 wireType=0 count=1 bytes=1 reason=no schema decoder path=elem.generalFlags
01:34:34 DEBUG              [MsgPush.UnknownElement] wire element ignored unknownTag=17 wireType=0 count=1 bytes=3 reason=no schema decoder path=elem.generalFlags
01:34:34 DEBUG              [MsgPush.UnknownElement] wire element ignored unknownTag=19 wireType=2 count=1 bytes=113 reason=no schema decoder path=elem.generalFlags
01:34:34 DEBUG              [MsgPush.UnknownElement] wire element ignored unknownTag=9 wireType=2 count=1 bytes=8 reason=no schema decoder path=elem
01:34:34 OK    [3868978960] [Event] 群 [梨小达的小屋二号(175073951)] | [我是梦蓝咯(3630797734)]: ID:-1988515483 /cmdlook
01:34:58 DEBUG              [MsgPush.UnknownElement] wire element ignored unknownTag=1 wireType=2 count=1 bytes=34 reason=no schema decoder path=body.richText
01:34:58 DEBUG              [MsgPush.UnknownElement] wire element ignored unknownTag=9 wireType=2 count=1 bytes=5 reason=no schema decoder path=elem
01:34:58 DEBUG              [MsgPush.UnknownElement] wire element ignored unknownTag=10 wireType=0 count=1 bytes=1 reason=no schema decoder path=elem.generalFlags
01:34:58 DEBUG              [MsgPush.UnknownElement] wire element ignored unknownTag=12 wireType=0 count=1 bytes=1 reason=no schema decoder path=elem.generalFlags
01:34:58 DEBUG              [MsgPush.UnknownElement] wire element ignored unknownTag=13 wireType=0 count=1 bytes=1 reason=no schema decoder path=elem.generalFlags
01:34:58 DEBUG              [MsgPush.UnknownElement] wire element ignored unknownTag=19 wireType=2 count=1 bytes=101 reason=no schema decoder path=elem.generalFlags
01:34:58 OK    [3868978960] [Event] 群 [梨小达的小屋二号(175073951)] | [僵尸天天⁧~喵‏(2160208505)]: ID:872738297 /cmdlook
01:35:09 WARN  [3868978960] [Event] 群撤回 [梨小达的小屋二号(175073951)] | [我是梦蓝咯(3630797734)] 被 [我是梦蓝咯(3630797734)] 撤回
01:35:19 DEBUG              [MsgPush.UnknownElement] wire element ignored unknownTag=1 wireType=2 count=1 bytes=34 reason=no schema decoder path=body.richText
01:35:19 DEBUG              [MsgPush.UnknownElement] wire element ignored unknownTag=10 wireType=0 count=1 bytes=1 reason=no schema decoder path=elem.generalFlags
01:35:19 DEBUG              [MsgPush.UnknownElement] wire element ignored unknownTag=12 wireType=0 count=1 bytes=1 reason=no schema decoder path=elem.generalFlags
01:35:19 DEBUG              [MsgPush.UnknownElement] wire element ignored unknownTag=13 wireType=0 count=1 bytes=1 reason=no schema decoder path=elem.generalFlags
01:35:19 DEBUG              [MsgPush.UnknownElement] wire element ignored unknownTag=16 wireType=0 count=1 bytes=1 reason=no schema decoder path=elem.generalFlags
01:35:19 DEBUG              [MsgPush.UnknownElement] wire element ignored unknownTag=17 wireType=0 count=1 bytes=3 reason=no schema decoder path=elem.generalFlags
01:35:19 DEBUG              [MsgPush.UnknownElement] wire element ignored unknownTag=19 wireType=2 count=1 bytes=111 reason=no schema decoder path=elem.generalFlags
01:35:19 DEBUG              [MsgPush.UnknownElement] wire element ignored unknownTag=9 wireType=2 count=1 bytes=8 reason=no schema decoder path=elem
01:35:19 OK    [3868978960] [Event] 群 [梨小达的小屋二号(175073951)] | [我是梦蓝咯(3630797734)]: ID:1314695733 /cmdlook
01:35:30 DEBUG              [MsgPush.UnknownElement] wire element ignored unknownTag=1 wireType=2 count=1 bytes=34 reason=no schema decoder path=body.richText
01:35:30 DEBUG              [MsgPush.UnknownElement] wire element ignored unknownTag=10 wireType=0 count=1 bytes=1 reason=no schema decoder path=elem.generalFlags
01:35:30 DEBUG              [MsgPush.UnknownElement] wire element ignored unknownTag=12 wireType=0 count=1 bytes=1 reason=no schema decoder path=elem.generalFlags
01:35:30 DEBUG              [MsgPush.UnknownElement] wire element ignored unknownTag=13 wireType=0 count=1 bytes=1 reason=no schema decoder path=elem.generalFlags
01:35:30 DEBUG              [MsgPush.UnknownElement] wire element ignored unknownTag=17 wireType=0 count=1 bytes=1 reason=no schema decoder path=elem.generalFlags
01:35:30 DEBUG              [MsgPush.UnknownElement] wire element ignored unknownTag=19 wireType=2 count=1 bytes=105 reason=no schema decoder path=elem.generalFlags
01:35:30 DEBUG              [MsgPush.UnknownElement] wire element ignored unknownTag=9 wireType=2 count=1 bytes=8 reason=no schema decoder path=elem
01:35:30 OK    [3868978960] [Event] 群 [梨小达的小屋二号(175073951)] | [我是梦蓝咯(3630797734)]: ID:-1080482595 ?
01:35:31 DEBUG              [MsgPush.UnknownElement] wire element ignored unknownTag=1 wireType=2 count=1 bytes=34 reason=no schema decoder path=body.richText
01:35:31 DEBUG              [MsgPush.UnknownElement] wire element ignored unknownTag=10 wireType=0 count=1 bytes=1 reason=no schema decoder path=elem.generalFlags
01:35:31 DEBUG              [MsgPush.UnknownElement] wire element ignored unknownTag=12 wireType=0 count=1 bytes=1 reason=no schema decoder path=elem.generalFlags
01:35:31 DEBUG              [MsgPush.UnknownElement] wire element ignored unknownTag=13 wireType=0 count=1 bytes=1 reason=no schema decoder path=elem.generalFlags
01:35:31 DEBUG              [MsgPush.UnknownElement] wire element ignored unknownTag=17 wireType=0 count=1 bytes=1 reason=no schema decoder path=elem.generalFlags
01:35:31 DEBUG              [MsgPush.UnknownElement] wire element ignored unknownTag=19 wireType=2 count=1 bytes=105 reason=no schema decoder path=elem.generalFlags
01:35:31 DEBUG              [MsgPush.UnknownElement] wire element ignored unknownTag=9 wireType=2 count=1 bytes=6 reason=no schema decoder path=elem
01:35:31 DEBUG              [MsgPush.UnknownElement] wire element ignored unknownTag=2 wireType=2 count=1 bytes=21 reason=no schema decoder path=commonElem.msgInfo.msgInfoBody[0].hashSum
01:35:31 DEBUG              [MsgPush.UnknownElement] wire element ignored unknownTag=4 wireType=2 count=1 bytes=3 reason=no schema decoder path=commonElem.msgInfo.extBizInfo
01:35:31 OK    [3868978960] [Event] 群 [梨小达的小屋二号(175073951)] | [我是梦蓝咯(3630797734)]: ID:3172347 [图片]
01:39:20 WARN  [3868978960] [OneBot.WS-Server] [ws-default] socket error: read ECONNRESET
01:39:27 DEBUG [3868978960] [Bridge.Action] get_login_info params=
01:39:27 DEBUG [3868978960] [Bridge.Action] fetch_custom_face_detail params=count=100
01:39:44 DEBUG              [MsgPush.UnknownElement] wire element ignored unknownTag=1 wireType=2 count=1 bytes=34 reason=no schema decoder path=body.richText
01:39:44 DEBUG              [MsgPush.UnknownElement] wire element ignored unknownTag=10 wireType=0 count=1 bytes=1 reason=no schema decoder path=elem.generalFlags
01:39:44 DEBUG              [MsgPush.UnknownElement] wire element ignored unknownTag=12 wireType=0 count=1 bytes=1 reason=no schema decoder path=elem.generalFlags
01:39:44 DEBUG              [MsgPush.UnknownElement] wire element ignored unknownTag=13 wireType=0 count=1 bytes=1 reason=no schema decoder path=elem.generalFlags
01:39:44 DEBUG              [MsgPush.UnknownElement] wire element ignored unknownTag=16 wireType=0 count=1 bytes=1 reason=no schema decoder path=elem.generalFlags
01:39:44 DEBUG              [MsgPush.UnknownElement] wire element ignored unknownTag=17 wireType=0 count=1 bytes=3 reason=no schema decoder path=elem.generalFlags
01:39:44 DEBUG              [MsgPush.UnknownElement] wire element ignored unknownTag=19 wireType=2 count=1 bytes=113 reason=no schema decoder path=elem.generalFlags
01:39:44 DEBUG              [MsgPush.UnknownElement] wire element ignored unknownTag=9 wireType=2 count=1 bytes=8 reason=no schema decoder path=elem
01:39:44 OK    [3868978960] [Event] 群 [梨小达的小屋二号(175073951)] | [我是梦蓝咯(3630797734)]: ID:-266483856 /cmdlook
01:39:44 DEBUG [3868978960] [Bridge.Action] send_group_msg params=group_id=175073951 message=[len=1]
01:39:45 INFO               [OneBot] 群聊 175073951 | 发送：正在截取屏幕...
01:39:45 DEBUG              [MsgPush.UnknownElement] wire element ignored unknownTag=1 wireType=2 count=1 bytes=34 reason=no schema decoder path=body.richText
01:39:45 DEBUG              [MsgPush.UnknownElement] wire element ignored unknownTag=9 wireType=2 count=1 bytes=5 reason=no schema decoder path=elem
01:39:45 DEBUG              [MsgPush.UnknownElement] wire element ignored unknownTag=10 wireType=0 count=1 bytes=1 reason=no schema decoder path=elem.generalFlags
01:39:45 DEBUG              [MsgPush.UnknownElement] wire element ignored unknownTag=12 wireType=0 count=1 bytes=1 reason=no schema decoder path=elem.generalFlags
01:39:45 DEBUG              [MsgPush.UnknownElement] wire element ignored unknownTag=13 wireType=0 count=1 bytes=1 reason=no schema decoder path=elem.generalFlags
01:39:45 DEBUG              [MsgPush.UnknownElement] wire element ignored unknownTag=19 wireType=2 count=1 bytes=93 reason=no schema decoder path=elem.generalFlags
01:39:45 OK    [3868978960] [Event] [自身] 群 [梨小达的小屋二号(175073951)] | [(ㆀ˘･з･˘)(3868978960)]: ID:-396083690 正在截取屏幕...
01:39:45 DEBUG [3868978960] [Bridge.Action] send_group_msg params=group_id=175073951 message=[len=1]
01:39:45 DEBUG [3868978960] [Highway.Image] uploading 2358013 bytes md5=18dc9b9c... → group 175073951
01:39:46 DEBUG [3868978960] [Highway] image OIDB requires bytes, PUT 2358013 bytes (sub=top)
01:39:48 DEBUG              [Highway] highway upload done: 2358013 bytes over 1 connection(s) (cmdId=1004)
01:39:48 DEBUG [3868978960] [Highway] image PUT done in 2228ms
01:39:49 INFO               [OneBot] 群聊 175073951 | 发送：[图片]
01:39:49 DEBUG              [MsgPush.UnknownElement] wire element ignored unknownTag=1 wireType=2 count=1 bytes=34 reason=no schema decoder path=body.richText
01:39:49 DEBUG              [MsgPush.UnknownElement] wire element ignored unknownTag=9 wireType=2 count=1 bytes=3 reason=no schema decoder path=elem
01:39:49 DEBUG              [MsgPush.UnknownElement] wire element ignored unknownTag=10 wireType=0 count=1 bytes=1 reason=no schema decoder path=elem.generalFlags
01:39:49 DEBUG              [MsgPush.UnknownElement] wire element ignored unknownTag=12 wireType=0 count=1 bytes=1 reason=no schema decoder path=elem.generalFlags
01:39:49 DEBUG              [MsgPush.UnknownElement] wire element ignored unknownTag=13 wireType=0 count=1 bytes=1 reason=no schema decoder path=elem.generalFlags
01:39:49 DEBUG              [MsgPush.UnknownElement] wire element ignored unknownTag=19 wireType=2 count=1 bytes=94 reason=no schema decoder path=elem.generalFlags
01:39:49 OK    [3868978960] [Event] [自身] 群 [梨小达的小屋二号(175073951)] | [(ㆀ˘･з･˘)(3868978960)]: ID:495497458 [图片]
01:39:53 DEBUG              [MsgPush.UnknownElement] wire element ignored unknownTag=1 wireType=2 count=1 bytes=34 reason=no schema decoder path=body.richText
01:39:53 DEBUG              [MsgPush.UnknownElement] wire element ignored unknownTag=10 wireType=0 count=1 bytes=1 reason=no schema decoder path=elem.generalFlags
01:39:53 DEBUG              [MsgPush.UnknownElement] wire element ignored unknownTag=12 wireType=0 count=1 bytes=1 reason=no schema decoder path=elem.generalFlags
01:39:53 DEBUG              [MsgPush.UnknownElement] wire element ignored unknownTag=13 wireType=0 count=1 bytes=1 reason=no schema decoder path=elem.generalFlags
01:39:53 DEBUG              [MsgPush.UnknownElement] wire element ignored unknownTag=16 wireType=0 count=1 bytes=1 reason=no schema decoder path=elem.generalFlags
01:39:53 DEBUG              [MsgPush.UnknownElement] wire element ignored unknownTag=17 wireType=0 count=1 bytes=3 reason=no schema decoder path=elem.generalFlags
01:39:53 DEBUG              [MsgPush.UnknownElement] wire element ignored unknownTag=19 wireType=2 count=1 bytes=113 reason=no schema decoder path=elem.generalFlags
01:39:53 DEBUG              [MsgPush.UnknownElement] wire element ignored unknownTag=9 wireType=2 count=1 bytes=8 reason=no schema decoder path=elem
01:39:53 OK    [3868978960] [Event] 群 [梨小达的小屋二号(175073951)] | [我是梦蓝咯(3630797734)]: ID:-1739515800 ？
01:40:03 DEBUG              [MsgPush.UnknownElement] wire element ignored unknownTag=1 wireType=2 count=1 bytes=33 reason=no schema decoder path=body.richText
01:40:03 DEBUG              [MsgPush.UnknownElement] wire element ignored unknownTag=10 wireType=0 count=1 bytes=1 reason=no schema decoder path=elem.generalFlags
01:40:03 DEBUG              [MsgPush.UnknownElement] wire element ignored unknownTag=12 wireType=0 count=1 bytes=1 reason=no schema decoder path=elem.generalFlags
01:40:03 DEBUG              [MsgPush.UnknownElement] wire element ignored unknownTag=13 wireType=0 count=1 bytes=1 reason=no schema decoder path=elem.generalFlags
01:40:03 DEBUG              [MsgPush.UnknownElement] wire element ignored unknownTag=16 wireType=0 count=1 bytes=1 reason=no schema decoder path=elem.generalFlags
01:40:03 DEBUG              [MsgPush.UnknownElement] wire element ignored unknownTag=17 wireType=0 count=1 bytes=3 reason=no schema decoder path=elem.generalFlags
01:40:03 DEBUG              [MsgPush.UnknownElement] wire element ignored unknownTag=19 wireType=2 count=1 bytes=114 reason=no schema decoder path=elem.generalFlags
01:40:03 DEBUG              [MsgPush.UnknownElement] wire element ignored unknownTag=9 wireType=2 count=1 bytes=8 reason=no schema decoder path=elem
01:40:03 OK    [3868978960] [Event] 群 [梨小达的小屋二号(175073951)] | [我是梦蓝咯(3630797734)]: ID:-55059483 怎么给我窗口关了
01:40:07 DEBUG              [MsgPush.UnknownElement] wire element ignored unknownTag=1 wireType=2 count=1 bytes=34 reason=no schema decoder path=body.richText
01:40:07 DEBUG              [MsgPush.UnknownElement] wire element ignored unknownTag=10 wireType=0 count=1 bytes=1 reason=no schema decoder path=elem.generalFlags
01:40:07 DEBUG              [MsgPush.UnknownElement] wire element ignored unknownTag=12 wireType=0 count=1 bytes=1 reason=no schema decoder path=elem.generalFlags
01:40:07 DEBUG              [MsgPush.UnknownElement] wire element ignored unknownTag=13 wireType=0 count=1 bytes=1 reason=no schema decoder path=elem.generalFlags
01:40:07 DEBUG              [MsgPush.UnknownElement] wire element ignored unknownTag=16 wireType=0 count=1 bytes=1 reason=no schema decoder path=elem.generalFlags
01:40:07 DEBUG              [MsgPush.UnknownElement] wire element ignored unknownTag=17 wireType=0 count=1 bytes=3 reason=no schema decoder path=elem.generalFlags
01:40:07 DEBUG              [MsgPush.UnknownElement] wire element ignored unknownTag=19 wireType=2 count=1 bytes=114 reason=no schema decoder path=elem.generalFlags
01:40:07 DEBUG              [MsgPush.UnknownElement] wire element ignored unknownTag=9 wireType=2 count=1 bytes=8 reason=no schema decoder path=elem
01:40:07 OK    [3868978960] [Event] 群 [梨小达的小屋二号(175073951)] | [我是梦蓝咯(3630797734)]: ID:555948182 何意味
01:45:57 INFO               [App] SnowLuma starting
01:45:57 INFO               [WebUI] login rate-limit keyed by: socket peer (default)
01:45:57 INFO               [WebUI] listening http://127.0.0.1:5099
01:45:57 DEBUG              [Bridge] session started: UIN=3868978960
01:45:57 OK                 [Hook] login detected: PID=14468 UIN=3868978960
01:45:57 INFO               [SysFace] system face catalog restored: entries=393 uniqueFaces=357 overlaps=36 packs=11 fetchedAt=1790098036971 elapsedMs=7
01:45:57 INFO               [Hook] pipe connected: PID=14468
01:45:57 INFO               [Bridge] friends loaded: UIN=3868978960 count=2
01:45:57 DEBUG              [Bridge] self info: UIN=3868978960 uid=u_jZJgPsdnXIKKkbBRm7oOyQ nickname=(ㆀ˘･з･˘)
01:45:57 INFO               [OneBot] session started: UIN=3868978960
01:45:57 OK    [3868978960] [OneBot.HTTP] [http-default] listening 127.0.0.1:3000/
01:45:57 OK    [3868978960] [OneBot.WS-Server] [ws-default] listening 127.0.0.1:3001/
01:45:57 INFO               [OneBot] network startup applied: UIN=3868978960 adapters=2
01:45:57 INFO               [SysFace] system face catalog refreshed: entries=393 uniqueFaces=357 overlaps=36 packs=11 elapsedMs=243
01:45:57 INFO               [OneBot] rkeys loaded: UIN=3868978960 count=2
01:45:57 INFO               [Bridge] groups loaded: UIN=3868978960 count=3
01:45:58 INFO               [Bridge.Contacts] loaded robot UIN ranges uin=3868978960 version=206 count=5
01:46:00 INFO               [Bridge] member warmup completed: UIN=3868978960 groups=3/3 members=4152 failed=0
01:46:00 DEBUG [3868978960] [Event] login history sync disabled for this account lifecycle
01:46:27 DEBUG              [MsgPush.UnknownElement] wire element ignored unknownTag=1 wireType=2 count=1 bytes=34 reason=no schema decoder path=body.richText
01:46:27 DEBUG              [MsgPush.UnknownElement] wire element ignored unknownTag=10 wireType=0 count=1 bytes=1 reason=no schema decoder path=elem.generalFlags
01:46:27 DEBUG              [MsgPush.UnknownElement] wire element ignored unknownTag=12 wireType=0 count=1 bytes=1 reason=no schema decoder path=elem.generalFlags
01:46:27 DEBUG              [MsgPush.UnknownElement] wire element ignored unknownTag=13 wireType=0 count=1 bytes=1 reason=no schema decoder path=elem.generalFlags
01:46:27 DEBUG              [MsgPush.UnknownElement] wire element ignored unknownTag=17 wireType=0 count=1 bytes=1 reason=no schema decoder path=elem.generalFlags
01:46:27 DEBUG              [MsgPush.UnknownElement] wire element ignored unknownTag=19 wireType=2 count=1 bytes=108 reason=no schema decoder path=elem.generalFlags
01:46:27 DEBUG              [MsgPush.UnknownElement] wire element ignored unknownTag=9 wireType=2 count=1 bytes=8 reason=no schema decoder path=elem
01:46:27 DEBUG              [MsgPush.UnknownElement] wire element ignored unknownTag=11 wireType=0 count=1 bytes=1 reason=no schema decoder path=text.pbReserve
01:46:27 OK    [3868978960] [Event] 群 [NSUK模组-高级用户群(455415527)] | [我是梦蓝咯(3630797734)]: ID:381031911 @3868978960 [空消息]
01:46:27 DEBUG [3868978960] [Bridge.Action] get_group_member_info params=group_id=455415527 user_id=3868978960
01:46:27 DEBUG [3868978960] [Bridge.Action] send_group_msg params=group_id=455415527 message=[len=1]
01:46:27 DEBUG [3868978960] [Highway.Image] uploading 721953 bytes md5=52c1089e... → group 455415527
01:46:27 DEBUG [3868978960] [Highway] image fast-upload hit for sub=top (server reusing cached resource)
01:46:27 DEBUG [3868978960] [Highway] image fast-upload hit (server already had bytes)
01:46:28 INFO               [OneBot] 群聊 455415527 | 发送：[图片]
01:46:28 DEBUG              [MsgPush.UnknownElement] wire element ignored unknownTag=1 wireType=2 count=1 bytes=34 reason=no schema decoder path=body.richText
01:46:28 DEBUG              [MsgPush.UnknownElement] wire element ignored unknownTag=9 wireType=2 count=1 bytes=3 reason=no schema decoder path=elem
01:46:28 DEBUG              [MsgPush.UnknownElement] wire element ignored unknownTag=10 wireType=0 count=1 bytes=1 reason=no schema decoder path=elem.generalFlags
01:46:28 DEBUG              [MsgPush.UnknownElement] wire element ignored unknownTag=12 wireType=0 count=1 bytes=1 reason=no schema decoder path=elem.generalFlags
01:46:28 DEBUG              [MsgPush.UnknownElement] wire element ignored unknownTag=13 wireType=0 count=1 bytes=1 reason=no schema decoder path=elem.generalFlags
01:46:28 DEBUG              [MsgPush.UnknownElement] wire element ignored unknownTag=19 wireType=2 count=1 bytes=94 reason=no schema decoder path=elem.generalFlags
01:46:28 OK    [3868978960] [Event] [自身] 群 [NSUK模组-高级用户群(455415527)] | [机器人测试账号(3868978960)]: ID:-2092630394 [图片]
01:46:36 DEBUG              [MsgPush.UnknownElement] wire element ignored unknownTag=1 wireType=2 count=1 bytes=34 reason=no schema decoder path=body.richText
01:46:36 DEBUG              [MsgPush.UnknownElement] wire element ignored unknownTag=10 wireType=0 count=1 bytes=1 reason=no schema decoder path=elem.generalFlags
01:46:36 DEBUG              [MsgPush.UnknownElement] wire element ignored unknownTag=12 wireType=0 count=1 bytes=1 reason=no schema decoder path=elem.generalFlags
01:46:36 DEBUG              [MsgPush.UnknownElement] wire element ignored unknownTag=13 wireType=0 count=1 bytes=1 reason=no schema decoder path=elem.generalFlags
01:46:36 DEBUG              [MsgPush.UnknownElement] wire element ignored unknownTag=17 wireType=0 count=1 bytes=1 reason=no schema decoder path=elem.generalFlags
01:46:36 DEBUG              [MsgPush.UnknownElement] wire element ignored unknownTag=19 wireType=2 count=1 bytes=108 reason=no schema decoder path=elem.generalFlags
01:46:36 DEBUG              [MsgPush.UnknownElement] wire element ignored unknownTag=9 wireType=2 count=1 bytes=8 reason=no schema decoder path=elem
01:46:36 OK    [3868978960] [Event] 群 [NSUK模组-高级用户群(455415527)] | [我是梦蓝咯(3630797734)]: ID:-1108105469 /cmdlook
01:46:36 DEBUG [3868978960] [Bridge.Action] send_group_msg params=group_id=455415527 message=[len=1]
01:46:36 INFO               [OneBot] 群聊 455415527 | 发送：正在截取屏幕...
01:46:36 DEBUG              [MsgPush.UnknownElement] wire element ignored unknownTag=1 wireType=2 count=1 bytes=33 reason=no schema decoder path=body.richText
01:46:36 DEBUG              [MsgPush.UnknownElement] wire element ignored unknownTag=9 wireType=2 count=1 bytes=5 reason=no schema decoder path=elem
01:46:36 DEBUG              [MsgPush.UnknownElement] wire element ignored unknownTag=10 wireType=0 count=1 bytes=1 reason=no schema decoder path=elem.generalFlags
01:46:36 DEBUG              [MsgPush.UnknownElement] wire element ignored unknownTag=12 wireType=0 count=1 bytes=1 reason=no schema decoder path=elem.generalFlags
01:46:36 DEBUG              [MsgPush.UnknownElement] wire element ignored unknownTag=13 wireType=0 count=1 bytes=1 reason=no schema decoder path=elem.generalFlags
01:46:36 DEBUG              [MsgPush.UnknownElement] wire element ignored unknownTag=19 wireType=2 count=1 bytes=93 reason=no schema decoder path=elem.generalFlags
01:46:36 OK    [3868978960] [Event] [自身] 群 [NSUK模组-高级用户群(455415527)] | [机器人测试账号(3868978960)]: ID:912102503 正在截取屏幕...
01:46:37 DEBUG [3868978960] [Bridge.Action] send_group_msg params=group_id=455415527 message=[len=1]
01:46:37 DEBUG [3868978960] [Highway.Image] uploading 963420 bytes md5=bc394f3f... → group 455415527
01:46:38 DEBUG [3868978960] [Highway] image OIDB requires bytes, PUT 963420 bytes (sub=top)
01:46:39 DEBUG              [Highway] highway upload done: 963420 bytes over 1 connection(s) (cmdId=1004)
01:46:39 DEBUG [3868978960] [Highway] image PUT done in 1359ms
01:46:40 INFO               [OneBot] 群聊 455415527 | 发送：[图片]
01:46:40 DEBUG              [MsgPush.UnknownElement] wire element ignored unknownTag=1 wireType=2 count=1 bytes=34 reason=no schema decoder path=body.richText
01:46:40 DEBUG              [MsgPush.UnknownElement] wire element ignored unknownTag=9 wireType=2 count=1 bytes=3 reason=no schema decoder path=elem
01:46:40 DEBUG              [MsgPush.UnknownElement] wire element ignored unknownTag=10 wireType=0 count=1 bytes=1 reason=no schema decoder path=elem.generalFlags
01:46:40 DEBUG              [MsgPush.UnknownElement] wire element ignored unknownTag=12 wireType=0 count=1 bytes=1 reason=no schema decoder path=elem.generalFlags
01:46:40 DEBUG              [MsgPush.UnknownElement] wire element ignored unknownTag=13 wireType=0 count=1 bytes=1 reason=no schema decoder path=elem.generalFlags
01:46:40 DEBUG              [MsgPush.UnknownElement] wire element ignored unknownTag=19 wireType=2 count=1 bytes=93 reason=no schema decoder path=elem.generalFlags
01:46:40 OK    [3868978960] [Event] [自身] 群 [NSUK模组-高级用户群(455415527)] | [机器人测试账号(3868978960)]: ID:-2105646707 [图片]
01:46:57 DEBUG              [MsgPush.UnknownElement] wire element ignored unknownTag=1 wireType=2 count=1 bytes=34 reason=no schema decoder path=body.richText
01:46:57 DEBUG              [MsgPush.UnknownElement] wire element ignored unknownTag=10 wireType=0 count=1 bytes=1 reason=no schema decoder path=elem.generalFlags
01:46:57 DEBUG              [MsgPush.UnknownElement] wire element ignored unknownTag=12 wireType=0 count=1 bytes=1 reason=no schema decoder path=elem.generalFlags
01:46:57 DEBUG              [MsgPush.UnknownElement] wire element ignored unknownTag=13 wireType=0 count=1 bytes=1 reason=no schema decoder path=elem.generalFlags
01:46:57 DEBUG              [MsgPush.UnknownElement] wire element ignored unknownTag=17 wireType=0 count=1 bytes=1 reason=no schema decoder path=elem.generalFlags
01:46:57 DEBUG              [MsgPush.UnknownElement] wire element ignored unknownTag=19 wireType=2 count=1 bytes=107 reason=no schema decoder path=elem.generalFlags
01:46:57 DEBUG              [MsgPush.UnknownElement] wire element ignored unknownTag=9 wireType=2 count=1 bytes=8 reason=no schema decoder path=elem
01:46:57 DEBUG              [MsgPush.UnknownElement] wire element ignored unknownTag=11 wireType=0 count=1 bytes=1 reason=no schema decoder path=text.pbReserve
01:46:57 OK    [3868978960] [Event] 群 [NSUK模组-高级用户群(455415527)] | [我是梦蓝咯(3630797734)]: ID:-1371734691 @3868978960 [空消息]
01:46:57 DEBUG [3868978960] [Bridge.Action] send_group_msg params=group_id=455415527 message=[len=1]
01:46:57 DEBUG [3868978960] [Highway.Image] uploading 721953 bytes md5=52c1089e... → group 455415527
01:46:57 DEBUG [3868978960] [Highway] image fast-upload hit for sub=top (server reusing cached resource)
01:46:57 DEBUG [3868978960] [Highway] image fast-upload hit (server already had bytes)
01:46:57 INFO               [OneBot] 群聊 455415527 | 发送：[图片]
01:46:58 DEBUG              [MsgPush.UnknownElement] wire element ignored unknownTag=1 wireType=2 count=1 bytes=34 reason=no schema decoder path=body.richText
01:46:58 DEBUG              [MsgPush.UnknownElement] wire element ignored unknownTag=9 wireType=2 count=1 bytes=3 reason=no schema decoder path=elem
01:46:58 DEBUG              [MsgPush.UnknownElement] wire element ignored unknownTag=10 wireType=0 count=1 bytes=1 reason=no schema decoder path=elem.generalFlags
01:46:58 DEBUG              [MsgPush.UnknownElement] wire element ignored unknownTag=12 wireType=0 count=1 bytes=1 reason=no schema decoder path=elem.generalFlags
01:46:58 DEBUG              [MsgPush.UnknownElement] wire element ignored unknownTag=13 wireType=0 count=1 bytes=1 reason=no schema decoder path=elem.generalFlags
01:46:58 DEBUG              [MsgPush.UnknownElement] wire element ignored unknownTag=19 wireType=2 count=1 bytes=94 reason=no schema decoder path=elem.generalFlags
01:46:58 OK    [3868978960] [Event] [自身] 群 [NSUK模组-高级用户群(455415527)] | [机器人测试账号(3868978960)]: ID:1474919859 [图片]
01:47:52 DEBUG              [MsgPush.Unknown] Event0x2DC subType=16 unhandled field13=40
01:50:05 INFO               [App] SnowLuma starting
01:50:05 INFO               [WebUI] login rate-limit keyed by: socket peer (default)
01:50:05 INFO               [WebUI] listening http://127.0.0.1:5099
01:50:05 DEBUG              [Bridge] session started: UIN=3868978960
01:50:05 OK                 [Hook] login detected: PID=14468 UIN=3868978960
01:50:05 INFO               [SysFace] system face catalog restored: entries=393 uniqueFaces=357 overlaps=36 packs=11 fetchedAt=1790099157846 elapsedMs=6
01:50:05 INFO               [Hook] pipe connected: PID=14468
01:50:05 INFO               [Bridge] friends loaded: UIN=3868978960 count=2
01:50:05 DEBUG              [Bridge] self info: UIN=3868978960 uid=u_jZJgPsdnXIKKkbBRm7oOyQ nickname=(ㆀ˘･з･˘)
01:50:05 INFO               [OneBot] session started: UIN=3868978960
01:50:05 OK    [3868978960] [OneBot.HTTP] [http-default] listening 127.0.0.1:3000/
01:50:05 OK    [3868978960] [OneBot.WS-Server] [ws-default] listening 127.0.0.1:3001/
01:50:05 INFO               [OneBot] network startup applied: UIN=3868978960 adapters=2
01:50:05 INFO               [SysFace] system face catalog refreshed: entries=393 uniqueFaces=357 overlaps=36 packs=11 elapsedMs=235
01:50:05 INFO               [OneBot] rkeys loaded: UIN=3868978960 count=2
01:50:05 INFO               [Bridge] groups loaded: UIN=3868978960 count=3
01:50:05 INFO               [Bridge.Contacts] loaded robot UIN ranges uin=3868978960 version=206 count=5
01:50:07 INFO               [Bridge] member warmup completed: UIN=3868978960 groups=3/3 members=4152 failed=0
01:50:07 DEBUG [3868978960] [Event] login history sync disabled for this account lifecycle
01:50:14 DEBUG [3868978960] [Bridge.Action] get_login_info params=
01:50:14 DEBUG [3868978960] [Bridge.Action] fetch_custom_face_detail params=count=100
01:50:14 WARN  [3868978960] [OneBot.WS-Server] [ws-default] socket error: read ECONNRESET
01:50:14 ERROR [3868978960] [OneBot.WS-Server] [ws-default] inbound action failed: StreamTransportClosedError: stream client disconnected
    at file:///C:/Users/%E5%B0%8F%E4%BA%AE%E5%82%BB%E9%80%BC/Desktop/SnowLuma-v1.14.19-win-x64/index.mjs:227460:11
    at new Promise (<anonymous>)
    at safeSendAsync (file:///C:/Users/%E5%B0%8F%E4%BA%AE%E5%82%BB%E9%80%BC/Desktop/SnowLuma-v1.14.19-win-x64/index.mjs:227458:9)
    at file:///C:/Users/%E5%B0%8F%E4%BA%AE%E5%82%BB%E9%80%BC/Desktop/SnowLuma-v1.14.19-win-x64/index.mjs:227692:60
    at ApiHandler.processStreamRequest (file:///C:/Users/%E5%B0%8F%E4%BA%AE%E5%82%BB%E9%80%BC/Desktop/SnowLuma-v1.14.19-win-x64/index.mjs:3498:10)
    at process.processTicksAndRejections (node:internal/process/task_queues:105:5)
    at async WsServerConnections.handleApiMessage (file:///C:/Users/%E5%B0%8F%E4%BA%AE%E5%82%BB%E9%80%BC/Desktop/SnowLuma-v1.14.19-win-x64/index.mjs:227692:3)
01:50:38 WARN               [App] Shutting down (SIGINT)...
01:50:38 INFO  [3868978960] [Bridge.Action] Action ingress quiesced
01:50:38 DEBUG              [Bridge] session closed: UIN=3868978960
01:50:46 INFO               [App] SnowLuma starting
01:50:46 INFO               [WebUI] login rate-limit keyed by: socket peer (default)
01:50:46 INFO               [WebUI] listening http://127.0.0.1:5099
01:50:46 DEBUG              [Bridge] session started: UIN=3868978960
01:50:46 OK                 [Hook] login detected: PID=14468 UIN=3868978960
01:50:46 INFO               [SysFace] system face catalog restored: entries=393 uniqueFaces=357 overlaps=36 packs=11 fetchedAt=1790099405607 elapsedMs=7
01:50:46 INFO               [Hook] pipe connected: PID=14468
01:50:46 INFO               [Bridge] friends loaded: UIN=3868978960 count=2
01:50:46 DEBUG              [Bridge] self info: UIN=3868978960 uid=u_jZJgPsdnXIKKkbBRm7oOyQ nickname=(ㆀ˘･з･˘)
01:50:47 INFO               [OneBot] session started: UIN=3868978960
01:50:47 OK    [3868978960] [OneBot.HTTP] [http-default] listening 127.0.0.1:3000/
01:50:47 OK    [3868978960] [OneBot.WS-Server] [ws-default] listening 127.0.0.1:3001/
01:50:47 INFO               [OneBot] network startup applied: UIN=3868978960 adapters=2
01:50:47 INFO               [SysFace] system face catalog refreshed: entries=393 uniqueFaces=357 overlaps=36 packs=11 elapsedMs=228
01:50:47 INFO               [OneBot] rkeys loaded: UIN=3868978960 count=2
01:50:47 INFO               [Bridge] groups loaded: UIN=3868978960 count=3
01:50:47 INFO               [Bridge.Contacts] loaded robot UIN ranges uin=3868978960 version=206 count=5
01:50:49 INFO               [Bridge] member warmup completed: UIN=3868978960 groups=3/3 members=4152 failed=0
01:50:49 DEBUG [3868978960] [Event] login history sync disabled for this account lifecycle
01:51:09 WARN  [3868978960] [OneBot.WS-Server] [ws-default] socket error: read ECONNRESET
01:51:22 DEBUG [3868978960] [Bridge.Action] get_login_info params=
01:51:22 DEBUG [3868978960] [Bridge.Action] fetch_custom_face_detail params=count=100
01:52:05 DEBUG              [MsgPush.UnknownElement] wire element ignored unknownTag=1 wireType=2 count=1 bytes=34 reason=no schema decoder path=body.richText
01:52:05 DEBUG              [MsgPush.UnknownElement] wire element ignored unknownTag=10 wireType=0 count=1 bytes=1 reason=no schema decoder path=elem.generalFlags
01:52:05 DEBUG              [MsgPush.UnknownElement] wire element ignored unknownTag=12 wireType=0 count=1 bytes=1 reason=no schema decoder path=elem.generalFlags
01:52:05 DEBUG              [MsgPush.UnknownElement] wire element ignored unknownTag=13 wireType=0 count=1 bytes=1 reason=no schema decoder path=elem.generalFlags
01:52:05 DEBUG              [MsgPush.UnknownElement] wire element ignored unknownTag=17 wireType=0 count=1 bytes=1 reason=no schema decoder path=elem.generalFlags
01:52:05 DEBUG              [MsgPush.UnknownElement] wire element ignored unknownTag=19 wireType=2 count=1 bytes=106 reason=no schema decoder path=elem.generalFlags
01:52:05 DEBUG              [MsgPush.UnknownElement] wire element ignored unknownTag=9 wireType=2 count=1 bytes=8 reason=no schema decoder path=elem
01:52:05 OK    [3868978960] [Event] 群 [梨小达的小屋二号(175073951)] | [我是梦蓝咯(3630797734)]: ID:-1081006666 /cmdlook
01:52:05 DEBUG [3868978960] [Bridge.Action] send_group_msg params=group_id=175073951 message=[len=1]
01:52:05 INFO               [OneBot] 群聊 175073951 | 发送：正在截取屏幕...
01:52:05 DEBUG              [MsgPush.UnknownElement] wire element ignored unknownTag=1 wireType=2 count=1 bytes=34 reason=no schema decoder path=body.richText
01:52:05 DEBUG              [MsgPush.UnknownElement] wire element ignored unknownTag=9 wireType=2 count=1 bytes=5 reason=no schema decoder path=elem
01:52:05 DEBUG              [MsgPush.UnknownElement] wire element ignored unknownTag=10 wireType=0 count=1 bytes=1 reason=no schema decoder path=elem.generalFlags
01:52:05 DEBUG              [MsgPush.UnknownElement] wire element ignored unknownTag=12 wireType=0 count=1 bytes=1 reason=no schema decoder path=elem.generalFlags
01:52:05 DEBUG              [MsgPush.UnknownElement] wire element ignored unknownTag=13 wireType=0 count=1 bytes=1 reason=no schema decoder path=elem.generalFlags
01:52:05 DEBUG              [MsgPush.UnknownElement] wire element ignored unknownTag=19 wireType=2 count=1 bytes=93 reason=no schema decoder path=elem.generalFlags
01:52:05 OK    [3868978960] [Event] [自身] 群 [梨小达的小屋二号(175073951)] | [(ㆀ˘･з･˘)(3868978960)]: ID:1451703279 正在截取屏幕...
01:52:06 DEBUG [3868978960] [Bridge.Action] send_group_msg params=group_id=175073951 message=[len=1]
01:52:06 DEBUG [3868978960] [Highway.Image] uploading 604550 bytes md5=6161efbd... → group 175073951
01:52:07 DEBUG [3868978960] [Highway] image OIDB requires bytes, PUT 604550 bytes (sub=top)
01:52:08 DEBUG              [Highway] highway upload done: 604550 bytes over 1 connection(s) (cmdId=1004)
01:52:08 DEBUG [3868978960] [Highway] image PUT done in 1116ms
01:52:09 INFO               [OneBot] 群聊 175073951 | 发送：[图片]
01:52:09 DEBUG              [MsgPush.UnknownElement] wire element ignored unknownTag=1 wireType=2 count=1 bytes=33 reason=no schema decoder path=body.richText
01:52:09 DEBUG              [MsgPush.UnknownElement] wire element ignored unknownTag=9 wireType=2 count=1 bytes=3 reason=no schema decoder path=elem
01:52:09 DEBUG              [MsgPush.UnknownElement] wire element ignored unknownTag=10 wireType=0 count=1 bytes=1 reason=no schema decoder path=elem.generalFlags
01:52:09 DEBUG              [MsgPush.UnknownElement] wire element ignored unknownTag=12 wireType=0 count=1 bytes=1 reason=no schema decoder path=elem.generalFlags
01:52:09 DEBUG              [MsgPush.UnknownElement] wire element ignored unknownTag=13 wireType=0 count=1 bytes=1 reason=no schema decoder path=elem.generalFlags
01:52:09 DEBUG              [MsgPush.UnknownElement] wire element ignored unknownTag=19 wireType=2 count=1 bytes=94 reason=no schema decoder path=elem.generalFlags
01:52:09 OK    [3868978960] [Event] [自身] 群 [梨小达的小屋二号(175073951)] | [(ㆀ˘･з･˘)(3868978960)]: ID:-51995373 [图片]
01:52:13 DEBUG              [MsgPush.UnknownElement] wire element ignored unknownTag=1 wireType=2 count=1 bytes=34 reason=no schema decoder path=body.richText
01:52:13 DEBUG              [MsgPush.UnknownElement] wire element ignored unknownTag=10 wireType=0 count=1 bytes=1 reason=no schema decoder path=elem.generalFlags
01:52:13 DEBUG              [MsgPush.UnknownElement] wire element ignored unknownTag=12 wireType=0 count=1 bytes=1 reason=no schema decoder path=elem.generalFlags
01:52:13 DEBUG              [MsgPush.UnknownElement] wire element ignored unknownTag=13 wireType=0 count=1 bytes=1 reason=no schema decoder path=elem.generalFlags
01:52:13 DEBUG              [MsgPush.UnknownElement] wire element ignored unknownTag=17 wireType=0 count=1 bytes=1 reason=no schema decoder path=elem.generalFlags
01:52:13 DEBUG              [MsgPush.UnknownElement] wire element ignored unknownTag=19 wireType=2 count=1 bytes=106 reason=no schema decoder path=elem.generalFlags
01:52:13 DEBUG              [MsgPush.UnknownElement] wire element ignored unknownTag=9 wireType=2 count=1 bytes=8 reason=no schema decoder path=elem
01:52:13 OK    [3868978960] [Event] 群 [梨小达的小屋二号(175073951)] | [我是梦蓝咯(3630797734)]: ID:-665532773 ok
01:52:21 DEBUG              [MsgPush.UnknownElement] wire element ignored unknownTag=1 wireType=2 count=1 bytes=33 reason=no schema decoder path=body.richText
01:52:21 DEBUG              [MsgPush.UnknownElement] wire element ignored unknownTag=10 wireType=0 count=1 bytes=1 reason=no schema decoder path=elem.generalFlags
01:52:21 DEBUG              [MsgPush.UnknownElement] wire element ignored unknownTag=12 wireType=0 count=1 bytes=1 reason=no schema decoder path=elem.generalFlags
01:52:21 DEBUG              [MsgPush.UnknownElement] wire element ignored unknownTag=13 wireType=0 count=1 bytes=1 reason=no schema decoder path=elem.generalFlags
01:52:21 DEBUG              [MsgPush.UnknownElement] wire element ignored unknownTag=17 wireType=0 count=1 bytes=1 reason=no schema decoder path=elem.generalFlags
01:52:21 DEBUG              [MsgPush.UnknownElement] wire element ignored unknownTag=19 wireType=2 count=1 bytes=106 reason=no schema decoder path=elem.generalFlags
01:52:21 DEBUG              [MsgPush.UnknownElement] wire element ignored unknownTag=9 wireType=2 count=1 bytes=8 reason=no schema decoder path=elem
01:52:21 OK    [3868978960] [Event] 群 [梨小达的小屋二号(175073951)] | [我是梦蓝咯(3630797734)]: ID:370183852 调好了
01:52:39 DEBUG              [MsgPush.UnknownElement] wire element ignored unknownTag=1 wireType=2 count=1 bytes=34 reason=no schema decoder path=body.richText
01:52:39 DEBUG              [MsgPush.UnknownElement] wire element ignored unknownTag=9 wireType=2 count=1 bytes=5 reason=no schema decoder path=elem
01:52:39 DEBUG              [MsgPush.UnknownElement] wire element ignored unknownTag=10 wireType=0 count=1 bytes=1 reason=no schema decoder path=elem.generalFlags
01:52:39 DEBUG              [MsgPush.UnknownElement] wire element ignored unknownTag=12 wireType=0 count=1 bytes=1 reason=no schema decoder path=elem.generalFlags
01:52:39 DEBUG              [MsgPush.UnknownElement] wire element ignored unknownTag=13 wireType=0 count=1 bytes=1 reason=no schema decoder path=elem.generalFlags
01:52:39 DEBUG              [MsgPush.UnknownElement] wire element ignored unknownTag=19 wireType=2 count=1 bytes=97 reason=no schema decoder path=elem.generalFlags
01:52:39 OK    [3868978960] [Event] 群 [NSUK模组-高级用户群(455415527)] | [筝沓乾(2587943532)]: ID:1924275618 ❔
01:52:47 DEBUG              [MsgPush.UnknownElement] wire element ignored unknownTag=1 wireType=2 count=1 bytes=34 reason=no schema decoder path=body.richText
01:52:47 DEBUG              [MsgPush.UnknownElement] wire element ignored unknownTag=10 wireType=0 count=1 bytes=1 reason=no schema decoder path=elem.generalFlags
01:52:47 DEBUG              [MsgPush.UnknownElement] wire element ignored unknownTag=12 wireType=0 count=1 bytes=1 reason=no schema decoder path=elem.generalFlags
01:52:47 DEBUG              [MsgPush.UnknownElement] wire element ignored unknownTag=13 wireType=0 count=1 bytes=1 reason=no schema decoder path=elem.generalFlags
01:52:47 DEBUG              [MsgPush.UnknownElement] wire element ignored unknownTag=17 wireType=0 count=1 bytes=1 reason=no schema decoder path=elem.generalFlags
01:52:47 DEBUG              [MsgPush.UnknownElement] wire element ignored unknownTag=19 wireType=2 count=1 bytes=107 reason=no schema decoder path=elem.generalFlags
01:52:47 DEBUG              [MsgPush.UnknownElement] wire element ignored unknownTag=9 wireType=2 count=1 bytes=8 reason=no schema decoder path=elem
01:52:47 OK    [3868978960] [Event] 群 [NSUK模组-高级用户群(455415527)] | [安沐尘(3384089540)]: ID:-1473283651 /cmdlook
01:52:47 DEBUG [3868978960] [Bridge.Action] send_group_msg params=group_id=455415527 message=[len=1]
01:52:47 INFO               [OneBot] 群聊 455415527 | 发送：管理命令仅管理员可用。
01:52:47 DEBUG              [MsgPush.UnknownElement] wire element ignored unknownTag=1 wireType=2 count=1 bytes=34 reason=no schema decoder path=body.richText
01:52:47 DEBUG              [MsgPush.UnknownElement] wire element ignored unknownTag=9 wireType=2 count=1 bytes=5 reason=no schema decoder path=elem
01:52:47 DEBUG              [MsgPush.UnknownElement] wire element ignored unknownTag=10 wireType=0 count=1 bytes=1 reason=no schema decoder path=elem.generalFlags
01:52:47 DEBUG              [MsgPush.UnknownElement] wire element ignored unknownTag=12 wireType=0 count=1 bytes=1 reason=no schema decoder path=elem.generalFlags
01:52:47 DEBUG              [MsgPush.UnknownElement] wire element ignored unknownTag=13 wireType=0 count=1 bytes=1 reason=no schema decoder path=elem.generalFlags
01:52:47 DEBUG              [MsgPush.UnknownElement] wire element ignored unknownTag=19 wireType=2 count=1 bytes=93 reason=no schema decoder path=elem.generalFlags
01:52:47 OK    [3868978960] [Event] [自身] 群 [NSUK模组-高级用户群(455415527)] | [机器人测试账号(3868978960)]: ID:777452271 管理命令仅管理员可用。
01:52:54 DEBUG              [MsgPush.UnknownElement] wire element ignored unknownTag=1 wireType=2 count=1 bytes=34 reason=no schema decoder path=body.richText
01:52:54 DEBUG              [MsgPush.UnknownElement] wire element ignored unknownTag=9 wireType=2 count=1 bytes=5 reason=no schema decoder path=elem
01:52:54 DEBUG              [MsgPush.UnknownElement] wire element ignored unknownTag=10 wireType=0 count=1 bytes=1 reason=no schema decoder path=elem.generalFlags
01:52:54 DEBUG              [MsgPush.UnknownElement] wire element ignored unknownTag=12 wireType=0 count=1 bytes=1 reason=no schema decoder path=elem.generalFlags
01:52:54 DEBUG              [MsgPush.UnknownElement] wire element ignored unknownTag=13 wireType=0 count=1 bytes=1 reason=no schema decoder path=elem.generalFlags
01:52:54 DEBUG              [MsgPush.UnknownElement] wire element ignored unknownTag=19 wireType=2 count=1 bytes=97 reason=no schema decoder path=elem.generalFlags
01:52:54 OK    [3868978960] [Event] 群 [NSUK模组-高级用户群(455415527)] | [筝沓乾(2587943532)]: ID:480390913 这什么雷霆表情包
01:53:49 DEBUG              [MsgPush.UnknownElement] wire element ignored unknownTag=1 wireType=2 count=1 bytes=33 reason=no schema decoder path=body.richText
01:53:49 DEBUG              [MsgPush.UnknownElement] wire element ignored unknownTag=2 wireType=2 count=1 bytes=21 reason=no schema decoder path=commonElem.msgInfo.msgInfoBody[0].hashSum
01:53:49 DEBUG              [MsgPush.UnknownElement] wire element ignored unknownTag=4 wireType=2 count=1 bytes=3 reason=no schema decoder path=commonElem.msgInfo.extBizInfo
01:53:49 DEBUG              [MsgPush.UnknownElement] wire element ignored unknownTag=3 wireType=0 count=1 bytes=1 reason=no schema decoder path=commonElem.msgInfo.extBizInfo.pic.extData
01:53:49 DEBUG              [MsgPush.UnknownElement] wire element ignored unknownTag=4 wireType=0 count=1 bytes=1 reason=no schema decoder path=commonElem.msgInfo.extBizInfo.pic.extData
01:53:49 DEBUG              [MsgPush.UnknownElement] wire element ignored unknownTag=10 wireType=0 count=1 bytes=1 reason=no schema decoder path=commonElem.msgInfo.extBizInfo.pic.extData
01:53:49 DEBUG              [MsgPush.UnknownElement] wire element ignored unknownTag=12 wireType=2 count=1 bytes=1 reason=no schema decoder path=commonElem.msgInfo.extBizInfo.pic.extData
01:53:49 DEBUG              [MsgPush.UnknownElement] wire element ignored unknownTag=18 wireType=2 count=1 bytes=1 reason=no schema decoder path=commonElem.msgInfo.extBizInfo.pic.extData
01:53:49 DEBUG              [MsgPush.UnknownElement] wire element ignored unknownTag=19 wireType=2 count=1 bytes=1 reason=no schema decoder path=commonElem.msgInfo.extBizInfo.pic.extData
01:53:49 DEBUG              [MsgPush.UnknownElement] wire element ignored unknownTag=21 wireType=2 count=1 bytes=13 reason=no schema decoder path=commonElem.msgInfo.extBizInfo.pic.extData
01:53:49 DEBUG              [MsgPush.UnknownElement] wire element ignored unknownTag=30 wireType=2 count=1 bytes=87 reason=no schema decoder path=commonElem.msgInfo.extBizInfo.pic.extData
01:53:49 DEBUG              [MsgPush.UnknownElement] wire element ignored unknownTag=31 wireType=2 count=1 bytes=33 reason=no schema decoder path=commonElem.msgInfo.extBizInfo.pic.extData
01:53:49 DEBUG              [MsgPush.UnknownElement] wire element ignored unknownTag=34 wireType=0 count=1 bytes=1 reason=no schema decoder path=commonElem.msgInfo.extBizInfo.pic.extData
01:53:49 DEBUG              [MsgPush.UnknownElement] wire element ignored unknownTag=9 wireType=2 count=1 bytes=5 reason=no schema decoder path=elem
01:53:49 DEBUG              [MsgPush.UnknownElement] wire element ignored unknownTag=10 wireType=0 count=1 bytes=1 reason=no schema decoder path=elem.generalFlags
01:53:49 DEBUG              [MsgPush.UnknownElement] wire element ignored unknownTag=12 wireType=0 count=1 bytes=1 reason=no schema decoder path=elem.generalFlags
01:53:49 DEBUG              [MsgPush.UnknownElement] wire element ignored unknownTag=13 wireType=0 count=1 bytes=1 reason=no schema decoder path=elem.generalFlags
01:53:49 DEBUG              [MsgPush.UnknownElement] wire element ignored unknownTag=19 wireType=2 count=1 bytes=92 reason=no schema decoder path=elem.generalFlags
01:53:49 OK    [3868978960] [Event] 群 [NSUK模组-用户群｜壹(1046985079)] | [沃利 肯威(2652960767)]: ID:-1696111965 [图片]
01:55:19 DEBUG              [Hook] receive health armed by QQ heartbeat: PID=14468 UIN=3868978960
01:56:27 WARN  [3868978960] [OneBot.WS-Server] [ws-default] socket error: read ECONNRESET
01:56:39 DEBUG [3868978960] [Bridge.Action] get_login_info params=
01:56:39 DEBUG [3868978960] [Bridge.Action] fetch_custom_face_detail params=count=100
01:57:25 DEBUG              [MsgPush.UnknownElement] wire element ignored unknownTag=1 wireType=2 count=1 bytes=34 reason=no schema decoder path=body.richText
01:57:25 DEBUG              [MsgPush.UnknownElement] wire element ignored unknownTag=10 wireType=0 count=1 bytes=1 reason=no schema decoder path=elem.generalFlags
01:57:25 DEBUG              [MsgPush.UnknownElement] wire element ignored unknownTag=12 wireType=0 count=1 bytes=1 reason=no schema decoder path=elem.generalFlags
01:57:25 DEBUG              [MsgPush.UnknownElement] wire element ignored unknownTag=13 wireType=0 count=1 bytes=1 reason=no schema decoder path=elem.generalFlags
01:57:25 DEBUG              [MsgPush.UnknownElement] wire element ignored unknownTag=17 wireType=0 count=1 bytes=1 reason=no schema decoder path=elem.generalFlags
01:57:25 DEBUG              [MsgPush.UnknownElement] wire element ignored unknownTag=19 wireType=2 count=1 bytes=107 reason=no schema decoder path=elem.generalFlags
01:57:25 DEBUG              [MsgPush.UnknownElement] wire element ignored unknownTag=9 wireType=2 count=1 bytes=8 reason=no schema decoder path=elem
01:57:25 OK    [3868978960] [Event] 群 [NSUK模组-高级用户群(455415527)] | [安沐尘(3384089540)]: ID:-1265203310 /cmdlook
01:57:25 DEBUG [3868978960] [Bridge.Action] send_group_msg params=group_id=455415527 message=[len=1]
01:57:25 INFO               [OneBot] 群聊 455415527 | 发送：管理命令仅管理员可用。
01:57:26 DEBUG              [MsgPush.UnknownElement] wire element ignored unknownTag=1 wireType=2 count=1 bytes=34 reason=no schema decoder path=body.richText
01:57:26 DEBUG              [MsgPush.UnknownElement] wire element ignored unknownTag=9 wireType=2 count=1 bytes=5 reason=no schema decoder path=elem
01:57:26 DEBUG              [MsgPush.UnknownElement] wire element ignored unknownTag=10 wireType=0 count=1 bytes=1 reason=no schema decoder path=elem.generalFlags
01:57:26 DEBUG              [MsgPush.UnknownElement] wire element ignored unknownTag=12 wireType=0 count=1 bytes=1 reason=no schema decoder path=elem.generalFlags
01:57:26 DEBUG              [MsgPush.UnknownElement] wire element ignored unknownTag=13 wireType=0 count=1 bytes=1 reason=no schema decoder path=elem.generalFlags
01:57:26 DEBUG              [MsgPush.UnknownElement] wire element ignored unknownTag=19 wireType=2 count=1 bytes=93 reason=no schema decoder path=elem.generalFlags
01:57:26 OK    [3868978960] [Event] [自身] 群 [NSUK模组-高级用户群(455415527)] | [机器人测试账号(3868978960)]: ID:300385467 管理命令仅管理员可用。
01:58:16 WARN  [3868978960] [OneBot.WS-Server] [ws-default] socket error: read ECONNRESET
01:58:22 DEBUG [3868978960] [Bridge.Action] get_login_info params=
01:58:22 DEBUG [3868978960] [Bridge.Action] fetch_custom_face_detail params=count=100
01:58:41 DEBUG              [MsgPush.UnknownElement] wire element ignored unknownTag=1 wireType=2 count=1 bytes=33 reason=no schema decoder path=body.richText
01:58:41 DEBUG              [MsgPush.UnknownElement] wire element ignored unknownTag=10 wireType=0 count=1 bytes=1 reason=no schema decoder path=elem.generalFlags
01:58:41 DEBUG              [MsgPush.UnknownElement] wire element ignored unknownTag=12 wireType=0 count=1 bytes=1 reason=no schema decoder path=elem.generalFlags
01:58:41 DEBUG              [MsgPush.UnknownElement] wire element ignored unknownTag=13 wireType=0 count=1 bytes=1 reason=no schema decoder path=elem.generalFlags
01:58:41 DEBUG              [MsgPush.UnknownElement] wire element ignored unknownTag=17 wireType=0 count=1 bytes=1 reason=no schema decoder path=elem.generalFlags
01:58:41 DEBUG              [MsgPush.UnknownElement] wire element ignored unknownTag=19 wireType=2 count=1 bytes=106 reason=no schema decoder path=elem.generalFlags
01:58:41 DEBUG              [MsgPush.UnknownElement] wire element ignored unknownTag=9 wireType=2 count=1 bytes=8 reason=no schema decoder path=elem
01:58:41 OK    [3868978960] [Event] 群 [NSUK模组-高级用户群(455415527)] | [安沐尘(3384089540)]: ID:592583288 /cmdlook
01:58:41 DEBUG [3868978960] [Bridge.Action] send_group_msg params=group_id=455415527 message=[len=1]
01:58:42 INFO               [OneBot] 群聊 455415527 | 发送：正在截取屏幕...
01:58:42 DEBUG              [MsgPush.UnknownElement] wire element ignored unknownTag=1 wireType=2 count=1 bytes=34 reason=no schema decoder path=body.richText
01:58:42 DEBUG              [MsgPush.UnknownElement] wire element ignored unknownTag=9 wireType=2 count=1 bytes=5 reason=no schema decoder path=elem
01:58:42 DEBUG              [MsgPush.UnknownElement] wire element ignored unknownTag=10 wireType=0 count=1 bytes=1 reason=no schema decoder path=elem.generalFlags
01:58:42 DEBUG              [MsgPush.UnknownElement] wire element ignored unknownTag=12 wireType=0 count=1 bytes=1 reason=no schema decoder path=elem.generalFlags
01:58:42 DEBUG              [MsgPush.UnknownElement] wire element ignored unknownTag=13 wireType=0 count=1 bytes=1 reason=no schema decoder path=elem.generalFlags
01:58:42 DEBUG              [MsgPush.UnknownElement] wire element ignored unknownTag=19 wireType=2 count=1 bytes=93 reason=no schema decoder path=elem.generalFlags
01:58:42 OK    [3868978960] [Event] [自身] 群 [NSUK模组-高级用户群(455415527)] | [机器人测试账号(3868978960)]: ID:-813170516 正在截取屏幕...
01:58:43 DEBUG [3868978960] [Bridge.Action] send_group_msg params=group_id=455415527 message=[len=1]
01:58:43 DEBUG [3868978960] [Highway.Image] uploading 1657565 bytes md5=2546427b... → group 455415527
01:58:43 DEBUG [3868978960] [Highway] image OIDB requires bytes, PUT 1657565 bytes (sub=top)
01:58:45 DEBUG              [Highway] highway upload done: 1657565 bytes over 1 connection(s) (cmdId=1004)
01:58:45 DEBUG [3868978960] [Highway] image PUT done in 1869ms
01:58:46 INFO               [OneBot] 群聊 455415527 | 发送：[图片]
01:58:46 DEBUG              [MsgPush.UnknownElement] wire element ignored unknownTag=1 wireType=2 count=1 bytes=34 reason=no schema decoder path=body.richText
01:58:46 DEBUG              [MsgPush.UnknownElement] wire element ignored unknownTag=9 wireType=2 count=1 bytes=3 reason=no schema decoder path=elem
01:58:46 DEBUG              [MsgPush.UnknownElement] wire element ignored unknownTag=10 wireType=0 count=1 bytes=1 reason=no schema decoder path=elem.generalFlags
01:58:46 DEBUG              [MsgPush.UnknownElement] wire element ignored unknownTag=12 wireType=0 count=1 bytes=1 reason=no schema decoder path=elem.generalFlags
01:58:46 DEBUG              [MsgPush.UnknownElement] wire element ignored unknownTag=13 wireType=0 count=1 bytes=1 reason=no schema decoder path=elem.generalFlags
01:58:46 DEBUG              [MsgPush.UnknownElement] wire element ignored unknownTag=19 wireType=2 count=1 bytes=91 reason=no schema decoder path=elem.generalFlags
01:58:46 OK    [3868978960] [Event] [自身] 群 [NSUK模组-高级用户群(455415527)] | [机器人测试账号(3868978960)]: ID:376607838 [图片]
02:03:59 INFO  [3868978960] [Event] 入群 2952930776 加入 [NSUK模组-用户群｜壹(1046985079)]
02:04:00 DEBUG              [MsgPush.UnknownElement] wire element ignored unknownTag=1 wireType=2 count=1 bytes=34 reason=no schema decoder path=body.richText
02:04:00 DEBUG              [MsgPush.UnknownElement] wire element ignored unknownTag=10 wireType=0 count=1 bytes=1 reason=no schema decoder path=elem.generalFlags
02:04:00 DEBUG              [MsgPush.UnknownElement] wire element ignored unknownTag=12 wireType=0 count=1 bytes=1 reason=no schema decoder path=elem.generalFlags
02:04:00 DEBUG              [MsgPush.UnknownElement] wire element ignored unknownTag=13 wireType=0 count=1 bytes=1 reason=no schema decoder path=elem.generalFlags
02:04:00 DEBUG              [MsgPush.UnknownElement] wire element ignored unknownTag=17 wireType=0 count=1 bytes=1 reason=no schema decoder path=elem.generalFlags
02:04:00 DEBUG              [MsgPush.UnknownElement] wire element ignored unknownTag=19 wireType=2 count=1 bytes=93 reason=no schema decoder path=elem.generalFlags
02:04:00 DEBUG              [MsgPush.UnknownElement] wire element ignored unknownTag=9 wireType=2 count=1 bytes=7 reason=no schema decoder path=elem
02:04:00 OK    [3868978960] [Event] 群 [NSUK模组-用户群｜壹(1046985079)] | [Q群管家(2854196310)]: ID:-1553201586 @2952930776 [空消息] NSUK为精神续作，整合包相关问题不要在该群提问，提问前必须看群公告和小亮的视频，赞助可加内测用户群 [图片]
02:04:00 DEBUG [3868978960] [Bridge] member cache refreshed: group=1046985079 reason=group_member_join
02:05:29 WARN  [3868978960] [OneBot.WS-Server] [ws-default] socket error: read ECONNRESET
02:05:38 DEBUG [3868978960] [Bridge.Action] get_login_info params=
02:05:38 DEBUG [3868978960] [Bridge.Action] fetch_custom_face_detail params=count=100
02:05:58 DEBUG              [MsgPush.UnknownElement] wire element ignored unknownTag=1 wireType=2 count=1 bytes=34 reason=no schema decoder path=body.richText
02:05:58 DEBUG              [MsgPush.UnknownElement] wire element ignored unknownTag=10 wireType=0 count=1 bytes=1 reason=no schema decoder path=elem.generalFlags
02:05:58 DEBUG              [MsgPush.UnknownElement] wire element ignored unknownTag=12 wireType=0 count=1 bytes=1 reason=no schema decoder path=elem.generalFlags
02:05:58 DEBUG              [MsgPush.UnknownElement] wire element ignored unknownTag=13 wireType=0 count=1 bytes=1 reason=no schema decoder path=elem.generalFlags
02:05:58 DEBUG              [MsgPush.UnknownElement] wire element ignored unknownTag=17 wireType=0 count=1 bytes=1 reason=no schema decoder path=elem.generalFlags
02:05:58 DEBUG              [MsgPush.UnknownElement] wire element ignored unknownTag=19 wireType=2 count=1 bytes=107 reason=no schema decoder path=elem.generalFlags
02:05:58 DEBUG              [MsgPush.UnknownElement] wire element ignored unknownTag=9 wireType=2 count=1 bytes=8 reason=no schema decoder path=elem
02:05:58 OK    [3868978960] [Event] 群 [NSUK模组-高级用户群(455415527)] | [安沐尘(3384089540)]: ID:94565133 /cmdlook
02:05:58 DEBUG [3868978960] [Bridge.Action] send_group_msg params=group_id=455415527 message=[len=1]
02:05:59 INFO               [OneBot] 群聊 455415527 | 发送：正在截取屏幕...
02:05:59 DEBUG              [MsgPush.UnknownElement] wire element ignored unknownTag=1 wireType=2 count=1 bytes=34 reason=no schema decoder path=body.richText
02:05:59 DEBUG              [MsgPush.UnknownElement] wire element ignored unknownTag=9 wireType=2 count=1 bytes=5 reason=no schema decoder path=elem
02:05:59 DEBUG              [MsgPush.UnknownElement] wire element ignored unknownTag=10 wireType=0 count=1 bytes=1 reason=no schema decoder path=elem.generalFlags
02:05:59 DEBUG              [MsgPush.UnknownElement] wire element ignored unknownTag=12 wireType=0 count=1 bytes=1 reason=no schema decoder path=elem.generalFlags
02:05:59 DEBUG              [MsgPush.UnknownElement] wire element ignored unknownTag=13 wireType=0 count=1 bytes=1 reason=no schema decoder path=elem.generalFlags
02:05:59 DEBUG              [MsgPush.UnknownElement] wire element ignored unknownTag=19 wireType=2 count=1 bytes=91 reason=no schema decoder path=elem.generalFlags
02:05:59 OK    [3868978960] [Event] [自身] 群 [NSUK模组-高级用户群(455415527)] | [机器人测试账号(3868978960)]: ID:-948570330 正在截取屏幕...
02:05:59 DEBUG [3868978960] [Bridge.Action] send_group_msg params=group_id=455415527 message=[len=1]
02:05:59 DEBUG [3868978960] [Highway.Image] uploading 1214405 bytes md5=ad51862b... → group 455415527
02:06:00 DEBUG [3868978960] [Highway] image OIDB requires bytes, PUT 1214405 bytes (sub=top)
02:06:01 DEBUG              [Highway] highway upload done: 1214405 bytes over 1 connection(s) (cmdId=1004)
02:06:01 DEBUG [3868978960] [Highway] image PUT done in 1392ms
02:06:02 INFO               [OneBot] 群聊 455415527 | 发送：[图片]
02:06:02 DEBUG              [MsgPush.UnknownElement] wire element ignored unknownTag=1 wireType=2 count=1 bytes=34 reason=no schema decoder path=body.richText
02:06:02 DEBUG              [MsgPush.UnknownElement] wire element ignored unknownTag=9 wireType=2 count=1 bytes=3 reason=no schema decoder path=elem
02:06:02 DEBUG              [MsgPush.UnknownElement] wire element ignored unknownTag=10 wireType=0 count=1 bytes=1 reason=no schema decoder path=elem.generalFlags
02:06:02 DEBUG              [MsgPush.UnknownElement] wire element ignored unknownTag=12 wireType=0 count=1 bytes=1 reason=no schema decoder path=elem.generalFlags
02:06:02 DEBUG              [MsgPush.UnknownElement] wire element ignored unknownTag=13 wireType=0 count=1 bytes=1 reason=no schema decoder path=elem.generalFlags
02:06:02 DEBUG              [MsgPush.UnknownElement] wire element ignored unknownTag=19 wireType=2 count=1 bytes=91 reason=no schema decoder path=elem.generalFlags
02:06:02 OK    [3868978960] [Event] [自身] 群 [NSUK模组-高级用户群(455415527)] | [机器人测试账号(3868978960)]: ID:-1293350586 [图片]
02:06:18 DEBUG              [MsgPush.UnknownElement] wire element ignored unknownTag=1 wireType=2 count=1 bytes=34 reason=no schema decoder path=body.richText
02:06:18 DEBUG              [MsgPush.UnknownElement] wire element ignored unknownTag=10 wireType=0 count=1 bytes=1 reason=no schema decoder path=elem.generalFlags
02:06:18 DEBUG              [MsgPush.UnknownElement] wire element ignored unknownTag=12 wireType=0 count=1 bytes=1 reason=no schema decoder path=elem.generalFlags
02:06:18 DEBUG              [MsgPush.UnknownElement] wire element ignored unknownTag=13 wireType=0 count=1 bytes=1 reason=no schema decoder path=elem.generalFlags
02:06:18 DEBUG              [MsgPush.UnknownElement] wire element ignored unknownTag=17 wireType=0 count=1 bytes=1 reason=no schema decoder path=elem.generalFlags
02:06:18 DEBUG              [MsgPush.UnknownElement] wire element ignored unknownTag=19 wireType=2 count=1 bytes=107 reason=no schema decoder path=elem.generalFlags
02:06:18 DEBUG              [MsgPush.UnknownElement] wire element ignored unknownTag=9 wireType=2 count=1 bytes=8 reason=no schema decoder path=elem
02:06:18 OK    [3868978960] [Event] 群 [NSUK模组-高级用户群(455415527)] | [我是梦蓝咯(3630797734)]: ID:-1200226686 ok
02:06:18 DEBUG              [MsgPush.UnknownElement] wire element ignored unknownTag=1 wireType=2 count=1 bytes=34 reason=no schema decoder path=body.richText
02:06:18 DEBUG              [MsgPush.UnknownElement] wire element ignored unknownTag=10 wireType=0 count=1 bytes=1 reason=no schema decoder path=elem.generalFlags
02:06:18 DEBUG              [MsgPush.UnknownElement] wire element ignored unknownTag=12 wireType=0 count=1 bytes=1 reason=no schema decoder path=elem.generalFlags
02:06:18 DEBUG              [MsgPush.UnknownElement] wire element ignored unknownTag=13 wireType=0 count=1 bytes=1 reason=no schema decoder path=elem.generalFlags
02:06:18 DEBUG              [MsgPush.UnknownElement] wire element ignored unknownTag=17 wireType=0 count=1 bytes=1 reason=no schema decoder path=elem.generalFlags
02:06:18 DEBUG              [MsgPush.UnknownElement] wire element ignored unknownTag=19 wireType=2 count=1 bytes=107 reason=no schema decoder path=elem.generalFlags
02:06:18 DEBUG              [MsgPush.UnknownElement] wire element ignored unknownTag=9 wireType=2 count=1 bytes=6 reason=no schema decoder path=elem
02:06:18 DEBUG              [MsgPush.UnknownElement] wire element ignored unknownTag=2 wireType=2 count=1 bytes=21 reason=no schema decoder path=commonElem.msgInfo.msgInfoBody[0].hashSum
02:06:18 DEBUG              [MsgPush.UnknownElement] wire element ignored unknownTag=4 wireType=2 count=1 bytes=3 reason=no schema decoder path=commonElem.msgInfo.extBizInfo
02:06:18 OK    [3868978960] [Event] 群 [NSUK模组-高级用户群(455415527)] | [我是梦蓝咯(3630797734)]: ID:1076426642 [图片]
02:11:16 WARN  [3868978960] [OneBot.WS-Server] [ws-default] socket error: read ECONNRESET
02:11:22 DEBUG [3868978960] [Bridge.Action] get_login_info params=
02:11:22 DEBUG [3868978960] [Bridge.Action] fetch_custom_face_detail params=count=100
02:14:34 DEBUG              [MsgPush.UnknownElement] wire element ignored unknownTag=1 wireType=2 count=1 bytes=34 reason=no schema decoder path=body.richText
02:14:34 DEBUG              [MsgPush.UnknownElement] wire element ignored unknownTag=10 wireType=0 count=1 bytes=1 reason=no schema decoder path=elem.generalFlags
02:14:34 DEBUG              [MsgPush.UnknownElement] wire element ignored unknownTag=12 wireType=0 count=1 bytes=1 reason=no schema decoder path=elem.generalFlags
02:14:34 DEBUG              [MsgPush.UnknownElement] wire element ignored unknownTag=13 wireType=0 count=1 bytes=1 reason=no schema decoder path=elem.generalFlags
02:14:34 DEBUG              [MsgPush.UnknownElement] wire element ignored unknownTag=17 wireType=0 count=1 bytes=1 reason=no schema decoder path=elem.generalFlags
02:14:34 DEBUG              [MsgPush.UnknownElement] wire element ignored unknownTag=19 wireType=2 count=1 bytes=106 reason=no schema decoder path=elem.generalFlags
02:14:34 DEBUG              [MsgPush.UnknownElement] wire element ignored unknownTag=9 wireType=2 count=1 bytes=8 reason=no schema decoder path=elem
02:14:34 OK    [3868978960] [Event] 群 [NSUK模组-高级用户群(455415527)] | [安沐尘(3384089540)]: ID:-1753127210 /cmdlook
02:14:34 DEBUG [3868978960] [Bridge.Action] send_group_msg params=group_id=455415527 message=[len=1]
02:14:34 INFO               [OneBot] 群聊 455415527 | 发送：正在截取屏幕...
02:14:34 DEBUG              [MsgPush.UnknownElement] wire element ignored unknownTag=1 wireType=2 count=1 bytes=34 reason=no schema decoder path=body.richText
02:14:34 DEBUG              [MsgPush.UnknownElement] wire element ignored unknownTag=9 wireType=2 count=1 bytes=5 reason=no schema decoder path=elem
02:14:34 DEBUG              [MsgPush.UnknownElement] wire element ignored unknownTag=10 wireType=0 count=1 bytes=1 reason=no schema decoder path=elem.generalFlags
02:14:34 DEBUG              [MsgPush.UnknownElement] wire element ignored unknownTag=12 wireType=0 count=1 bytes=1 reason=no schema decoder path=elem.generalFlags
02:14:34 DEBUG              [MsgPush.UnknownElement] wire element ignored unknownTag=13 wireType=0 count=1 bytes=1 reason=no schema decoder path=elem.generalFlags
02:14:34 DEBUG              [MsgPush.UnknownElement] wire element ignored unknownTag=19 wireType=2 count=1 bytes=93 reason=no schema decoder path=elem.generalFlags
02:14:34 OK    [3868978960] [Event] [自身] 群 [NSUK模组-高级用户群(455415527)] | [机器人测试账号(3868978960)]: ID:502258838 正在截取屏幕...
02:14:35 DEBUG [3868978960] [Bridge.Action] send_group_msg params=group_id=455415527 message=[len=1]
02:14:35 DEBUG [3868978960] [Highway.Image] uploading 792958 bytes md5=4b31db11... → group 455415527
02:14:35 DEBUG [3868978960] [Highway] image OIDB requires bytes, PUT 792958 bytes (sub=top)
02:14:36 DEBUG              [Highway] highway upload done: 792958 bytes over 1 connection(s) (cmdId=1004)
02:14:36 DEBUG [3868978960] [Highway] image PUT done in 591ms
02:14:37 INFO               [OneBot] 群聊 455415527 | 发送：[图片]
02:14:37 DEBUG              [MsgPush.UnknownElement] wire element ignored unknownTag=1 wireType=2 count=1 bytes=34 reason=no schema decoder path=body.richText
02:14:37 DEBUG              [MsgPush.UnknownElement] wire element ignored unknownTag=9 wireType=2 count=1 bytes=3 reason=no schema decoder path=elem
02:14:37 DEBUG              [MsgPush.UnknownElement] wire element ignored unknownTag=10 wireType=0 count=1 bytes=1 reason=no schema decoder path=elem.generalFlags
02:14:37 DEBUG              [MsgPush.UnknownElement] wire element ignored unknownTag=12 wireType=0 count=1 bytes=1 reason=no schema decoder path=elem.generalFlags
02:14:37 DEBUG              [MsgPush.UnknownElement] wire element ignored unknownTag=13 wireType=0 count=1 bytes=1 reason=no schema decoder path=elem.generalFlags
02:14:37 DEBUG              [MsgPush.UnknownElement] wire element ignored unknownTag=19 wireType=2 count=1 bytes=94 reason=no schema decoder path=elem.generalFlags
02:14:37 OK    [3868978960] [Event] [自身] 群 [NSUK模组-高级用户群(455415527)] | [机器人测试账号(3868978960)]: ID:-758565147 [图片]
02:15:00 DEBUG              [MsgPush.UnknownElement] wire element ignored unknownTag=1 wireType=2 count=1 bytes=34 reason=no schema decoder path=body.richText
02:15:00 DEBUG              [MsgPush.UnknownElement] wire element ignored unknownTag=10 wireType=0 count=1 bytes=1 reason=no schema decoder path=elem.generalFlags
02:15:00 DEBUG              [MsgPush.UnknownElement] wire element ignored unknownTag=12 wireType=0 count=1 bytes=1 reason=no schema decoder path=elem.generalFlags
02:15:00 DEBUG              [MsgPush.UnknownElement] wire element ignored unknownTag=13 wireType=0 count=1 bytes=1 reason=no schema decoder path=elem.generalFlags
02:15:00 DEBUG              [MsgPush.UnknownElement] wire element ignored unknownTag=17 wireType=0 count=1 bytes=1 reason=no schema decoder path=elem.generalFlags
02:15:00 DEBUG              [MsgPush.UnknownElement] wire element ignored unknownTag=19 wireType=2 count=1 bytes=106 reason=no schema decoder path=elem.generalFlags
02:15:00 DEBUG              [MsgPush.UnknownElement] wire element ignored unknownTag=9 wireType=2 count=1 bytes=8 reason=no schema decoder path=elem
02:15:00 OK    [3868978960] [Event] 群 [NSUK模组-高级用户群(455415527)] | [安沐尘(3384089540)]: ID:1388324765 /help
02:15:00 DEBUG [3868978960] [Bridge.Action] send_group_msg params=group_id=455415527 message=[len=2]
02:15:01 INFO               [OneBot] 群聊 455415527 | 发送：这是命令菜单
/帮助打开这个菜单
/mod问题 反映遇到的mod问题
/筑艺坊问题 反映筑艺坊问题...
02:15:01 DEBUG              [MsgPush.UnknownElement] wire element ignored unknownTag=1 wireType=2 count=1 bytes=34 reason=no schema decoder path=body.richText
02:15:01 DEBUG              [MsgPush.UnknownElement] wire element ignored unknownTag=9 wireType=2 count=1 bytes=5 reason=no schema decoder path=elem
02:15:01 DEBUG              [MsgPush.UnknownElement] wire element ignored unknownTag=10 wireType=0 count=1 bytes=1 reason=no schema decoder path=elem.generalFlags
02:15:01 DEBUG              [MsgPush.UnknownElement] wire element ignored unknownTag=12 wireType=0 count=1 bytes=1 reason=no schema decoder path=elem.generalFlags
02:15:01 DEBUG              [MsgPush.UnknownElement] wire element ignored unknownTag=13 wireType=0 count=1 bytes=1 reason=no schema decoder path=elem.generalFlags
02:15:01 DEBUG              [MsgPush.UnknownElement] wire element ignored unknownTag=19 wireType=2 count=1 bytes=94 reason=no schema decoder path=elem.generalFlags
02:15:01 OK    [3868978960] [Event] [自身] 群 [NSUK模组-高级用户群(455415527)] | [机器人测试账号(3868978960)]: ID:1330992133 @3384089540 这是命令菜单
/帮助打开这个菜单
/mod问题 反映遇到的mod问题
/筑艺坊问题 反映筑艺坊问题...
02:15:43 DEBUG              [MsgPush.UnknownElement] wire element ignored unknownTag=1 wireType=2 count=1 bytes=34 reason=no schema decoder path=body.richText
02:15:43 DEBUG              [MsgPush.UnknownElement] wire element ignored unknownTag=10 wireType=0 count=1 bytes=1 reason=no schema decoder path=elem.generalFlags
02:15:43 DEBUG              [MsgPush.UnknownElement] wire element ignored unknownTag=12 wireType=0 count=1 bytes=1 reason=no schema decoder path=elem.generalFlags
02:15:43 DEBUG              [MsgPush.UnknownElement] wire element ignored unknownTag=13 wireType=0 count=1 bytes=1 reason=no schema decoder path=elem.generalFlags
02:15:43 DEBUG              [MsgPush.UnknownElement] wire element ignored unknownTag=17 wireType=0 count=1 bytes=1 reason=no schema decoder path=elem.generalFlags
02:15:43 DEBUG              [MsgPush.UnknownElement] wire element ignored unknownTag=19 wireType=2 count=1 bytes=106 reason=no schema decoder path=elem.generalFlags
02:15:43 DEBUG              [MsgPush.UnknownElement] wire element ignored unknownTag=9 wireType=2 count=1 bytes=8 reason=no schema decoder path=elem
02:15:43 DEBUG              [MsgPush.UnknownElement] wire element ignored unknownTag=11 wireType=0 count=1 bytes=1 reason=no schema decoder path=text.pbReserve
02:15:43 OK    [3868978960] [Event] 群 [梨小达的小屋二号(175073951)] | [我是梦蓝咯(3630797734)]: ID:-535817740 @2160208505 你试试
02:15:43 DEBUG [3868978960] [Bridge.Action] get_group_member_info params=group_id=175073951 user_id=2160208505
02:18:39 DEBUG              [MsgPush.UnknownElement] wire element ignored unknownTag=1 wireType=2 count=1 bytes=34 reason=no schema decoder path=body.richText
02:18:39 DEBUG              [MsgPush.UnknownElement] wire element ignored unknownTag=10 wireType=0 count=1 bytes=1 reason=no schema decoder path=elem.generalFlags
02:18:39 DEBUG              [MsgPush.UnknownElement] wire element ignored unknownTag=12 wireType=0 count=1 bytes=1 reason=no schema decoder path=elem.generalFlags
02:18:39 DEBUG              [MsgPush.UnknownElement] wire element ignored unknownTag=13 wireType=0 count=1 bytes=1 reason=no schema decoder path=elem.generalFlags
02:18:39 DEBUG              [MsgPush.UnknownElement] wire element ignored unknownTag=17 wireType=0 count=1 bytes=1 reason=no schema decoder path=elem.generalFlags
02:18:39 DEBUG              [MsgPush.UnknownElement] wire element ignored unknownTag=19 wireType=2 count=1 bytes=106 reason=no schema decoder path=elem.generalFlags
02:18:39 DEBUG              [MsgPush.UnknownElement] wire element ignored unknownTag=9 wireType=2 count=1 bytes=6 reason=no schema decoder path=elem
02:18:39 DEBUG              [MsgPush.UnknownElement] wire element ignored unknownTag=2 wireType=2 count=1 bytes=21 reason=no schema decoder path=commonElem.msgInfo.msgInfoBody[0].hashSum
02:18:39 DEBUG              [MsgPush.UnknownElement] wire element ignored unknownTag=4 wireType=2 count=1 bytes=3 reason=no schema decoder path=commonElem.msgInfo.extBizInfo
02:18:39 OK    [3868978960] [Event] 群 [梨小达的小屋二号(175073951)] | [我是梦蓝咯(3630797734)]: ID:-709333464 [图片] 管理目前就这几个
02:18:42 DEBUG              [MsgPush.UnknownElement] wire element ignored unknownTag=1 wireType=2 count=1 bytes=34 reason=no schema decoder path=body.richText
02:18:42 DEBUG              [MsgPush.UnknownElement] wire element ignored unknownTag=10 wireType=0 count=1 bytes=1 reason=no schema decoder path=elem.generalFlags
02:18:42 DEBUG              [MsgPush.UnknownElement] wire element ignored unknownTag=12 wireType=0 count=1 bytes=1 reason=no schema decoder path=elem.generalFlags
02:18:42 DEBUG              [MsgPush.UnknownElement] wire element ignored unknownTag=13 wireType=0 count=1 bytes=1 reason=no schema decoder path=elem.generalFlags
02:18:42 DEBUG              [MsgPush.UnknownElement] wire element ignored unknownTag=17 wireType=0 count=1 bytes=1 reason=no schema decoder path=elem.generalFlags
02:18:42 DEBUG              [MsgPush.UnknownElement] wire element ignored unknownTag=19 wireType=2 count=1 bytes=107 reason=no schema decoder path=elem.generalFlags
02:18:42 DEBUG              [MsgPush.UnknownElement] wire element ignored unknownTag=9 wireType=2 count=1 bytes=6 reason=no schema decoder path=elem
02:18:42 DEBUG              [MsgPush.UnknownElement] wire element ignored unknownTag=2 wireType=2 count=1 bytes=21 reason=no schema decoder path=commonElem.msgInfo.msgInfoBody[0].hashSum
02:18:42 DEBUG              [MsgPush.UnknownElement] wire element ignored unknownTag=4 wireType=2 count=1 bytes=3 reason=no schema decoder path=commonElem.msgInfo.extBizInfo
02:18:42 OK    [3868978960] [Event] 群 [NSUK模组-高级用户群(455415527)] | [我是梦蓝咯(3630797734)]: ID:-1976966994 [图片]
02:37:50 DEBUG              [MsgPush.UnknownElement] wire element ignored unknownTag=1 wireType=2 count=1 bytes=34 reason=no schema decoder path=body.richText
02:37:50 DEBUG              [MsgPush.UnknownElement] wire element ignored unknownTag=17 wireType=0 count=1 bytes=3 reason=no schema decoder path=elem.generalFlags
02:37:50 DEBUG              [MsgPush.UnknownElement] wire element ignored unknownTag=19 wireType=2 count=1 bytes=63 reason=no schema decoder path=elem.generalFlags
02:37:50 DEBUG              [MsgPush.UnknownElement] wire element ignored unknownTag=9 wireType=2 count=1 bytes=10 reason=no schema decoder path=elem
02:37:50 OK    [3868978960] [Event] 私聊 [我是梦蓝咯(3630797734)]: ID:478703920 [卡片:邀请你加入群聊]
02:37:50 WARN  [3868978960] [Event] 群邀请 [我是梦蓝咯(3630797734)] 邀 [(ㆀ˘･з･˘)(3868978960)] -> 1012992000
02:37:58 DEBUG              [MsgPush.Unknown] Event0x210 unknown subType=68
02:37:58 INFO  [3868978960] [Event] 入群 [(ㆀ˘･з･˘)(3868978960)] 加入 1012992000
02:37:58 DEBUG              [MsgPush.Unknown] Event0x210 unknown subType=31
02:37:58 DEBUG [3868978960] [Bridge] member cache refreshed: group=1012992000 reason=group_member_join
02:37:59 DEBUG              [MsgPush.UnknownElement] wire element ignored unknownTag=1 wireType=2 count=1 bytes=34 reason=no schema decoder path=body.richText
02:37:59 DEBUG              [MsgPush.UnknownElement] wire element ignored unknownTag=3 wireType=2 count=1 bytes=8 reason=no schema decoder path=commonElem.inlineKeyboard.keyboard
02:37:59 DEBUG              [MsgPush.UnknownElement] wire element ignored unknownTag=10 wireType=0 count=1 bytes=1 reason=no schema decoder path=elem.generalFlags
02:37:59 DEBUG              [MsgPush.UnknownElement] wire element ignored unknownTag=12 wireType=0 count=1 bytes=1 reason=no schema decoder path=elem.generalFlags
02:37:59 DEBUG              [MsgPush.UnknownElement] wire element ignored unknownTag=13 wireType=0 count=1 bytes=1 reason=no schema decoder path=elem.generalFlags
02:37:59 DEBUG              [MsgPush.UnknownElement] wire element ignored unknownTag=17 wireType=0 count=1 bytes=1 reason=no schema decoder path=elem.generalFlags
02:37:59 DEBUG              [MsgPush.UnknownElement] wire element ignored unknownTag=19 wireType=2 count=1 bytes=101 reason=no schema decoder path=elem.generalFlags
02:37:59 DEBUG              [MsgPush.UnknownElement] wire element ignored unknownTag=9 wireType=2 count=1 bytes=7 reason=no schema decoder path=elem
02:37:59 OK    [3868978960] [Event] 群 [梦蓝的被窝(1012992000)] | [幻梦(3889006601)]: ID:-1152203275 @3868978960 [Markdown] [交互按钮]
02:38:08 DEBUG              [MsgPush.Unknown] Event0x2DC subType=16 unhandled field13=0
02:39:51 DEBUG              [MsgPush.UnknownElement] wire element ignored unknownTag=1 wireType=2 count=1 bytes=34 reason=no schema decoder path=body.richText
02:39:51 DEBUG              [MsgPush.UnknownElement] wire element ignored unknownTag=10 wireType=0 count=1 bytes=1 reason=no schema decoder path=elem.generalFlags
02:39:51 DEBUG              [MsgPush.UnknownElement] wire element ignored unknownTag=12 wireType=0 count=1 bytes=1 reason=no schema decoder path=elem.generalFlags
02:39:51 DEBUG              [MsgPush.UnknownElement] wire element ignored unknownTag=13 wireType=0 count=1 bytes=1 reason=no schema decoder path=elem.generalFlags
02:39:51 DEBUG              [MsgPush.UnknownElement] wire element ignored unknownTag=17 wireType=0 count=1 bytes=1 reason=no schema decoder path=elem.generalFlags
02:39:51 DEBUG              [MsgPush.UnknownElement] wire element ignored unknownTag=19 wireType=2 count=1 bytes=104 reason=no schema decoder path=elem.generalFlags
02:39:51 DEBUG              [MsgPush.UnknownElement] wire element ignored unknownTag=9 wireType=2 count=1 bytes=8 reason=no schema decoder path=elem
02:39:51 DEBUG              [MsgPush.UnknownElement] wire element ignored unknownTag=11 wireType=0 count=1 bytes=1 reason=no schema decoder path=text.pbReserve
02:39:51 OK    [3868978960] [Event] 群 [梦蓝的被窝(1012992000)] | [我是梦蓝咯(3630797734)]: ID:-417668564 @3868978960 [空消息]
02:39:56 WARN  [3868978960] [OneBot.WS-Server] [ws-default] socket error: read ECONNRESET
02:40:07 DEBUG [3868978960] [Bridge.Action] get_login_info params=
02:40:07 DEBUG [3868978960] [Bridge.Action] fetch_custom_face_detail params=count=100
02:40:25 DEBUG              [MsgPush.UnknownElement] wire element ignored unknownTag=1 wireType=2 count=1 bytes=34 reason=no schema decoder path=body.richText
02:40:25 DEBUG              [MsgPush.UnknownElement] wire element ignored unknownTag=10 wireType=0 count=1 bytes=1 reason=no schema decoder path=elem.generalFlags
02:40:25 DEBUG              [MsgPush.UnknownElement] wire element ignored unknownTag=12 wireType=0 count=1 bytes=1 reason=no schema decoder path=elem.generalFlags
02:40:25 DEBUG              [MsgPush.UnknownElement] wire element ignored unknownTag=13 wireType=0 count=1 bytes=1 reason=no schema decoder path=elem.generalFlags
02:40:25 DEBUG              [MsgPush.UnknownElement] wire element ignored unknownTag=17 wireType=0 count=1 bytes=1 reason=no schema decoder path=elem.generalFlags
02:40:25 DEBUG              [MsgPush.UnknownElement] wire element ignored unknownTag=19 wireType=2 count=1 bytes=104 reason=no schema decoder path=elem.generalFlags
02:40:25 DEBUG              [MsgPush.UnknownElement] wire element ignored unknownTag=9 wireType=2 count=1 bytes=8 reason=no schema decoder path=elem
02:40:25 DEBUG              [MsgPush.UnknownElement] wire element ignored unknownTag=11 wireType=0 count=1 bytes=1 reason=no schema decoder path=text.pbReserve
02:40:25 OK    [3868978960] [Event] 群 [梦蓝的被窝(1012992000)] | [我是梦蓝咯(3630797734)]: ID:-1208767611 @3868978960 [空消息]
02:40:25 DEBUG [3868978960] [Bridge.Action] get_group_member_info params=group_id=1012992000 user_id=3868978960
02:40:25 DEBUG [3868978960] [Bridge.Action] send_group_msg params=group_id=1012992000 message=[len=1]
02:40:25 DEBUG [3868978960] [Highway.Image] uploading 721953 bytes md5=52c1089e... → group 1012992000
02:40:25 DEBUG [3868978960] [Highway] image fast-upload hit for sub=top (server reusing cached resource)
02:40:25 DEBUG [3868978960] [Highway] image fast-upload hit (server already had bytes)
02:40:26 DEBUG              [MsgPush.UnknownElement] wire element ignored unknownTag=1 wireType=2 count=1 bytes=34 reason=no schema decoder path=body.richText
02:40:26 DEBUG              [MsgPush.UnknownElement] wire element ignored unknownTag=9 wireType=2 count=1 bytes=3 reason=no schema decoder path=elem
02:40:26 DEBUG              [MsgPush.UnknownElement] wire element ignored unknownTag=10 wireType=0 count=1 bytes=1 reason=no schema decoder path=elem.generalFlags
02:40:26 DEBUG              [MsgPush.UnknownElement] wire element ignored unknownTag=12 wireType=0 count=1 bytes=1 reason=no schema decoder path=elem.generalFlags
02:40:26 DEBUG              [MsgPush.UnknownElement] wire element ignored unknownTag=13 wireType=0 count=1 bytes=1 reason=no schema decoder path=elem.generalFlags
02:40:26 DEBUG              [MsgPush.UnknownElement] wire element ignored unknownTag=19 wireType=2 count=1 bytes=86 reason=no schema decoder path=elem.generalFlags
02:40:26 OK    [3868978960] [Event] [自身] 群 [梦蓝的被窝(1012992000)] | [(ㆀ˘･з･˘)(3868978960)]: ID:1739711642 [图片]
02:40:26 INFO               [OneBot] 群聊 1012992000 | 发送：[图片]
02:40:31 DEBUG              [MsgPush.Unknown] Event0x2DC subType=16 unhandled field13=23
02:40:33 DEBUG              [MsgPush.UnknownElement] wire element ignored unknownTag=1 wireType=2 count=1 bytes=34 reason=no schema decoder path=body.richText
02:40:33 DEBUG              [MsgPush.UnknownElement] wire element ignored unknownTag=10 wireType=0 count=1 bytes=1 reason=no schema decoder path=elem.generalFlags
02:40:33 DEBUG              [MsgPush.UnknownElement] wire element ignored unknownTag=12 wireType=0 count=1 bytes=1 reason=no schema decoder path=elem.generalFlags
02:40:33 DEBUG              [MsgPush.UnknownElement] wire element ignored unknownTag=13 wireType=0 count=1 bytes=1 reason=no schema decoder path=elem.generalFlags
02:40:33 DEBUG              [MsgPush.UnknownElement] wire element ignored unknownTag=17 wireType=0 count=1 bytes=1 reason=no schema decoder path=elem.generalFlags
02:40:33 DEBUG              [MsgPush.UnknownElement] wire element ignored unknownTag=19 wireType=2 count=1 bytes=104 reason=no schema decoder path=elem.generalFlags
02:40:33 DEBUG              [MsgPush.UnknownElement] wire element ignored unknownTag=9 wireType=2 count=1 bytes=8 reason=no schema decoder path=elem
02:40:33 OK    [3868978960] [Event] 群 [梦蓝的被窝(1012992000)] | [我是梦蓝咯(3630797734)]: ID:-1389979192 /help
02:40:33 DEBUG [3868978960] [Bridge.Action] send_group_msg params=group_id=1012992000 message=[len=2]
02:40:33 INFO               [OneBot] 群聊 1012992000 | 发送：这是命令菜单
/帮助打开这个菜单
/mod问题 反映遇到的mod问题
/筑艺坊问题 反映筑艺坊问题...
02:40:33 DEBUG              [MsgPush.UnknownElement] wire element ignored unknownTag=1 wireType=2 count=1 bytes=34 reason=no schema decoder path=body.richText
02:40:33 DEBUG              [MsgPush.UnknownElement] wire element ignored unknownTag=9 wireType=2 count=1 bytes=5 reason=no schema decoder path=elem
02:40:33 DEBUG              [MsgPush.UnknownElement] wire element ignored unknownTag=10 wireType=0 count=1 bytes=1 reason=no schema decoder path=elem.generalFlags
02:40:33 DEBUG              [MsgPush.UnknownElement] wire element ignored unknownTag=12 wireType=0 count=1 bytes=1 reason=no schema decoder path=elem.generalFlags
02:40:33 DEBUG              [MsgPush.UnknownElement] wire element ignored unknownTag=13 wireType=0 count=1 bytes=1 reason=no schema decoder path=elem.generalFlags
02:40:33 DEBUG              [MsgPush.UnknownElement] wire element ignored unknownTag=19 wireType=2 count=1 bytes=91 reason=no schema decoder path=elem.generalFlags
02:40:33 OK    [3868978960] [Event] [自身] 群 [梦蓝的被窝(1012992000)] | [(ㆀ˘･з･˘)(3868978960)]: ID:-1526324168 @3630797734 这是命令菜单
/帮助打开这个菜单
/mod问题 反映遇到的mod问题
/筑艺坊问题 反映筑艺坊问题...
02:42:22 WARN               [App] Shutting down (SIGINT)...
02:42:22 INFO  [3868978960] [Bridge.Action] Action ingress quiesced
02:42:22 DEBUG              [Bridge] session closed: UIN=3868978960
23:18:40 INFO               [App] SnowLuma starting
23:18:40 INFO               [WebUI] login rate-limit keyed by: socket peer (default)
23:18:40 INFO               [WebUI] listening http://127.0.0.1:5099
23:20:13 WARN               [App] Shutting down (SIGINT)...
23:20:25 INFO               [App] SnowLuma starting
23:20:25 INFO               [WebUI] login rate-limit keyed by: socket peer (default)
23:20:25 INFO               [WebUI] listening http://127.0.0.1:5099
23:21:29 DEBUG              [Bridge] session started: UIN=3868978960
23:21:29 OK                 [Hook] login detected: PID=18652 UIN=3868978960
23:21:29 INFO               [SysFace] system face catalog restored: entries=393 uniqueFaces=357 overlaps=36 packs=11 fetchedAt=1790099447045 elapsedMs=7
23:21:29 INFO               [Hook] pipe connected: PID=18652
23:21:29 INFO               [SysFace] system face catalog refreshed: entries=404 uniqueFaces=361 overlaps=43 packs=11 elapsedMs=161
23:21:29 INFO               [Bridge] friends loaded: UIN=3868978960 count=2
23:21:29 DEBUG              [Bridge] self info: UIN=3868978960 uid=u_jZJgPsdnXIKKkbBRm7oOyQ nickname=(ㆀ˘･з･˘)
23:21:29 INFO               [OneBot] session started: UIN=3868978960
23:21:29 OK    [3868978960] [OneBot.HTTP] [http-default] listening 127.0.0.1:3000/
23:21:29 OK    [3868978960] [OneBot.WS-Server] [ws-default] listening 127.0.0.1:3001/
23:21:29 INFO               [OneBot] network startup applied: UIN=3868978960 adapters=2
23:21:29 INFO               [Bridge] groups loaded: UIN=3868978960 count=4
23:21:29 INFO               [OneBot] rkeys loaded: UIN=3868978960 count=2
23:21:29 INFO               [Bridge.Contacts] loaded robot UIN ranges uin=3868978960 version=206 count=5
23:21:32 INFO               [Bridge] member warmup completed: UIN=3868978960 groups=4/4 members=4295 failed=0
23:21:32 DEBUG [3868978960] [Event] login history sync disabled for this account lifecycle
23:21:51 WARN  [3868978960] [Event] 群撤回 [NSUK模组-高级用户群(455415527)] | [Helvetica_Volubi(1945892653)] 被 [Helvetica_Volubi(1945892653)] 撤回
23:21:55 DEBUG [3868978960] [Bridge.Action] get_login_info params=
23:21:55 DEBUG [3868978960] [Bridge.Action] fetch_custom_face_detail params=count=100
23:22:14 DEBUG              [MsgPush.UnknownElement] wire element ignored unknownTag=1 wireType=2 count=1 bytes=34 reason=no schema decoder path=body.richText
23:22:14 DEBUG              [MsgPush.UnknownElement] wire element ignored unknownTag=9 wireType=2 count=1 bytes=5 reason=no schema decoder path=elem
23:22:14 DEBUG              [MsgPush.UnknownElement] wire element ignored unknownTag=10 wireType=0 count=1 bytes=1 reason=no schema decoder path=elem.generalFlags
23:22:14 DEBUG              [MsgPush.UnknownElement] wire element ignored unknownTag=12 wireType=0 count=1 bytes=1 reason=no schema decoder path=elem.generalFlags
23:22:14 DEBUG              [MsgPush.UnknownElement] wire element ignored unknownTag=13 wireType=0 count=1 bytes=1 reason=no schema decoder path=elem.generalFlags
23:22:14 DEBUG              [MsgPush.UnknownElement] wire element ignored unknownTag=19 wireType=2 count=1 bytes=98 reason=no schema decoder path=elem.generalFlags
23:22:14 OK    [3868978960] [Event] 群 [NSUK模组-高级用户群(455415527)] | [Helvetica_Volubi(1945892653)]: ID:-239348649 /cmd look
23:22:25 WARN  [3868978960] [Event] 群撤回 [NSUK模组-高级用户群(455415527)] | [Helvetica_Volubi(1945892653)] 被 [Helvetica_Volubi(1945892653)] 撤回
23:22:32 DEBUG              [MsgPush.UnknownElement] wire element ignored unknownTag=1 wireType=2 count=1 bytes=33 reason=no schema decoder path=body.richText
23:22:32 DEBUG              [MsgPush.UnknownElement] wire element ignored unknownTag=9 wireType=2 count=1 bytes=5 reason=no schema decoder path=elem
23:22:32 DEBUG              [MsgPush.UnknownElement] wire element ignored unknownTag=10 wireType=0 count=1 bytes=1 reason=no schema decoder path=elem.generalFlags
23:22:32 DEBUG              [MsgPush.UnknownElement] wire element ignored unknownTag=12 wireType=0 count=1 bytes=1 reason=no schema decoder path=elem.generalFlags
23:22:32 DEBUG              [MsgPush.UnknownElement] wire element ignored unknownTag=13 wireType=0 count=1 bytes=1 reason=no schema decoder path=elem.generalFlags
23:22:32 DEBUG              [MsgPush.UnknownElement] wire element ignored unknownTag=19 wireType=2 count=1 bytes=96 reason=no schema decoder path=elem.generalFlags
23:22:32 OK    [3868978960] [Event] 群 [NSUK模组-高级用户群(455415527)] | [Helvetica_Volubi(1945892653)]: ID:-79287104 /cmdlook
23:22:32 DEBUG [3868978960] [Bridge.Action] send_group_msg params=group_id=455415527 message=[len=1]
23:22:33 INFO               [OneBot] 群聊 455415527 | 发送：管理命令仅管理员可用。
23:22:33 DEBUG              [MsgPush.UnknownElement] wire element ignored unknownTag=1 wireType=2 count=1 bytes=34 reason=no schema decoder path=body.richText
23:22:33 DEBUG              [MsgPush.UnknownElement] wire element ignored unknownTag=9 wireType=2 count=1 bytes=5 reason=no schema decoder path=elem
23:22:33 DEBUG              [MsgPush.UnknownElement] wire element ignored unknownTag=10 wireType=0 count=1 bytes=1 reason=no schema decoder path=elem.generalFlags
23:22:33 DEBUG              [MsgPush.UnknownElement] wire element ignored unknownTag=12 wireType=0 count=1 bytes=1 reason=no schema decoder path=elem.generalFlags
23:22:33 DEBUG              [MsgPush.UnknownElement] wire element ignored unknownTag=13 wireType=0 count=1 bytes=1 reason=no schema decoder path=elem.generalFlags
23:22:33 DEBUG              [MsgPush.UnknownElement] wire element ignored unknownTag=19 wireType=2 count=1 bytes=94 reason=no schema decoder path=elem.generalFlags
23:22:33 OK    [3868978960] [Event] [自身] 群 [NSUK模组-高级用户群(455415527)] | [机器人测试账号(3868978960)]: ID:-1064424358 管理命令仅管理员可用。
23:23:07 DEBUG              [MsgPush.UnknownElement] wire element ignored unknownTag=1 wireType=2 count=1 bytes=33 reason=no schema decoder path=body.richText
23:23:07 DEBUG              [MsgPush.UnknownElement] wire element ignored unknownTag=10 wireType=0 count=1 bytes=1 reason=no schema decoder path=elem.generalFlags
23:23:07 DEBUG              [MsgPush.UnknownElement] wire element ignored unknownTag=12 wireType=0 count=1 bytes=1 reason=no schema decoder path=elem.generalFlags
23:23:07 DEBUG              [MsgPush.UnknownElement] wire element ignored unknownTag=13 wireType=0 count=1 bytes=1 reason=no schema decoder path=elem.generalFlags
23:23:07 DEBUG              [MsgPush.UnknownElement] wire element ignored unknownTag=16 wireType=0 count=1 bytes=1 reason=no schema decoder path=elem.generalFlags
23:23:07 DEBUG              [MsgPush.UnknownElement] wire element ignored unknownTag=17 wireType=0 count=1 bytes=1 reason=no schema decoder path=elem.generalFlags
23:23:07 DEBUG              [MsgPush.UnknownElement] wire element ignored unknownTag=19 wireType=2 count=1 bytes=114 reason=no schema decoder path=elem.generalFlags
23:23:07 DEBUG              [MsgPush.UnknownElement] wire element ignored unknownTag=9 wireType=2 count=1 bytes=7 reason=no schema decoder path=elem
23:23:07 OK    [3868978960] [Event] 群 [梦蓝的被窝(1012992000)] | [RinRin.Ar☆(2363407996)]: ID:-481765780 [空消息]
23:23:41 WARN  [3868978960] [OneBot.WS-Server] [ws-default] socket error: read ECONNRESET
23:23:50 DEBUG [3868978960] [Bridge.Action] get_login_info params=
23:23:50 DEBUG [3868978960] [Bridge.Action] fetch_custom_face_detail params=count=100
23:24:01 WARN  [3868978960] [OneBot.WS-Server] [ws-default] socket error: read ECONNRESET
23:24:13 DEBUG [3868978960] [Bridge.Action] get_login_info params=
23:24:13 DEBUG [3868978960] [Bridge.Action] fetch_custom_face_detail params=count=100
23:24:37 DEBUG              [MsgPush.UnknownElement] wire element ignored unknownTag=1 wireType=2 count=1 bytes=34 reason=no schema decoder path=body.richText
23:24:37 DEBUG              [MsgPush.UnknownElement] wire element ignored unknownTag=9 wireType=2 count=1 bytes=5 reason=no schema decoder path=elem
23:24:37 DEBUG              [MsgPush.UnknownElement] wire element ignored unknownTag=10 wireType=0 count=1 bytes=1 reason=no schema decoder path=elem.generalFlags
23:24:37 DEBUG              [MsgPush.UnknownElement] wire element ignored unknownTag=12 wireType=0 count=1 bytes=1 reason=no schema decoder path=elem.generalFlags
23:24:37 DEBUG              [MsgPush.UnknownElement] wire element ignored unknownTag=13 wireType=0 count=1 bytes=1 reason=no schema decoder path=elem.generalFlags
23:24:37 DEBUG              [MsgPush.UnknownElement] wire element ignored unknownTag=19 wireType=2 count=1 bytes=99 reason=no schema decoder path=elem.generalFlags
23:24:37 OK    [3868978960] [Event] 群 [NSUK模组-高级用户群(455415527)] | [Helvetica_Volubi(1945892653)]: ID:1270930088 /cmdlook
23:24:37 DEBUG [3868978960] [Bridge.Action] send_group_msg params=group_id=455415527 message=[len=1]
23:24:38 INFO               [OneBot] 群聊 455415527 | 发送：正在截取屏幕...
23:24:38 DEBUG              [MsgPush.UnknownElement] wire element ignored unknownTag=1 wireType=2 count=1 bytes=33 reason=no schema decoder path=body.richText
23:24:38 DEBUG              [MsgPush.UnknownElement] wire element ignored unknownTag=9 wireType=2 count=1 bytes=5 reason=no schema decoder path=elem
23:24:38 DEBUG              [MsgPush.UnknownElement] wire element ignored unknownTag=10 wireType=0 count=1 bytes=1 reason=no schema decoder path=elem.generalFlags
23:24:38 DEBUG              [MsgPush.UnknownElement] wire element ignored unknownTag=12 wireType=0 count=1 bytes=1 reason=no schema decoder path=elem.generalFlags
23:24:38 DEBUG              [MsgPush.UnknownElement] wire element ignored unknownTag=13 wireType=0 count=1 bytes=1 reason=no schema decoder path=elem.generalFlags
23:24:38 DEBUG              [MsgPush.UnknownElement] wire element ignored unknownTag=19 wireType=2 count=1 bytes=94 reason=no schema decoder path=elem.generalFlags
23:24:38 OK    [3868978960] [Event] [自身] 群 [NSUK模组-高级用户群(455415527)] | [机器人测试账号(3868978960)]: ID:-1833558688 正在截取屏幕...
23:24:39 DEBUG [3868978960] [Bridge.Action] send_group_msg params=group_id=455415527 message=[len=1]
23:24:39 DEBUG [3868978960] [Highway.Image] uploading 1554502 bytes md5=7eff6c1e... → group 455415527
23:24:39 DEBUG [3868978960] [Highway] image OIDB requires bytes, PUT 1554502 bytes (sub=top)
23:24:40 DEBUG              [Highway] highway upload done: 1554502 bytes over 1 connection(s) (cmdId=1004)
23:24:40 DEBUG [3868978960] [Highway] image PUT done in 764ms
23:24:41 INFO               [OneBot] 群聊 455415527 | 发送：[图片]
23:24:41 DEBUG              [MsgPush.UnknownElement] wire element ignored unknownTag=1 wireType=2 count=1 bytes=34 reason=no schema decoder path=body.richText
23:24:41 DEBUG              [MsgPush.UnknownElement] wire element ignored unknownTag=9 wireType=2 count=1 bytes=3 reason=no schema decoder path=elem
23:24:41 DEBUG              [MsgPush.UnknownElement] wire element ignored unknownTag=10 wireType=0 count=1 bytes=1 reason=no schema decoder path=elem.generalFlags
23:24:41 DEBUG              [MsgPush.UnknownElement] wire element ignored unknownTag=12 wireType=0 count=1 bytes=1 reason=no schema decoder path=elem.generalFlags
23:24:41 DEBUG              [MsgPush.UnknownElement] wire element ignored unknownTag=13 wireType=0 count=1 bytes=1 reason=no schema decoder path=elem.generalFlags
23:24:41 DEBUG              [MsgPush.UnknownElement] wire element ignored unknownTag=19 wireType=2 count=1 bytes=91 reason=no schema decoder path=elem.generalFlags
23:24:41 OK    [3868978960] [Event] [自身] 群 [NSUK模组-高级用户群(455415527)] | [机器人测试账号(3868978960)]: ID:-1402347608 [图片]
23:26:25 DEBUG              [MsgPush.UnknownElement] wire element ignored unknownTag=1 wireType=2 count=1 bytes=34 reason=no schema decoder path=body.richText
23:26:25 DEBUG              [MsgPush.UnknownElement] wire element ignored unknownTag=10 wireType=0 count=1 bytes=1 reason=no schema decoder path=elem.generalFlags
23:26:25 DEBUG              [MsgPush.UnknownElement] wire element ignored unknownTag=12 wireType=0 count=1 bytes=1 reason=no schema decoder path=elem.generalFlags
23:26:25 DEBUG              [MsgPush.UnknownElement] wire element ignored unknownTag=13 wireType=0 count=1 bytes=1 reason=no schema decoder path=elem.generalFlags
23:26:25 DEBUG              [MsgPush.UnknownElement] wire element ignored unknownTag=17 wireType=0 count=1 bytes=1 reason=no schema decoder path=elem.generalFlags
23:26:25 DEBUG              [MsgPush.UnknownElement] wire element ignored unknownTag=19 wireType=2 count=1 bytes=102 reason=no schema decoder path=elem.generalFlags
23:26:25 DEBUG              [MsgPush.UnknownElement] wire element ignored unknownTag=9 wireType=2 count=1 bytes=8 reason=no schema decoder path=elem
23:26:25 OK    [3868978960] [Event] 群 [NSUK模组-高级用户群(455415527)] | [【仅受理建筑相关】-苏晴晴在此-(2639131152)]: ID:-2146467510 666
23:26:59 DEBUG              [MsgPush.UnknownElement] wire element ignored unknownTag=1 wireType=2 count=1 bytes=34 reason=no schema decoder path=body.richText
23:26:59 DEBUG              [MsgPush.UnknownElement] wire element ignored unknownTag=10 wireType=0 count=1 bytes=1 reason=no schema decoder path=elem.generalFlags
23:26:59 DEBUG              [MsgPush.UnknownElement] wire element ignored unknownTag=12 wireType=0 count=1 bytes=1 reason=no schema decoder path=elem.generalFlags
23:26:59 DEBUG              [MsgPush.UnknownElement] wire element ignored unknownTag=13 wireType=0 count=1 bytes=1 reason=no schema decoder path=elem.generalFlags
23:26:59 DEBUG              [MsgPush.UnknownElement] wire element ignored unknownTag=17 wireType=0 count=1 bytes=1 reason=no schema decoder path=elem.generalFlags
23:26:59 DEBUG              [MsgPush.UnknownElement] wire element ignored unknownTag=19 wireType=2 count=1 bytes=110 reason=no schema decoder path=elem.generalFlags
23:26:59 DEBUG              [MsgPush.UnknownElement] wire element ignored unknownTag=9 wireType=2 count=1 bytes=8 reason=no schema decoder path=elem
23:26:59 DEBUG              [MsgPush.UnknownElement] wire element ignored unknownTag=11 wireType=0 count=1 bytes=1 reason=no schema decoder path=text.pbReserve
23:26:59 OK    [3868978960] [Event] 群 [NSUK模组-高级用户群(455415527)] | [我是梦蓝咯(3630797734)]: ID:1846208123 @2639131152 能截我屏
23:26:59 DEBUG [3868978960] [Bridge.Action] get_group_member_info params=group_id=455415527 user_id=2639131152
23:27:02 DEBUG              [Hook] receive health armed by QQ heartbeat: PID=18652 UIN=3868978960
23:27:02 DEBUG              [MsgPush.UnknownElement] wire element ignored unknownTag=1 wireType=2 count=1 bytes=34 reason=no schema decoder path=body.richText
23:27:02 DEBUG              [MsgPush.UnknownElement] wire element ignored unknownTag=10 wireType=0 count=1 bytes=1 reason=no schema decoder path=elem.generalFlags
23:27:02 DEBUG              [MsgPush.UnknownElement] wire element ignored unknownTag=12 wireType=0 count=1 bytes=1 reason=no schema decoder path=elem.generalFlags
23:27:02 DEBUG              [MsgPush.UnknownElement] wire element ignored unknownTag=13 wireType=0 count=1 bytes=1 reason=no schema decoder path=elem.generalFlags
23:27:02 DEBUG              [MsgPush.UnknownElement] wire element ignored unknownTag=17 wireType=0 count=1 bytes=1 reason=no schema decoder path=elem.generalFlags
23:27:02 DEBUG              [MsgPush.UnknownElement] wire element ignored unknownTag=19 wireType=2 count=1 bytes=106 reason=no schema decoder path=elem.generalFlags
23:27:02 DEBUG              [MsgPush.UnknownElement] wire element ignored unknownTag=9 wireType=2 count=1 bytes=8 reason=no schema decoder path=elem
23:27:02 OK    [3868978960] [Event] 群 [NSUK模组-高级用户群(455415527)] | [我是梦蓝咯(3630797734)]: ID:1807543267 你也行
23:28:01 DEBUG              [MsgPush.UnknownElement] wire element ignored unknownTag=1 wireType=2 count=1 bytes=34 reason=no schema decoder path=body.richText
23:28:01 DEBUG              [MsgPush.UnknownElement] wire element ignored unknownTag=9 wireType=2 count=1 bytes=5 reason=no schema decoder path=elem
23:28:01 DEBUG              [MsgPush.UnknownElement] wire element ignored unknownTag=10 wireType=0 count=1 bytes=1 reason=no schema decoder path=elem.generalFlags
23:28:01 DEBUG              [MsgPush.UnknownElement] wire element ignored unknownTag=12 wireType=0 count=1 bytes=1 reason=no schema decoder path=elem.generalFlags
23:28:01 DEBUG              [MsgPush.UnknownElement] wire element ignored unknownTag=13 wireType=0 count=1 bytes=1 reason=no schema decoder path=elem.generalFlags
23:28:01 DEBUG              [MsgPush.UnknownElement] wire element ignored unknownTag=19 wireType=2 count=1 bytes=99 reason=no schema decoder path=elem.generalFlags
23:28:01 OK    [3868978960] [Event] 群 [NSUK模组-高级用户群(455415527)] | [Helvetica_Volubi(1945892653)]: ID:-124097249 我要！
23:28:05 DEBUG              [MsgPush.UnknownElement] wire element ignored unknownTag=1 wireType=2 count=1 bytes=33 reason=no schema decoder path=body.richText
23:28:05 DEBUG              [MsgPush.UnknownElement] wire element ignored unknownTag=9 wireType=2 count=1 bytes=5 reason=no schema decoder path=elem
23:28:05 DEBUG              [MsgPush.UnknownElement] wire element ignored unknownTag=10 wireType=0 count=1 bytes=1 reason=no schema decoder path=elem.generalFlags
23:28:05 DEBUG              [MsgPush.UnknownElement] wire element ignored unknownTag=12 wireType=0 count=1 bytes=1 reason=no schema decoder path=elem.generalFlags
23:28:05 DEBUG              [MsgPush.UnknownElement] wire element ignored unknownTag=13 wireType=0 count=1 bytes=1 reason=no schema decoder path=elem.generalFlags
23:28:05 DEBUG              [MsgPush.UnknownElement] wire element ignored unknownTag=19 wireType=2 count=1 bytes=99 reason=no schema decoder path=elem.generalFlags
23:28:05 OK    [3868978960] [Event] 群 [NSUK模组-高级用户群(455415527)] | [Helvetica_Volubi(1945892653)]: ID:-1009091733 每日
23:28:08 DEBUG              [MsgPush.UnknownElement] wire element ignored unknownTag=1 wireType=2 count=1 bytes=34 reason=no schema decoder path=body.richText
23:28:08 DEBUG              [MsgPush.UnknownElement] wire element ignored unknownTag=9 wireType=2 count=1 bytes=5 reason=no schema decoder path=elem
23:28:08 DEBUG              [MsgPush.UnknownElement] wire element ignored unknownTag=10 wireType=0 count=1 bytes=1 reason=no schema decoder path=elem.generalFlags
23:28:08 DEBUG              [MsgPush.UnknownElement] wire element ignored unknownTag=12 wireType=0 count=1 bytes=1 reason=no schema decoder path=elem.generalFlags
23:28:08 DEBUG              [MsgPush.UnknownElement] wire element ignored unknownTag=13 wireType=0 count=1 bytes=1 reason=no schema decoder path=elem.generalFlags
23:28:08 DEBUG              [MsgPush.UnknownElement] wire element ignored unknownTag=19 wireType=2 count=1 bytes=95 reason=no schema decoder path=elem.generalFlags
23:28:08 OK    [3868978960] [Event] 群 [NSUK模组-高级用户群(455415527)] | [Helvetica_Volubi(1945892653)]: ID:-780359960 /openGL
23:28:08 DEBUG [3868978960] [Bridge.Action] send_group_msg params=group_id=455415527 message=[len=2]
23:28:08 DEBUG [3868978960] [Highway.Image] uploading 17937 bytes md5=5093f6cd... → group 455415527
23:28:08 DEBUG [3868978960] [Highway] image fast-upload hit for sub=top (server reusing cached resource)
23:28:08 DEBUG [3868978960] [Highway] image fast-upload hit (server already had bytes)
23:28:09 INFO               [OneBot] 群聊 455415527 | 发送：openGL!!： [图片]
23:28:09 DEBUG              [MsgPush.UnknownElement] wire element ignored unknownTag=1 wireType=2 count=1 bytes=34 reason=no schema decoder path=body.richText
23:28:09 DEBUG              [MsgPush.UnknownElement] wire element ignored unknownTag=9 wireType=2 count=1 bytes=3 reason=no schema decoder path=elem
23:28:09 DEBUG              [MsgPush.UnknownElement] wire element ignored unknownTag=10 wireType=0 count=1 bytes=1 reason=no schema decoder path=elem.generalFlags
23:28:09 DEBUG              [MsgPush.UnknownElement] wire element ignored unknownTag=12 wireType=0 count=1 bytes=1 reason=no schema decoder path=elem.generalFlags
23:28:09 DEBUG              [MsgPush.UnknownElement] wire element ignored unknownTag=13 wireType=0 count=1 bytes=1 reason=no schema decoder path=elem.generalFlags
23:28:09 DEBUG              [MsgPush.UnknownElement] wire element ignored unknownTag=19 wireType=2 count=1 bytes=94 reason=no schema decoder path=elem.generalFlags
23:28:09 OK    [3868978960] [Event] [自身] 群 [NSUK模组-高级用户群(455415527)] | [机器人测试账号(3868978960)]: ID:-1370176943 openGL!!： [图片]
23:28:57 DEBUG              [MsgPush.UnknownElement] wire element ignored unknownTag=1 wireType=2 count=1 bytes=34 reason=no schema decoder path=body.richText
23:28:57 DEBUG              [MsgPush.UnknownElement] wire element ignored unknownTag=10 wireType=0 count=1 bytes=1 reason=no schema decoder path=elem.generalFlags
23:28:57 DEBUG              [MsgPush.UnknownElement] wire element ignored unknownTag=12 wireType=0 count=1 bytes=1 reason=no schema decoder path=elem.generalFlags
23:28:57 DEBUG              [MsgPush.UnknownElement] wire element ignored unknownTag=13 wireType=0 count=1 bytes=1 reason=no schema decoder path=elem.generalFlags
23:28:57 DEBUG              [MsgPush.UnknownElement] wire element ignored unknownTag=17 wireType=0 count=1 bytes=1 reason=no schema decoder path=elem.generalFlags
23:28:57 DEBUG              [MsgPush.UnknownElement] wire element ignored unknownTag=19 wireType=2 count=1 bytes=102 reason=no schema decoder path=elem.generalFlags
23:28:57 DEBUG              [MsgPush.UnknownElement] wire element ignored unknownTag=9 wireType=2 count=1 bytes=8 reason=no schema decoder path=elem
23:28:57 DEBUG              [MsgPush.UnknownElement] wire element ignored unknownTag=11 wireType=0 count=1 bytes=1 reason=no schema decoder path=text.pbReserve
23:28:57 OK    [3868978960] [Event] 群 [NSUK模组-高级用户群(455415527)] | [【仅受理建筑相关】-苏晴晴在此-(2639131152)]: ID:-1308910122 [回复 [Helvetica_Volubi(1945892653)]: /openGL] /openGL
23:28:57 DEBUG [3868978960] [Bridge.Action] get_msg params=message_id=-780359960
23:28:57 DEBUG [3868978960] [Bridge.Action] send_group_msg params=group_id=455415527 message=[len=2]
23:28:57 DEBUG [3868978960] [Highway.Image] uploading 17937 bytes md5=5093f6cd... → group 455415527
23:28:57 DEBUG [3868978960] [Highway] image fast-upload hit for sub=top (server reusing cached resource)
23:28:57 DEBUG [3868978960] [Highway] image fast-upload hit (server already had bytes)
23:28:58 INFO               [OneBot] 群聊 455415527 | 发送：openGL!!： [图片]
23:28:58 DEBUG              [MsgPush.UnknownElement] wire element ignored unknownTag=1 wireType=2 count=1 bytes=34 reason=no schema decoder path=body.richText
23:28:58 DEBUG              [MsgPush.UnknownElement] wire element ignored unknownTag=9 wireType=2 count=1 bytes=3 reason=no schema decoder path=elem
23:28:58 DEBUG              [MsgPush.UnknownElement] wire element ignored unknownTag=10 wireType=0 count=1 bytes=1 reason=no schema decoder path=elem.generalFlags
23:28:58 DEBUG              [MsgPush.UnknownElement] wire element ignored unknownTag=12 wireType=0 count=1 bytes=1 reason=no schema decoder path=elem.generalFlags
23:28:58 DEBUG              [MsgPush.UnknownElement] wire element ignored unknownTag=13 wireType=0 count=1 bytes=1 reason=no schema decoder path=elem.generalFlags
23:28:58 DEBUG              [MsgPush.UnknownElement] wire element ignored unknownTag=19 wireType=2 count=1 bytes=94 reason=no schema decoder path=elem.generalFlags
23:28:58 OK    [3868978960] [Event] [自身] 群 [NSUK模组-高级用户群(455415527)] | [机器人测试账号(3868978960)]: ID:413359549 openGL!!： [图片]
23:29:08 DEBUG              [MsgPush.UnknownElement] wire element ignored unknownTag=1 wireType=2 count=1 bytes=34 reason=no schema decoder path=body.richText
23:29:08 DEBUG              [MsgPush.UnknownElement] wire element ignored unknownTag=10 wireType=0 count=1 bytes=1 reason=no schema decoder path=elem.generalFlags
23:29:08 DEBUG              [MsgPush.UnknownElement] wire element ignored unknownTag=12 wireType=0 count=1 bytes=1 reason=no schema decoder path=elem.generalFlags
23:29:08 DEBUG              [MsgPush.UnknownElement] wire element ignored unknownTag=13 wireType=0 count=1 bytes=1 reason=no schema decoder path=elem.generalFlags
23:29:08 DEBUG              [MsgPush.UnknownElement] wire element ignored unknownTag=17 wireType=0 count=1 bytes=1 reason=no schema decoder path=elem.generalFlags
23:29:08 DEBUG              [MsgPush.UnknownElement] wire element ignored unknownTag=19 wireType=2 count=1 bytes=99 reason=no schema decoder path=elem.generalFlags
23:29:08 DEBUG              [MsgPush.UnknownElement] wire element ignored unknownTag=9 wireType=2 count=1 bytes=8 reason=no schema decoder path=elem
23:29:08 DEBUG              [MsgPush.UnknownElement] wire element ignored unknownTag=2 wireType=2 count=1 bytes=21 reason=no schema decoder path=commonElem.msgInfo.msgInfoBody[0].hashSum
23:29:08 DEBUG              [MsgPush.UnknownElement] wire element ignored unknownTag=3 wireType=0 count=1 bytes=1 reason=no schema decoder path=commonElem.msgInfo.extBizInfo.pic.extData
23:29:08 DEBUG              [MsgPush.UnknownElement] wire element ignored unknownTag=4 wireType=0 count=1 bytes=1 reason=no schema decoder path=commonElem.msgInfo.extBizInfo.pic.extData
23:29:08 DEBUG              [MsgPush.UnknownElement] wire element ignored unknownTag=10 wireType=0 count=1 bytes=1 reason=no schema decoder path=commonElem.msgInfo.extBizInfo.pic.extData
23:29:08 DEBUG              [MsgPush.UnknownElement] wire element ignored unknownTag=12 wireType=2 count=1 bytes=1 reason=no schema decoder path=commonElem.msgInfo.extBizInfo.pic.extData
23:29:08 DEBUG              [MsgPush.UnknownElement] wire element ignored unknownTag=18 wireType=2 count=1 bytes=1 reason=no schema decoder path=commonElem.msgInfo.extBizInfo.pic.extData
23:29:08 DEBUG              [MsgPush.UnknownElement] wire element ignored unknownTag=19 wireType=2 count=1 bytes=1 reason=no schema decoder path=commonElem.msgInfo.extBizInfo.pic.extData
23:29:08 DEBUG              [MsgPush.UnknownElement] wire element ignored unknownTag=21 wireType=2 count=1 bytes=13 reason=no schema decoder path=commonElem.msgInfo.extBizInfo.pic.extData
23:29:08 DEBUG              [MsgPush.UnknownElement] wire element ignored unknownTag=30 wireType=2 count=1 bytes=98 reason=no schema decoder path=commonElem.msgInfo.extBizInfo.pic.extData
23:29:08 DEBUG              [MsgPush.UnknownElement] wire element ignored unknownTag=31 wireType=2 count=1 bytes=1 reason=no schema decoder path=commonElem.msgInfo.extBizInfo.pic.extData
23:29:08 OK    [3868978960] [Event] 群 [NSUK模组-高级用户群(455415527)] | [【仅受理建筑相关】-苏晴晴在此-(2639131152)]: ID:364198884 什么时候写好我说的 [图片]
23:29:26 INFO  [3868978960] [Event] 群戳 [NSUK模组-高级用户群(455415527)] | [丿angles灬神(2407939408)] -> [【仅受理建筑相关】-苏晴晴在此-(2639131152)]
23:29:29 DEBUG              [MsgPush.UnknownElement] wire element ignored unknownTag=1 wireType=2 count=1 bytes=34 reason=no schema decoder path=body.richText
23:29:29 DEBUG              [MsgPush.UnknownElement] wire element ignored unknownTag=10 wireType=0 count=1 bytes=1 reason=no schema decoder path=elem.generalFlags
23:29:29 DEBUG              [MsgPush.UnknownElement] wire element ignored unknownTag=12 wireType=0 count=1 bytes=1 reason=no schema decoder path=elem.generalFlags
23:29:29 DEBUG              [MsgPush.UnknownElement] wire element ignored unknownTag=13 wireType=0 count=1 bytes=1 reason=no schema decoder path=elem.generalFlags
23:29:29 DEBUG              [MsgPush.UnknownElement] wire element ignored unknownTag=17 wireType=0 count=1 bytes=1 reason=no schema decoder path=elem.generalFlags
23:29:29 DEBUG              [MsgPush.UnknownElement] wire element ignored unknownTag=19 wireType=2 count=1 bytes=110 reason=no schema decoder path=elem.generalFlags
23:29:29 DEBUG              [MsgPush.UnknownElement] wire element ignored unknownTag=9 wireType=2 count=1 bytes=8 reason=no schema decoder path=elem
23:29:29 DEBUG              [MsgPush.UnknownElement] wire element ignored unknownTag=11 wireType=0 count=1 bytes=1 reason=no schema decoder path=text.pbReserve
23:29:29 OK    [3868978960] [Event] 群 [NSUK模组-高级用户群(455415527)] | [我是梦蓝咯(3630797734)]: ID:1024759479 @2639131152 不是有了
23:29:37 DEBUG              [MsgPush.UnknownElement] wire element ignored unknownTag=1 wireType=2 count=1 bytes=34 reason=no schema decoder path=body.richText
23:29:37 DEBUG              [MsgPush.UnknownElement] wire element ignored unknownTag=10 wireType=0 count=1 bytes=1 reason=no schema decoder path=elem.generalFlags
23:29:37 DEBUG              [MsgPush.UnknownElement] wire element ignored unknownTag=12 wireType=0 count=1 bytes=1 reason=no schema decoder path=elem.generalFlags
23:29:37 DEBUG              [MsgPush.UnknownElement] wire element ignored unknownTag=13 wireType=0 count=1 bytes=1 reason=no schema decoder path=elem.generalFlags
23:29:37 DEBUG              [MsgPush.UnknownElement] wire element ignored unknownTag=17 wireType=0 count=1 bytes=1 reason=no schema decoder path=elem.generalFlags
23:29:37 DEBUG              [MsgPush.UnknownElement] wire element ignored unknownTag=19 wireType=2 count=1 bytes=110 reason=no schema decoder path=elem.generalFlags
23:29:37 DEBUG              [MsgPush.UnknownElement] wire element ignored unknownTag=9 wireType=2 count=1 bytes=8 reason=no schema decoder path=elem
23:29:37 OK    [3868978960] [Event] 群 [NSUK模组-高级用户群(455415527)] | [我是梦蓝咯(3630797734)]: ID:-1965918607 /帮助
23:29:37 DEBUG [3868978960] [Bridge.Action] send_group_msg params=group_id=455415527 message=[len=2]
23:29:38 DEBUG              [MsgPush.UnknownElement] wire element ignored unknownTag=1 wireType=2 count=1 bytes=33 reason=no schema decoder path=body.richText
23:29:38 DEBUG              [MsgPush.UnknownElement] wire element ignored unknownTag=9 wireType=2 count=1 bytes=5 reason=no schema decoder path=elem
23:29:38 DEBUG              [MsgPush.UnknownElement] wire element ignored unknownTag=10 wireType=0 count=1 bytes=1 reason=no schema decoder path=elem.generalFlags
23:29:38 DEBUG              [MsgPush.UnknownElement] wire element ignored unknownTag=12 wireType=0 count=1 bytes=1 reason=no schema decoder path=elem.generalFlags
23:29:38 DEBUG              [MsgPush.UnknownElement] wire element ignored unknownTag=13 wireType=0 count=1 bytes=1 reason=no schema decoder path=elem.generalFlags
23:29:38 DEBUG              [MsgPush.UnknownElement] wire element ignored unknownTag=19 wireType=2 count=1 bytes=93 reason=no schema decoder path=elem.generalFlags
23:29:38 OK    [3868978960] [Event] [自身] 群 [NSUK模组-高级用户群(455415527)] | [机器人测试账号(3868978960)]: ID:-1319552647 @3630797734 这是命令菜单
/帮助打开这个菜单
/mod问题 反映遇到的mod问题
/筑艺坊问题 反映筑艺坊问题...
23:29:38 INFO               [OneBot] 群聊 455415527 | 发送：这是命令菜单
/帮助打开这个菜单
/mod问题 反映遇到的mod问题
/筑艺坊问题 反映筑艺坊问题...
23:29:44 DEBUG              [MsgPush.UnknownElement] wire element ignored unknownTag=1 wireType=2 count=1 bytes=34 reason=no schema decoder path=body.richText
23:29:44 DEBUG              [MsgPush.UnknownElement] wire element ignored unknownTag=10 wireType=0 count=1 bytes=1 reason=no schema decoder path=elem.generalFlags
23:29:44 DEBUG              [MsgPush.UnknownElement] wire element ignored unknownTag=12 wireType=0 count=1 bytes=1 reason=no schema decoder path=elem.generalFlags
23:29:44 DEBUG              [MsgPush.UnknownElement] wire element ignored unknownTag=13 wireType=0 count=1 bytes=1 reason=no schema decoder path=elem.generalFlags
23:29:44 DEBUG              [MsgPush.UnknownElement] wire element ignored unknownTag=17 wireType=0 count=1 bytes=1 reason=no schema decoder path=elem.generalFlags
23:29:44 DEBUG              [MsgPush.UnknownElement] wire element ignored unknownTag=19 wireType=2 count=1 bytes=109 reason=no schema decoder path=elem.generalFlags
23:29:44 DEBUG              [MsgPush.UnknownElement] wire element ignored unknownTag=9 wireType=2 count=1 bytes=8 reason=no schema decoder path=elem
23:29:44 OK    [3868978960] [Event] 群 [NSUK模组-高级用户群(455415527)] | [我是梦蓝咯(3630797734)]: ID:-375923839 /mod
23:29:46 DEBUG              [MsgPush.UnknownElement] wire element ignored unknownTag=1 wireType=2 count=1 bytes=34 reason=no schema decoder path=body.richText
23:29:46 DEBUG              [MsgPush.UnknownElement] wire element ignored unknownTag=10 wireType=0 count=1 bytes=1 reason=no schema decoder path=elem.generalFlags
23:29:46 DEBUG              [MsgPush.UnknownElement] wire element ignored unknownTag=12 wireType=0 count=1 bytes=1 reason=no schema decoder path=elem.generalFlags
23:29:46 DEBUG              [MsgPush.UnknownElement] wire element ignored unknownTag=13 wireType=0 count=1 bytes=1 reason=no schema decoder path=elem.generalFlags
23:29:46 DEBUG              [MsgPush.UnknownElement] wire element ignored unknownTag=17 wireType=0 count=1 bytes=1 reason=no schema decoder path=elem.generalFlags
23:29:46 DEBUG              [MsgPush.UnknownElement] wire element ignored unknownTag=19 wireType=2 count=1 bytes=103 reason=no schema decoder path=elem.generalFlags
23:29:46 DEBUG              [MsgPush.UnknownElement] wire element ignored unknownTag=9 wireType=2 count=1 bytes=8 reason=no schema decoder path=elem
23:29:46 OK    [3868978960] [Event] 群 [NSUK模组-高级用户群(455415527)] | [【仅受理建筑相关】-苏晴晴在此-(2639131152)]: ID:-1154069612 没有1：1复刻
23:29:48 WARN  [3868978960] [Event] 群撤回 [NSUK模组-高级用户群(455415527)] | [我是梦蓝咯(3630797734)] 被 [我是梦蓝咯(3630797734)] 撤回
23:29:55 DEBUG              [MsgPush.UnknownElement] wire element ignored unknownTag=1 wireType=2 count=1 bytes=34 reason=no schema decoder path=body.richText
23:29:55 DEBUG              [MsgPush.UnknownElement] wire element ignored unknownTag=10 wireType=0 count=1 bytes=1 reason=no schema decoder path=elem.generalFlags
23:29:55 DEBUG              [MsgPush.UnknownElement] wire element ignored unknownTag=12 wireType=0 count=1 bytes=1 reason=no schema decoder path=elem.generalFlags
23:29:55 DEBUG              [MsgPush.UnknownElement] wire element ignored unknownTag=13 wireType=0 count=1 bytes=1 reason=no schema decoder path=elem.generalFlags
23:29:55 DEBUG              [MsgPush.UnknownElement] wire element ignored unknownTag=16 wireType=0 count=1 bytes=1 reason=no schema decoder path=elem.generalFlags
23:29:55 DEBUG              [MsgPush.UnknownElement] wire element ignored unknownTag=17 wireType=0 count=1 bytes=1 reason=no schema decoder path=elem.generalFlags
23:29:55 DEBUG              [MsgPush.UnknownElement] wire element ignored unknownTag=19 wireType=2 count=1 bytes=115 reason=no schema decoder path=elem.generalFlags
23:29:55 DEBUG              [MsgPush.UnknownElement] wire element ignored unknownTag=9 wireType=2 count=1 bytes=5 reason=no schema decoder path=elem
23:29:55 OK    [3868978960] [Event] 群 [NSUK模组-高级用户群(455415527)] | [丿angles灬神(2407939408)]: ID:-1449706374 /mod问题
23:29:55 DEBUG [3868978960] [Bridge.Action] send_group_msg params=group_id=455415527 message=[len=2]
23:29:55 DEBUG              [MsgPush.UnknownElement] wire element ignored unknownTag=1 wireType=2 count=1 bytes=34 reason=no schema decoder path=body.richText
23:29:55 DEBUG              [MsgPush.UnknownElement] wire element ignored unknownTag=10 wireType=0 count=1 bytes=1 reason=no schema decoder path=elem.generalFlags
23:29:55 DEBUG              [MsgPush.UnknownElement] wire element ignored unknownTag=12 wireType=0 count=1 bytes=1 reason=no schema decoder path=elem.generalFlags
23:29:55 DEBUG              [MsgPush.UnknownElement] wire element ignored unknownTag=13 wireType=0 count=1 bytes=1 reason=no schema decoder path=elem.generalFlags
23:29:55 DEBUG              [MsgPush.UnknownElement] wire element ignored unknownTag=17 wireType=0 count=1 bytes=1 reason=no schema decoder path=elem.generalFlags
23:29:55 DEBUG              [MsgPush.UnknownElement] wire element ignored unknownTag=19 wireType=2 count=1 bytes=109 reason=no schema decoder path=elem.generalFlags
23:29:55 DEBUG              [MsgPush.UnknownElement] wire element ignored unknownTag=9 wireType=2 count=1 bytes=8 reason=no schema decoder path=elem
23:29:55 OK    [3868978960] [Event] 群 [NSUK模组-高级用户群(455415527)] | [我是梦蓝咯(3630797734)]: ID:-1465257317 我也不知道有啥
23:29:56 DEBUG              [MsgPush.UnknownElement] wire element ignored unknownTag=1 wireType=2 count=1 bytes=34 reason=no schema decoder path=body.richText
23:29:56 DEBUG              [MsgPush.UnknownElement] wire element ignored unknownTag=9 wireType=2 count=1 bytes=5 reason=no schema decoder path=elem
23:29:56 DEBUG              [MsgPush.UnknownElement] wire element ignored unknownTag=10 wireType=0 count=1 bytes=1 reason=no schema decoder path=elem.generalFlags
23:29:56 DEBUG              [MsgPush.UnknownElement] wire element ignored unknownTag=12 wireType=0 count=1 bytes=1 reason=no schema decoder path=elem.generalFlags
23:29:56 DEBUG              [MsgPush.UnknownElement] wire element ignored unknownTag=13 wireType=0 count=1 bytes=1 reason=no schema decoder path=elem.generalFlags
23:29:56 DEBUG              [MsgPush.UnknownElement] wire element ignored unknownTag=19 wireType=2 count=1 bytes=91 reason=no schema decoder path=elem.generalFlags
23:29:56 OK    [3868978960] [Event] [自身] 群 [NSUK模组-高级用户群(455415527)] | [机器人测试账号(3868978960)]: ID:1498840720 @2407939408 mod问题请详细描述,描述格式:
艾特一位常驻工程师(常驻:咖啡 梦蓝 小亮)
所使用的游戏版本:...
23:29:56 INFO               [OneBot] 群聊 455415527 | 发送：mod问题请详细描述,描述格式:
艾特一位常驻工程师(常驻:咖啡 梦蓝 小亮)
所使用的游戏版本:...
23:30:07 DEBUG              [MsgPush.UnknownElement] wire element ignored unknownTag=1 wireType=2 count=1 bytes=34 reason=no schema decoder path=body.richText
23:30:07 DEBUG              [MsgPush.UnknownElement] wire element ignored unknownTag=10 wireType=0 count=1 bytes=1 reason=no schema decoder path=elem.generalFlags
23:30:07 DEBUG              [MsgPush.UnknownElement] wire element ignored unknownTag=12 wireType=0 count=1 bytes=1 reason=no schema decoder path=elem.generalFlags
23:30:07 DEBUG              [MsgPush.UnknownElement] wire element ignored unknownTag=13 wireType=0 count=1 bytes=1 reason=no schema decoder path=elem.generalFlags
23:30:07 DEBUG              [MsgPush.UnknownElement] wire element ignored unknownTag=17 wireType=0 count=1 bytes=1 reason=no schema decoder path=elem.generalFlags
23:30:07 DEBUG              [MsgPush.UnknownElement] wire element ignored unknownTag=19 wireType=2 count=1 bytes=109 reason=no schema decoder path=elem.generalFlags
23:30:07 DEBUG              [MsgPush.UnknownElement] wire element ignored unknownTag=9 wireType=2 count=1 bytes=8 reason=no schema decoder path=elem
23:30:07 OK    [3868978960] [Event] 群 [NSUK模组-高级用户群(455415527)] | [我是梦蓝咯(3630797734)]: ID:-1929610439 /pcl21
23:30:07 DEBUG [3868978960] [Bridge.Action] send_group_msg params=group_id=455415527 message=[len=3]
23:30:07 DEBUG [3868978960] [Highway.Image] uploading 807885 bytes md5=5a4547c1... → group 455415527
23:30:07 DEBUG [3868978960] [Highway] image fast-upload hit for sub=top (server reusing cached resource)
23:30:07 DEBUG [3868978960] [Highway] image fast-upload hit (server already had bytes)
23:30:08 INFO               [OneBot] 群聊 455415527 | 发送：先退出启动器，然后下载安装这个 Java，安装的时候不要改安装位置， https://downlo... [图片]
23:30:08 DEBUG              [MsgPush.UnknownElement] wire element ignored unknownTag=1 wireType=2 count=1 bytes=34 reason=no schema decoder path=body.richText
23:30:08 DEBUG              [MsgPush.UnknownElement] wire element ignored unknownTag=9 wireType=2 count=1 bytes=5 reason=no schema decoder path=elem
23:30:08 DEBUG              [MsgPush.UnknownElement] wire element ignored unknownTag=10 wireType=0 count=1 bytes=1 reason=no schema decoder path=elem.generalFlags
23:30:08 DEBUG              [MsgPush.UnknownElement] wire element ignored unknownTag=12 wireType=0 count=1 bytes=1 reason=no schema decoder path=elem.generalFlags
23:30:08 DEBUG              [MsgPush.UnknownElement] wire element ignored unknownTag=13 wireType=0 count=1 bytes=1 reason=no schema decoder path=elem.generalFlags
23:30:08 DEBUG              [MsgPush.UnknownElement] wire element ignored unknownTag=19 wireType=2 count=1 bytes=90 reason=no schema decoder path=elem.generalFlags
23:30:08 OK    [3868978960] [Event] [自身] 群 [NSUK模组-高级用户群(455415527)] | [机器人测试账号(3868978960)]: ID:-1491698192 @3630797734 先退出启动器，然后下载安装这个 Java，安装的时候不要改安装位置， https://downlo... [图片]
23:30:19 DEBUG              [MsgPush.UnknownElement] wire element ignored unknownTag=1 wireType=2 count=1 bytes=34 reason=no schema decoder path=body.richText
23:30:19 DEBUG              [MsgPush.UnknownElement] wire element ignored unknownTag=10 wireType=0 count=1 bytes=1 reason=no schema decoder path=elem.generalFlags
23:30:19 DEBUG              [MsgPush.UnknownElement] wire element ignored unknownTag=12 wireType=0 count=1 bytes=1 reason=no schema decoder path=elem.generalFlags
23:30:19 DEBUG              [MsgPush.UnknownElement] wire element ignored unknownTag=13 wireType=0 count=1 bytes=1 reason=no schema decoder path=elem.generalFlags
23:30:19 DEBUG              [MsgPush.UnknownElement] wire element ignored unknownTag=17 wireType=0 count=1 bytes=1 reason=no schema decoder path=elem.generalFlags
23:30:19 DEBUG              [MsgPush.UnknownElement] wire element ignored unknownTag=19 wireType=2 count=1 bytes=103 reason=no schema decoder path=elem.generalFlags
23:30:19 DEBUG              [MsgPush.UnknownElement] wire element ignored unknownTag=9 wireType=2 count=1 bytes=8 reason=no schema decoder path=elem
23:30:19 OK    [3868978960] [Event] 群 [NSUK模组-高级用户群(455415527)] | [【仅受理建筑相关】-苏晴晴在此-(2639131152)]: ID:682559666 不对，没有复刻
23:30:23 DEBUG              [MsgPush.UnknownElement] wire element ignored unknownTag=1 wireType=2 count=1 bytes=34 reason=no schema decoder path=body.richText
23:30:23 DEBUG              [MsgPush.UnknownElement] wire element ignored unknownTag=10 wireType=0 count=1 bytes=1 reason=no schema decoder path=elem.generalFlags
23:30:23 DEBUG              [MsgPush.UnknownElement] wire element ignored unknownTag=12 wireType=0 count=1 bytes=1 reason=no schema decoder path=elem.generalFlags
23:30:23 DEBUG              [MsgPush.UnknownElement] wire element ignored unknownTag=13 wireType=0 count=1 bytes=1 reason=no schema decoder path=elem.generalFlags
23:30:23 DEBUG              [MsgPush.UnknownElement] wire element ignored unknownTag=17 wireType=0 count=1 bytes=1 reason=no schema decoder path=elem.generalFlags
23:30:23 DEBUG              [MsgPush.UnknownElement] wire element ignored unknownTag=19 wireType=2 count=1 bytes=110 reason=no schema decoder path=elem.generalFlags
23:30:23 DEBUG              [MsgPush.UnknownElement] wire element ignored unknownTag=9 wireType=2 count=1 bytes=8 reason=no schema decoder path=elem
23:30:23 OK    [3868978960] [Event] 群 [NSUK模组-高级用户群(455415527)] | [我是梦蓝咯(3630797734)]: ID:1482705356 ?
23:30:27 DEBUG              [MsgPush.UnknownElement] wire element ignored unknownTag=1 wireType=2 count=1 bytes=34 reason=no schema decoder path=body.richText
23:30:27 DEBUG              [MsgPush.UnknownElement] wire element ignored unknownTag=10 wireType=0 count=1 bytes=1 reason=no schema decoder path=elem.generalFlags
23:30:27 DEBUG              [MsgPush.UnknownElement] wire element ignored unknownTag=12 wireType=0 count=1 bytes=1 reason=no schema decoder path=elem.generalFlags
23:30:27 DEBUG              [MsgPush.UnknownElement] wire element ignored unknownTag=13 wireType=0 count=1 bytes=1 reason=no schema decoder path=elem.generalFlags
23:30:27 DEBUG              [MsgPush.UnknownElement] wire element ignored unknownTag=16 wireType=0 count=1 bytes=1 reason=no schema decoder path=elem.generalFlags
23:30:27 DEBUG              [MsgPush.UnknownElement] wire element ignored unknownTag=17 wireType=0 count=1 bytes=1 reason=no schema decoder path=elem.generalFlags
23:30:27 DEBUG              [MsgPush.UnknownElement] wire element ignored unknownTag=19 wireType=2 count=1 bytes=115 reason=no schema decoder path=elem.generalFlags
23:30:27 DEBUG              [MsgPush.UnknownElement] wire element ignored unknownTag=9 wireType=2 count=1 bytes=5 reason=no schema decoder path=elem
23:30:27 OK    [3868978960] [Event] 群 [NSUK模组-高级用户群(455415527)] | [丿angles灬神(2407939408)]: ID:1516460283 好奇支持其他信息吗？
23:30:30 DEBUG              [MsgPush.UnknownElement] wire element ignored unknownTag=1 wireType=2 count=1 bytes=34 reason=no schema decoder path=body.richText
23:30:30 DEBUG              [MsgPush.UnknownElement] wire element ignored unknownTag=10 wireType=0 count=1 bytes=1 reason=no schema decoder path=elem.generalFlags
23:30:30 DEBUG              [MsgPush.UnknownElement] wire element ignored unknownTag=12 wireType=0 count=1 bytes=1 reason=no schema decoder path=elem.generalFlags
23:30:30 DEBUG              [MsgPush.UnknownElement] wire element ignored unknownTag=13 wireType=0 count=1 bytes=1 reason=no schema decoder path=elem.generalFlags
23:30:30 DEBUG              [MsgPush.UnknownElement] wire element ignored unknownTag=17 wireType=0 count=1 bytes=1 reason=no schema decoder path=elem.generalFlags
23:30:30 DEBUG              [MsgPush.UnknownElement] wire element ignored unknownTag=19 wireType=2 count=1 bytes=99 reason=no schema decoder path=elem.generalFlags
23:30:30 DEBUG              [MsgPush.UnknownElement] wire element ignored unknownTag=9 wireType=2 count=1 bytes=8 reason=no schema decoder path=elem
23:30:30 OK    [3868978960] [Event] 群 [NSUK模组-高级用户群(455415527)] | [【仅受理建筑相关】-苏晴晴在此-(2639131152)]: ID:-531709946 /pcl21
23:30:30 DEBUG [3868978960] [Bridge.Action] send_group_msg params=group_id=455415527 message=[len=3]
23:30:30 DEBUG [3868978960] [Highway.Image] uploading 807885 bytes md5=5a4547c1... → group 455415527
23:30:30 DEBUG [3868978960] [Highway] image fast-upload hit for sub=top (server reusing cached resource)
23:30:30 DEBUG [3868978960] [Highway] image fast-upload hit (server already had bytes)
23:30:31 INFO               [OneBot] 群聊 455415527 | 发送：先退出启动器，然后下载安装这个 Java，安装的时候不要改安装位置， https://downlo... [图片]
23:30:31 DEBUG              [MsgPush.UnknownElement] wire element ignored unknownTag=1 wireType=2 count=1 bytes=34 reason=no schema decoder path=body.richText
23:30:31 DEBUG              [MsgPush.UnknownElement] wire element ignored unknownTag=9 wireType=2 count=1 bytes=5 reason=no schema decoder path=elem
23:30:31 DEBUG              [MsgPush.UnknownElement] wire element ignored unknownTag=10 wireType=0 count=1 bytes=1 reason=no schema decoder path=elem.generalFlags
23:30:31 DEBUG              [MsgPush.UnknownElement] wire element ignored unknownTag=12 wireType=0 count=1 bytes=1 reason=no schema decoder path=elem.generalFlags
23:30:31 DEBUG              [MsgPush.UnknownElement] wire element ignored unknownTag=13 wireType=0 count=1 bytes=1 reason=no schema decoder path=elem.generalFlags
23:30:31 DEBUG              [MsgPush.UnknownElement] wire element ignored unknownTag=19 wireType=2 count=1 bytes=94 reason=no schema decoder path=elem.generalFlags
23:30:31 OK    [3868978960] [Event] [自身] 群 [NSUK模组-高级用户群(455415527)] | [机器人测试账号(3868978960)]: ID:-100297424 @2639131152 先退出启动器，然后下载安装这个 Java，安装的时候不要改安装位置， https://downlo... [图片]
23:30:37 DEBUG              [MsgPush.UnknownElement] wire element ignored unknownTag=1 wireType=2 count=1 bytes=34 reason=no schema decoder path=body.richText
23:30:37 DEBUG              [MsgPush.UnknownElement] wire element ignored unknownTag=10 wireType=0 count=1 bytes=1 reason=no schema decoder path=elem.generalFlags
23:30:37 DEBUG              [MsgPush.UnknownElement] wire element ignored unknownTag=12 wireType=0 count=1 bytes=1 reason=no schema decoder path=elem.generalFlags
23:30:37 DEBUG              [MsgPush.UnknownElement] wire element ignored unknownTag=13 wireType=0 count=1 bytes=1 reason=no schema decoder path=elem.generalFlags
23:30:37 DEBUG              [MsgPush.UnknownElement] wire element ignored unknownTag=17 wireType=0 count=1 bytes=1 reason=no schema decoder path=elem.generalFlags
23:30:37 DEBUG              [MsgPush.UnknownElement] wire element ignored unknownTag=19 wireType=2 count=1 bytes=102 reason=no schema decoder path=elem.generalFlags
23:30:37 DEBUG              [MsgPush.UnknownElement] wire element ignored unknownTag=9 wireType=2 count=1 bytes=8 reason=no schema decoder path=elem
23:30:37 DEBUG              [MsgPush.UnknownElement] wire element ignored unknownTag=11 wireType=0 count=1 bytes=1 reason=no schema decoder path=text.pbReserve
23:30:37 OK    [3868978960] [Event] 群 [NSUK模组-高级用户群(455415527)] | [【仅受理建筑相关】-苏晴晴在此-(2639131152)]: ID:-1478515087 [回复 [丿angles灬神(2407939408)]: 好奇支持其他信息吗？] /pcl21
23:30:37 DEBUG [3868978960] [Bridge.Action] get_msg params=message_id=1516460283
23:30:37 DEBUG [3868978960] [Bridge.Action] send_group_msg params=group_id=455415527 message=[len=3]
23:30:37 DEBUG [3868978960] [Highway.Image] uploading 807885 bytes md5=5a4547c1... → group 455415527
23:30:37 DEBUG [3868978960] [Highway] image fast-upload hit for sub=top (server reusing cached resource)
23:30:37 DEBUG [3868978960] [Highway] image fast-upload hit (server already had bytes)
23:30:37 DEBUG              [MsgPush.UnknownElement] wire element ignored unknownTag=1 wireType=2 count=1 bytes=34 reason=no schema decoder path=body.richText
23:30:37 DEBUG              [MsgPush.UnknownElement] wire element ignored unknownTag=10 wireType=0 count=1 bytes=1 reason=no schema decoder path=elem.generalFlags
23:30:37 DEBUG              [MsgPush.UnknownElement] wire element ignored unknownTag=12 wireType=0 count=1 bytes=1 reason=no schema decoder path=elem.generalFlags
23:30:37 DEBUG              [MsgPush.UnknownElement] wire element ignored unknownTag=13 wireType=0 count=1 bytes=1 reason=no schema decoder path=elem.generalFlags
23:30:37 DEBUG              [MsgPush.UnknownElement] wire element ignored unknownTag=16 wireType=0 count=1 bytes=1 reason=no schema decoder path=elem.generalFlags
23:30:37 DEBUG              [MsgPush.UnknownElement] wire element ignored unknownTag=17 wireType=0 count=1 bytes=1 reason=no schema decoder path=elem.generalFlags
23:30:37 DEBUG              [MsgPush.UnknownElement] wire element ignored unknownTag=19 wireType=2 count=1 bytes=115 reason=no schema decoder path=elem.generalFlags
23:30:37 DEBUG              [MsgPush.UnknownElement] wire element ignored unknownTag=9 wireType=2 count=1 bytes=5 reason=no schema decoder path=elem
23:30:37 DEBUG              [MsgPush.UnknownElement] wire element ignored unknownTag=11 wireType=0 count=1 bytes=1 reason=no schema decoder path=text.pbReserve
23:30:37 OK    [3868978960] [Event] 群 [NSUK模组-高级用户群(455415527)] | [丿angles灬神(2407939408)]: ID:1351013304 @3868978960 你能看些啥？
23:30:37 DEBUG [3868978960] [Bridge.Action] get_group_member_info params=group_id=455415527 user_id=3868978960
23:30:38 INFO               [OneBot] 群聊 455415527 | 发送：先退出启动器，然后下载安装这个 Java，安装的时候不要改安装位置， https://downlo... [图片]
23:30:38 DEBUG              [MsgPush.UnknownElement] wire element ignored unknownTag=1 wireType=2 count=1 bytes=34 reason=no schema decoder path=body.richText
23:30:38 DEBUG              [MsgPush.UnknownElement] wire element ignored unknownTag=9 wireType=2 count=1 bytes=5 reason=no schema decoder path=elem
23:30:38 DEBUG              [MsgPush.UnknownElement] wire element ignored unknownTag=10 wireType=0 count=1 bytes=1 reason=no schema decoder path=elem.generalFlags
23:30:38 DEBUG              [MsgPush.UnknownElement] wire element ignored unknownTag=12 wireType=0 count=1 bytes=1 reason=no schema decoder path=elem.generalFlags
23:30:38 DEBUG              [MsgPush.UnknownElement] wire element ignored unknownTag=13 wireType=0 count=1 bytes=1 reason=no schema decoder path=elem.generalFlags
23:30:38 DEBUG              [MsgPush.UnknownElement] wire element ignored unknownTag=19 wireType=2 count=1 bytes=94 reason=no schema decoder path=elem.generalFlags
23:30:38 OK    [3868978960] [Event] [自身] 群 [NSUK模组-高级用户群(455415527)] | [机器人测试账号(3868978960)]: ID:1755673765 @2639131152 先退出启动器，然后下载安装这个 Java，安装的时候不要改安装位置， https://downlo... [图片]
23:30:46 DEBUG              [MsgPush.UnknownElement] wire element ignored unknownTag=1 wireType=2 count=1 bytes=34 reason=no schema decoder path=body.richText
23:30:46 DEBUG              [MsgPush.UnknownElement] wire element ignored unknownTag=10 wireType=0 count=1 bytes=1 reason=no schema decoder path=elem.generalFlags
23:30:46 DEBUG              [MsgPush.UnknownElement] wire element ignored unknownTag=12 wireType=0 count=1 bytes=1 reason=no schema decoder path=elem.generalFlags
23:30:46 DEBUG              [MsgPush.UnknownElement] wire element ignored unknownTag=13 wireType=0 count=1 bytes=1 reason=no schema decoder path=elem.generalFlags
23:30:46 DEBUG              [MsgPush.UnknownElement] wire element ignored unknownTag=17 wireType=0 count=1 bytes=1 reason=no schema decoder path=elem.generalFlags
23:30:46 DEBUG              [MsgPush.UnknownElement] wire element ignored unknownTag=19 wireType=2 count=1 bytes=102 reason=no schema decoder path=elem.generalFlags
23:30:46 DEBUG              [MsgPush.UnknownElement] wire element ignored unknownTag=9 wireType=2 count=1 bytes=8 reason=no schema decoder path=elem
23:30:46 DEBUG              [MsgPush.UnknownElement] wire element ignored unknownTag=11 wireType=0 count=1 bytes=1 reason=no schema decoder path=text.pbReserve
23:30:46 OK    [3868978960] [Event] 群 [NSUK模组-高级用户群(455415527)] | [【仅受理建筑相关】-苏晴晴在此-(2639131152)]: ID:1717886945 机器人应该回复 @2407939408 而不是艾特我
23:30:46 DEBUG [3868978960] [Bridge.Action] get_group_member_info params=group_id=455415527 user_id=2407939408
23:31:04 DEBUG              [MsgPush.UnknownElement] wire element ignored unknownTag=1 wireType=2 count=1 bytes=34 reason=no schema decoder path=body.richText
23:31:04 DEBUG              [MsgPush.UnknownElement] wire element ignored unknownTag=10 wireType=0 count=1 bytes=1 reason=no schema decoder path=elem.generalFlags
23:31:04 DEBUG              [MsgPush.UnknownElement] wire element ignored unknownTag=12 wireType=0 count=1 bytes=1 reason=no schema decoder path=elem.generalFlags
23:31:04 DEBUG              [MsgPush.UnknownElement] wire element ignored unknownTag=13 wireType=0 count=1 bytes=1 reason=no schema decoder path=elem.generalFlags
23:31:04 DEBUG              [MsgPush.UnknownElement] wire element ignored unknownTag=17 wireType=0 count=1 bytes=1 reason=no schema decoder path=elem.generalFlags
23:31:04 DEBUG              [MsgPush.UnknownElement] wire element ignored unknownTag=19 wireType=2 count=1 bytes=103 reason=no schema decoder path=elem.generalFlags
23:31:04 DEBUG              [MsgPush.UnknownElement] wire element ignored unknownTag=9 wireType=2 count=1 bytes=8 reason=no schema decoder path=elem
23:31:04 OK    [3868978960] [Event] 群 [NSUK模组-高级用户群(455415527)] | [【仅受理建筑相关】-苏晴晴在此-(2639131152)]: ID:-1088069057 另外加调用人：苏晴晴在此
23:31:49 DEBUG              [MsgPush.UnknownElement] wire element ignored unknownTag=1 wireType=2 count=1 bytes=34 reason=no schema decoder path=body.richText
23:31:49 DEBUG              [MsgPush.UnknownElement] wire element ignored unknownTag=10 wireType=0 count=1 bytes=1 reason=no schema decoder path=elem.generalFlags
23:31:49 DEBUG              [MsgPush.UnknownElement] wire element ignored unknownTag=12 wireType=0 count=1 bytes=1 reason=no schema decoder path=elem.generalFlags
23:31:49 DEBUG              [MsgPush.UnknownElement] wire element ignored unknownTag=13 wireType=0 count=1 bytes=1 reason=no schema decoder path=elem.generalFlags
23:31:49 DEBUG              [MsgPush.UnknownElement] wire element ignored unknownTag=17 wireType=0 count=1 bytes=1 reason=no schema decoder path=elem.generalFlags
23:31:49 DEBUG              [MsgPush.UnknownElement] wire element ignored unknownTag=19 wireType=2 count=1 bytes=106 reason=no schema decoder path=elem.generalFlags
23:31:49 DEBUG              [MsgPush.UnknownElement] wire element ignored unknownTag=9 wireType=2 count=1 bytes=8 reason=no schema decoder path=elem
23:31:49 OK    [3868978960] [Event] 群 [NSUK模组-高级用户群(455415527)] | [我是梦蓝咯(3630797734)]: ID:-1611732168 emmm
23:34:19 DEBUG              [MsgPush.UnknownElement] wire element ignored unknownTag=1 wireType=2 count=1 bytes=34 reason=no schema decoder path=body.richText
23:34:19 DEBUG              [MsgPush.UnknownElement] wire element ignored unknownTag=10 wireType=0 count=1 bytes=1 reason=no schema decoder path=elem.generalFlags
23:34:19 DEBUG              [MsgPush.UnknownElement] wire element ignored unknownTag=12 wireType=0 count=1 bytes=1 reason=no schema decoder path=elem.generalFlags
23:34:19 DEBUG              [MsgPush.UnknownElement] wire element ignored unknownTag=13 wireType=0 count=1 bytes=1 reason=no schema decoder path=elem.generalFlags
23:34:19 DEBUG              [MsgPush.UnknownElement] wire element ignored unknownTag=17 wireType=0 count=1 bytes=1 reason=no schema decoder path=elem.generalFlags
23:34:19 DEBUG              [MsgPush.UnknownElement] wire element ignored unknownTag=19 wireType=2 count=1 bytes=110 reason=no schema decoder path=elem.generalFlags
23:34:19 DEBUG              [MsgPush.UnknownElement] wire element ignored unknownTag=9 wireType=2 count=1 bytes=8 reason=no schema decoder path=elem
23:34:19 DEBUG              [MsgPush.UnknownElement] wire element ignored unknownTag=11 wireType=0 count=1 bytes=1 reason=no schema decoder path=text.pbReserve
23:34:19 OK    [3868978960] [Event] 群 [NSUK模组-高级用户群(455415527)] | [我是梦蓝咯(3630797734)]: ID:1641803971 @3868978960 [空消息]
23:34:19 DEBUG [3868978960] [Bridge.Action] send_group_msg params=group_id=455415527 message=[len=1]
23:34:19 DEBUG [3868978960] [Highway.Image] uploading 721953 bytes md5=52c1089e... → group 455415527
23:34:20 DEBUG [3868978960] [Highway] image fast-upload hit for sub=top (server reusing cached resource)
23:34:20 DEBUG [3868978960] [Highway] image fast-upload hit (server already had bytes)
23:34:20 INFO               [OneBot] 群聊 455415527 | 发送：[图片]
23:34:20 DEBUG              [MsgPush.UnknownElement] wire element ignored unknownTag=1 wireType=2 count=1 bytes=34 reason=no schema decoder path=body.richText
23:34:20 DEBUG              [MsgPush.UnknownElement] wire element ignored unknownTag=9 wireType=2 count=1 bytes=3 reason=no schema decoder path=elem
23:34:20 DEBUG              [MsgPush.UnknownElement] wire element ignored unknownTag=10 wireType=0 count=1 bytes=1 reason=no schema decoder path=elem.generalFlags
23:34:20 DEBUG              [MsgPush.UnknownElement] wire element ignored unknownTag=12 wireType=0 count=1 bytes=1 reason=no schema decoder path=elem.generalFlags
23:34:20 DEBUG              [MsgPush.UnknownElement] wire element ignored unknownTag=13 wireType=0 count=1 bytes=1 reason=no schema decoder path=elem.generalFlags
23:34:20 DEBUG              [MsgPush.UnknownElement] wire element ignored unknownTag=19 wireType=2 count=1 bytes=94 reason=no schema decoder path=elem.generalFlags
23:34:20 OK    [3868978960] [Event] [自身] 群 [NSUK模组-高级用户群(455415527)] | [机器人测试账号(3868978960)]: ID:446679474 [图片]
23:34:25 WARN  [3868978960] [Event] 群撤回 [NSUK模组-高级用户群(455415527)] | [机器人测试账号(3868978960)] 被 [我是梦蓝咯(3630797734)] 撤回
23:34:27 WARN  [3868978960] [Event] 群撤回 [NSUK模组-高级用户群(455415527)] | [我是梦蓝咯(3630797734)] 被 [我是梦蓝咯(3630797734)] 撤回
23:34:38 DEBUG              [MsgPush.UnknownElement] wire element ignored unknownTag=1 wireType=2 count=1 bytes=34 reason=no schema decoder path=body.richText
23:34:38 DEBUG              [MsgPush.UnknownElement] wire element ignored unknownTag=11 wireType=0 count=1 bytes=1 reason=no schema decoder path=text.pbReserve
23:34:38 DEBUG              [MsgPush.UnknownElement] wire element ignored unknownTag=9 wireType=2 count=1 bytes=5 reason=no schema decoder path=elem
23:34:38 DEBUG              [MsgPush.UnknownElement] wire element ignored unknownTag=10 wireType=0 count=1 bytes=1 reason=no schema decoder path=elem.generalFlags
23:34:38 DEBUG              [MsgPush.UnknownElement] wire element ignored unknownTag=12 wireType=0 count=1 bytes=1 reason=no schema decoder path=elem.generalFlags
23:34:38 DEBUG              [MsgPush.UnknownElement] wire element ignored unknownTag=13 wireType=0 count=1 bytes=1 reason=no schema decoder path=elem.generalFlags
23:34:38 DEBUG              [MsgPush.UnknownElement] wire element ignored unknownTag=19 wireType=2 count=1 bytes=99 reason=no schema decoder path=elem.generalFlags
23:34:38 OK    [3868978960] [Event] 群 [NSUK模组-高级用户群(455415527)] | [Helvetica_Volubi(1945892653)]: ID:1327180542 @3868978960 [空消息]
23:34:38 DEBUG [3868978960] [Bridge.Action] send_group_msg params=group_id=455415527 message=[len=1]
23:34:38 DEBUG [3868978960] [Highway.Image] uploading 721953 bytes md5=52c1089e... → group 455415527
23:34:39 DEBUG [3868978960] [Highway] image fast-upload hit for sub=top (server reusing cached resource)
23:34:39 DEBUG [3868978960] [Highway] image fast-upload hit (server already had bytes)
23:34:40 INFO               [OneBot] 群聊 455415527 | 发送：[图片]
23:34:40 DEBUG              [MsgPush.UnknownElement] wire element ignored unknownTag=1 wireType=2 count=1 bytes=34 reason=no schema decoder path=body.richText
23:34:40 DEBUG              [MsgPush.UnknownElement] wire element ignored unknownTag=9 wireType=2 count=1 bytes=3 reason=no schema decoder path=elem
23:34:40 DEBUG              [MsgPush.UnknownElement] wire element ignored unknownTag=10 wireType=0 count=1 bytes=1 reason=no schema decoder path=elem.generalFlags
23:34:40 DEBUG              [MsgPush.UnknownElement] wire element ignored unknownTag=12 wireType=0 count=1 bytes=1 reason=no schema decoder path=elem.generalFlags
23:34:40 DEBUG              [MsgPush.UnknownElement] wire element ignored unknownTag=13 wireType=0 count=1 bytes=1 reason=no schema decoder path=elem.generalFlags
23:34:40 DEBUG              [MsgPush.UnknownElement] wire element ignored unknownTag=19 wireType=2 count=1 bytes=94 reason=no schema decoder path=elem.generalFlags
23:34:40 OK    [3868978960] [Event] [自身] 群 [NSUK模组-高级用户群(455415527)] | [机器人测试账号(3868978960)]: ID:444700899 [图片]
23:35:05 INFO  [3868978960] [Event] 精华 [NSUK模组-高级用户群(455415527)] | +精华
23:35:08 INFO  [3868978960] [Event] 精华 [NSUK模组-高级用户群(455415527)] | +精华
23:35:36 DEBUG              [MsgPush.UnknownElement] wire element ignored unknownTag=1 wireType=2 count=1 bytes=33 reason=no schema decoder path=body.richText
23:35:36 DEBUG              [MsgPush.UnknownElement] wire element ignored unknownTag=10 wireType=0 count=1 bytes=1 reason=no schema decoder path=elem.generalFlags
23:35:36 DEBUG              [MsgPush.UnknownElement] wire element ignored unknownTag=12 wireType=0 count=1 bytes=1 reason=no schema decoder path=elem.generalFlags
23:35:36 DEBUG              [MsgPush.UnknownElement] wire element ignored unknownTag=13 wireType=0 count=1 bytes=1 reason=no schema decoder path=elem.generalFlags
23:35:36 DEBUG              [MsgPush.UnknownElement] wire element ignored unknownTag=17 wireType=0 count=1 bytes=1 reason=no schema decoder path=elem.generalFlags
23:35:36 DEBUG              [MsgPush.UnknownElement] wire element ignored unknownTag=19 wireType=2 count=1 bytes=100 reason=no schema decoder path=elem.generalFlags
23:35:36 DEBUG              [MsgPush.UnknownElement] wire element ignored unknownTag=9 wireType=2 count=1 bytes=8 reason=no schema decoder path=elem
23:35:36 OK    [3868978960] [Event] 群 [NSUK模组-高级用户群(455415527)] | [【仅受理建筑相关】-苏晴晴在此-(2639131152)]: ID:647950735 6
23:36:28 DEBUG              [MsgPush.UnknownElement] wire element ignored unknownTag=1 wireType=2 count=1 bytes=34 reason=no schema decoder path=body.richText
23:36:28 DEBUG              [MsgPush.UnknownElement] wire element ignored unknownTag=10 wireType=0 count=1 bytes=1 reason=no schema decoder path=elem.generalFlags
23:36:28 DEBUG              [MsgPush.UnknownElement] wire element ignored unknownTag=12 wireType=0 count=1 bytes=1 reason=no schema decoder path=elem.generalFlags
23:36:28 DEBUG              [MsgPush.UnknownElement] wire element ignored unknownTag=13 wireType=0 count=1 bytes=1 reason=no schema decoder path=elem.generalFlags
23:36:28 DEBUG              [MsgPush.UnknownElement] wire element ignored unknownTag=17 wireType=0 count=1 bytes=1 reason=no schema decoder path=elem.generalFlags
23:36:28 DEBUG              [MsgPush.UnknownElement] wire element ignored unknownTag=19 wireType=2 count=1 bytes=102 reason=no schema decoder path=elem.generalFlags
23:36:28 DEBUG              [MsgPush.UnknownElement] wire element ignored unknownTag=9 wireType=2 count=1 bytes=8 reason=no schema decoder path=elem
23:36:28 OK    [3868978960] [Event] 群 [NSUK模组-高级用户群(455415527)] | [【仅受理建筑相关】-苏晴晴在此-(2639131152)]: ID:727903454 /整合包
23:36:28 DEBUG [3868978960] [Bridge.Action] send_group_msg params=group_id=455415527 message=[len=3]
23:36:28 DEBUG [3868978960] [Highway.Image] uploading 112445 bytes md5=ee05a4b6... → group 455415527
23:36:28 DEBUG [3868978960] [Highway] image fast-upload hit for sub=top (server reusing cached resource)
23:36:28 DEBUG [3868978960] [Highway] image fast-upload hit (server already had bytes)
23:36:29 INFO               [OneBot] 群聊 455415527 | 发送：这里是NSUK新模拟大都市用户群,若非本mod问题请进整合包群:1055684866 入群反映,如... [图片]
23:36:29 DEBUG              [MsgPush.UnknownElement] wire element ignored unknownTag=1 wireType=2 count=1 bytes=34 reason=no schema decoder path=body.richText
23:36:29 DEBUG              [MsgPush.UnknownElement] wire element ignored unknownTag=9 wireType=2 count=1 bytes=5 reason=no schema decoder path=elem
23:36:29 DEBUG              [MsgPush.UnknownElement] wire element ignored unknownTag=10 wireType=0 count=1 bytes=1 reason=no schema decoder path=elem.generalFlags
23:36:29 DEBUG              [MsgPush.UnknownElement] wire element ignored unknownTag=12 wireType=0 count=1 bytes=1 reason=no schema decoder path=elem.generalFlags
23:36:29 DEBUG              [MsgPush.UnknownElement] wire element ignored unknownTag=13 wireType=0 count=1 bytes=1 reason=no schema decoder path=elem.generalFlags
23:36:29 DEBUG              [MsgPush.UnknownElement] wire element ignored unknownTag=19 wireType=2 count=1 bytes=91 reason=no schema decoder path=elem.generalFlags
23:36:29 OK    [3868978960] [Event] [自身] 群 [NSUK模组-高级用户群(455415527)] | [机器人测试账号(3868978960)]: ID:-1368054832 @2639131152 这里是NSUK新模拟大都市用户群,若非本mod问题请进整合包群:1055684866 入群反映,如... [图片]
23:36:30 DEBUG              [MsgPush.UnknownElement] wire element ignored unknownTag=1 wireType=2 count=1 bytes=34 reason=no schema decoder path=body.richText
23:36:30 DEBUG              [MsgPush.UnknownElement] wire element ignored unknownTag=10 wireType=0 count=1 bytes=1 reason=no schema decoder path=elem.generalFlags
23:36:30 DEBUG              [MsgPush.UnknownElement] wire element ignored unknownTag=12 wireType=0 count=1 bytes=1 reason=no schema decoder path=elem.generalFlags
23:36:30 DEBUG              [MsgPush.UnknownElement] wire element ignored unknownTag=13 wireType=0 count=1 bytes=1 reason=no schema decoder path=elem.generalFlags
23:36:30 DEBUG              [MsgPush.UnknownElement] wire element ignored unknownTag=17 wireType=0 count=1 bytes=1 reason=no schema decoder path=elem.generalFlags
23:36:30 DEBUG              [MsgPush.UnknownElement] wire element ignored unknownTag=19 wireType=2 count=1 bytes=102 reason=no schema decoder path=elem.generalFlags
23:36:30 DEBUG              [MsgPush.UnknownElement] wire element ignored unknownTag=9 wireType=2 count=1 bytes=8 reason=no schema decoder path=elem
23:36:30 OK    [3868978960] [Event] 群 [NSUK模组-高级用户群(455415527)] | [【仅受理建筑相关】-苏晴晴在此-(2639131152)]: ID:18000760 您好，本群为NSUK mod官方群，整合包问题请提交给整合包作者，由整合包作者筛选出本体问题再反馈，...
23:37:55 DEBUG              [MsgPush.UnknownElement] wire element ignored unknownTag=1 wireType=2 count=1 bytes=34 reason=no schema decoder path=body.richText
23:37:55 DEBUG              [MsgPush.UnknownElement] wire element ignored unknownTag=10 wireType=0 count=1 bytes=1 reason=no schema decoder path=elem.generalFlags
23:37:55 DEBUG              [MsgPush.UnknownElement] wire element ignored unknownTag=12 wireType=0 count=1 bytes=1 reason=no schema decoder path=elem.generalFlags
23:37:55 DEBUG              [MsgPush.UnknownElement] wire element ignored unknownTag=13 wireType=0 count=1 bytes=1 reason=no schema decoder path=elem.generalFlags
23:37:55 DEBUG              [MsgPush.UnknownElement] wire element ignored unknownTag=17 wireType=0 count=1 bytes=1 reason=no schema decoder path=elem.generalFlags
23:37:55 DEBUG              [MsgPush.UnknownElement] wire element ignored unknownTag=19 wireType=2 count=1 bytes=109 reason=no schema decoder path=elem.generalFlags
23:37:55 DEBUG              [MsgPush.UnknownElement] wire element ignored unknownTag=9 wireType=2 count=1 bytes=8 reason=no schema decoder path=elem
23:37:55 OK    [3868978960] [Event] 群 [NSUK模组-高级用户群(455415527)] | [我是梦蓝咯(3630797734)]: ID:-379997610 /整合包
23:37:55 DEBUG [3868978960] [Bridge.Action] send_group_msg params=group_id=455415527 message=[len=3]
23:37:55 DEBUG [3868978960] [Highway.Image] uploading 112445 bytes md5=ee05a4b6... → group 455415527
23:37:55 DEBUG [3868978960] [Highway] image fast-upload hit for sub=top (server reusing cached resource)
23:37:55 DEBUG [3868978960] [Highway] image fast-upload hit (server already had bytes)
23:37:56 INFO               [OneBot] 群聊 455415527 | 发送：您好，本群为NSUK mod官方群，整合包问题请提交给整合包作者，由整合包作者筛选出本体问题再反馈... [图片]
23:37:56 DEBUG              [MsgPush.UnknownElement] wire element ignored unknownTag=1 wireType=2 count=1 bytes=34 reason=no schema decoder path=body.richText
23:37:56 DEBUG              [MsgPush.UnknownElement] wire element ignored unknownTag=9 wireType=2 count=1 bytes=5 reason=no schema decoder path=elem
23:37:56 DEBUG              [MsgPush.UnknownElement] wire element ignored unknownTag=10 wireType=0 count=1 bytes=1 reason=no schema decoder path=elem.generalFlags
23:37:56 DEBUG              [MsgPush.UnknownElement] wire element ignored unknownTag=12 wireType=0 count=1 bytes=1 reason=no schema decoder path=elem.generalFlags
23:37:56 DEBUG              [MsgPush.UnknownElement] wire element ignored unknownTag=13 wireType=0 count=1 bytes=1 reason=no schema decoder path=elem.generalFlags
23:37:56 DEBUG              [MsgPush.UnknownElement] wire element ignored unknownTag=19 wireType=2 count=1 bytes=93 reason=no schema decoder path=elem.generalFlags
23:37:56 OK    [3868978960] [Event] [自身] 群 [NSUK模组-高级用户群(455415527)] | [机器人测试账号(3868978960)]: ID:-2107002300 @3630797734 您好，本群为NSUK mod官方群，整合包问题请提交给整合包作者，由整合包作者筛选出本体问题再反馈... [图片]
23:38:11 DEBUG              [MsgPush.UnknownElement] wire element ignored unknownTag=1 wireType=2 count=1 bytes=34 reason=no schema decoder path=body.richText
23:38:11 DEBUG              [MsgPush.UnknownElement] wire element ignored unknownTag=10 wireType=0 count=1 bytes=1 reason=no schema decoder path=elem.generalFlags
23:38:11 DEBUG              [MsgPush.UnknownElement] wire element ignored unknownTag=12 wireType=0 count=1 bytes=1 reason=no schema decoder path=elem.generalFlags
23:38:11 DEBUG              [MsgPush.UnknownElement] wire element ignored unknownTag=13 wireType=0 count=1 bytes=1 reason=no schema decoder path=elem.generalFlags
23:38:11 DEBUG              [MsgPush.UnknownElement] wire element ignored unknownTag=17 wireType=0 count=1 bytes=1 reason=no schema decoder path=elem.generalFlags
23:38:11 DEBUG              [MsgPush.UnknownElement] wire element ignored unknownTag=19 wireType=2 count=1 bytes=102 reason=no schema decoder path=elem.generalFlags
23:38:11 DEBUG              [MsgPush.UnknownElement] wire element ignored unknownTag=9 wireType=2 count=1 bytes=8 reason=no schema decoder path=elem
23:38:11 OK    [3868978960] [Event] 群 [NSUK模组-高级用户群(455415527)] | [【仅受理建筑相关】-苏晴晴在此-(2639131152)]: ID:-444246620 这个图没有必要
23:39:00 DEBUG              [MsgPush.UnknownElement] wire element ignored unknownTag=1 wireType=2 count=1 bytes=34 reason=no schema decoder path=body.richText
23:39:00 DEBUG              [MsgPush.UnknownElement] wire element ignored unknownTag=10 wireType=0 count=1 bytes=1 reason=no schema decoder path=elem.generalFlags
23:39:00 DEBUG              [MsgPush.UnknownElement] wire element ignored unknownTag=12 wireType=0 count=1 bytes=1 reason=no schema decoder path=elem.generalFlags
23:39:00 DEBUG              [MsgPush.UnknownElement] wire element ignored unknownTag=13 wireType=0 count=1 bytes=1 reason=no schema decoder path=elem.generalFlags
23:39:00 DEBUG              [MsgPush.UnknownElement] wire element ignored unknownTag=17 wireType=0 count=1 bytes=1 reason=no schema decoder path=elem.generalFlags
23:39:00 DEBUG              [MsgPush.UnknownElement] wire element ignored unknownTag=19 wireType=2 count=1 bytes=109 reason=no schema decoder path=elem.generalFlags
23:39:00 DEBUG              [MsgPush.UnknownElement] wire element ignored unknownTag=9 wireType=2 count=1 bytes=8 reason=no schema decoder path=elem
23:39:00 OK    [3868978960] [Event] 群 [NSUK模组-高级用户群(455415527)] | [我是梦蓝咯(3630797734)]: ID:846414169 /整合包
23:39:00 DEBUG [3868978960] [Bridge.Action] send_group_msg params=group_id=455415527 message=[len=2]
23:39:00 DEBUG              [MsgPush.UnknownElement] wire element ignored unknownTag=1 wireType=2 count=1 bytes=34 reason=no schema decoder path=body.richText
23:39:00 DEBUG              [MsgPush.UnknownElement] wire element ignored unknownTag=9 wireType=2 count=1 bytes=5 reason=no schema decoder path=elem
23:39:00 DEBUG              [MsgPush.UnknownElement] wire element ignored unknownTag=10 wireType=0 count=1 bytes=1 reason=no schema decoder path=elem.generalFlags
23:39:00 DEBUG              [MsgPush.UnknownElement] wire element ignored unknownTag=12 wireType=0 count=1 bytes=1 reason=no schema decoder path=elem.generalFlags
23:39:00 DEBUG              [MsgPush.UnknownElement] wire element ignored unknownTag=13 wireType=0 count=1 bytes=1 reason=no schema decoder path=elem.generalFlags
23:39:00 DEBUG              [MsgPush.UnknownElement] wire element ignored unknownTag=19 wireType=2 count=1 bytes=93 reason=no schema decoder path=elem.generalFlags
23:39:00 OK    [3868978960] [Event] [自身] 群 [NSUK模组-高级用户群(455415527)] | [机器人测试账号(3868978960)]: ID:-588435275 @3630797734 您好，本群为NSUK mod官方群，整合包问题请提交给整合包作者，由整合包作者筛选出本体问题再反馈...
23:39:00 INFO               [OneBot] 群聊 455415527 | 发送：您好，本群为NSUK mod官方群，整合包问题请提交给整合包作者，由整合包作者筛选出本体问题再反馈...
23:39:31 DEBUG              [MsgPush.UnknownElement] wire element ignored unknownTag=1 wireType=2 count=1 bytes=34 reason=no schema decoder path=body.richText
23:39:31 DEBUG              [MsgPush.UnknownElement] wire element ignored unknownTag=10 wireType=0 count=1 bytes=1 reason=no schema decoder path=elem.generalFlags
23:39:31 DEBUG              [MsgPush.UnknownElement] wire element ignored unknownTag=12 wireType=0 count=1 bytes=1 reason=no schema decoder path=elem.generalFlags
23:39:31 DEBUG              [MsgPush.UnknownElement] wire element ignored unknownTag=13 wireType=0 count=1 bytes=1 reason=no schema decoder path=elem.generalFlags
23:39:31 DEBUG              [MsgPush.UnknownElement] wire element ignored unknownTag=17 wireType=0 count=1 bytes=1 reason=no schema decoder path=elem.generalFlags
23:39:31 DEBUG              [MsgPush.UnknownElement] wire element ignored unknownTag=19 wireType=2 count=1 bytes=106 reason=no schema decoder path=elem.generalFlags
23:39:31 DEBUG              [MsgPush.UnknownElement] wire element ignored unknownTag=9 wireType=2 count=1 bytes=6 reason=no schema decoder path=elem
23:39:31 DEBUG              [MsgPush.UnknownElement] wire element ignored unknownTag=2 wireType=2 count=1 bytes=21 reason=no schema decoder path=commonElem.msgInfo.msgInfoBody[0].hashSum
23:39:31 DEBUG              [MsgPush.UnknownElement] wire element ignored unknownTag=4 wireType=2 count=1 bytes=3 reason=no schema decoder path=commonElem.msgInfo.extBizInfo
23:39:31 OK    [3868978960] [Event] 群 [NSUK模组-高级用户群(455415527)] | [我是梦蓝咯(3630797734)]: ID:-898468384 [图片]
23:39:36 DEBUG              [MsgPush.UnknownElement] wire element ignored unknownTag=1 wireType=2 count=1 bytes=34 reason=no schema decoder path=body.richText
23:39:36 DEBUG              [MsgPush.UnknownElement] wire element ignored unknownTag=10 wireType=0 count=1 bytes=1 reason=no schema decoder path=elem.generalFlags
23:39:36 DEBUG              [MsgPush.UnknownElement] wire element ignored unknownTag=12 wireType=0 count=1 bytes=1 reason=no schema decoder path=elem.generalFlags
23:39:36 DEBUG              [MsgPush.UnknownElement] wire element ignored unknownTag=13 wireType=0 count=1 bytes=1 reason=no schema decoder path=elem.generalFlags
23:39:36 DEBUG              [MsgPush.UnknownElement] wire element ignored unknownTag=17 wireType=0 count=1 bytes=1 reason=no schema decoder path=elem.generalFlags
23:39:36 DEBUG              [MsgPush.UnknownElement] wire element ignored unknownTag=19 wireType=2 count=1 bytes=109 reason=no schema decoder path=elem.generalFlags
23:39:36 DEBUG              [MsgPush.UnknownElement] wire element ignored unknownTag=9 wireType=2 count=1 bytes=8 reason=no schema decoder path=elem
23:39:36 OK    [3868978960] [Event] 群 [NSUK模组-高级用户群(455415527)] | [我是梦蓝咯(3630797734)]: ID:1385948214 这些关键词都行
23:39:43 DEBUG              [MsgPush.UnknownElement] wire element ignored unknownTag=1 wireType=2 count=1 bytes=34 reason=no schema decoder path=body.richText
23:39:43 DEBUG              [MsgPush.UnknownElement] wire element ignored unknownTag=10 wireType=0 count=1 bytes=1 reason=no schema decoder path=elem.generalFlags
23:39:43 DEBUG              [MsgPush.UnknownElement] wire element ignored unknownTag=12 wireType=0 count=1 bytes=1 reason=no schema decoder path=elem.generalFlags
23:39:43 DEBUG              [MsgPush.UnknownElement] wire element ignored unknownTag=13 wireType=0 count=1 bytes=1 reason=no schema decoder path=elem.generalFlags
23:39:43 DEBUG              [MsgPush.UnknownElement] wire element ignored unknownTag=17 wireType=0 count=1 bytes=1 reason=no schema decoder path=elem.generalFlags
23:39:43 DEBUG              [MsgPush.UnknownElement] wire element ignored unknownTag=19 wireType=2 count=1 bytes=106 reason=no schema decoder path=elem.generalFlags
23:39:43 DEBUG              [MsgPush.UnknownElement] wire element ignored unknownTag=9 wireType=2 count=1 bytes=8 reason=no schema decoder path=elem
23:39:43 OK    [3868978960] [Event] 群 [NSUK模组-高级用户群(455415527)] | [我是梦蓝咯(3630797734)]: ID:2056654931 /梨小达整合包
23:39:43 DEBUG [3868978960] [Bridge.Action] send_group_msg params=group_id=455415527 message=[len=2]
23:39:43 INFO               [OneBot] 群聊 455415527 | 发送：您好，本群为NSUK mod官方群，整合包问题请提交给整合包作者，由整合包作者筛选出本体问题再反馈...
23:39:43 DEBUG              [MsgPush.UnknownElement] wire element ignored unknownTag=1 wireType=2 count=1 bytes=34 reason=no schema decoder path=body.richText
23:39:43 DEBUG              [MsgPush.UnknownElement] wire element ignored unknownTag=9 wireType=2 count=1 bytes=5 reason=no schema decoder path=elem
23:39:43 DEBUG              [MsgPush.UnknownElement] wire element ignored unknownTag=10 wireType=0 count=1 bytes=1 reason=no schema decoder path=elem.generalFlags
23:39:43 DEBUG              [MsgPush.UnknownElement] wire element ignored unknownTag=12 wireType=0 count=1 bytes=1 reason=no schema decoder path=elem.generalFlags
23:39:43 DEBUG              [MsgPush.UnknownElement] wire element ignored unknownTag=13 wireType=0 count=1 bytes=1 reason=no schema decoder path=elem.generalFlags
23:39:43 DEBUG              [MsgPush.UnknownElement] wire element ignored unknownTag=19 wireType=2 count=1 bytes=94 reason=no schema decoder path=elem.generalFlags
23:39:43 OK    [3868978960] [Event] [自身] 群 [NSUK模组-高级用户群(455415527)] | [机器人测试账号(3868978960)]: ID:1188072201 @3630797734 您好，本群为NSUK mod官方群，整合包问题请提交给整合包作者，由整合包作者筛选出本体问题再反馈...
23:40:37 DEBUG              [MsgPush.UnknownElement] wire element ignored unknownTag=1 wireType=2 count=1 bytes=34 reason=no schema decoder path=body.richText
23:40:37 DEBUG              [MsgPush.UnknownElement] wire element ignored unknownTag=10 wireType=0 count=1 bytes=1 reason=no schema decoder path=elem.generalFlags
23:40:37 DEBUG              [MsgPush.UnknownElement] wire element ignored unknownTag=12 wireType=0 count=1 bytes=1 reason=no schema decoder path=elem.generalFlags
23:40:37 DEBUG              [MsgPush.UnknownElement] wire element ignored unknownTag=13 wireType=0 count=1 bytes=1 reason=no schema decoder path=elem.generalFlags
23:40:37 DEBUG              [MsgPush.UnknownElement] wire element ignored unknownTag=17 wireType=0 count=1 bytes=1 reason=no schema decoder path=elem.generalFlags
23:40:37 DEBUG              [MsgPush.UnknownElement] wire element ignored unknownTag=19 wireType=2 count=1 bytes=103 reason=no schema decoder path=elem.generalFlags
23:40:37 DEBUG              [MsgPush.UnknownElement] wire element ignored unknownTag=9 wireType=2 count=1 bytes=8 reason=no schema decoder path=elem
23:40:37 DEBUG              [MsgPush.UnknownElement] wire element ignored unknownTag=2 wireType=2 count=1 bytes=21 reason=no schema decoder path=commonElem.msgInfo.msgInfoBody[0].hashSum
23:40:37 DEBUG              [MsgPush.UnknownElement] wire element ignored unknownTag=3 wireType=0 count=1 bytes=1 reason=no schema decoder path=commonElem.msgInfo.extBizInfo.pic.extData
23:40:37 DEBUG              [MsgPush.UnknownElement] wire element ignored unknownTag=4 wireType=0 count=1 bytes=1 reason=no schema decoder path=commonElem.msgInfo.extBizInfo.pic.extData
23:40:37 DEBUG              [MsgPush.UnknownElement] wire element ignored unknownTag=10 wireType=0 count=1 bytes=1 reason=no schema decoder path=commonElem.msgInfo.extBizInfo.pic.extData
23:40:37 DEBUG              [MsgPush.UnknownElement] wire element ignored unknownTag=12 wireType=2 count=1 bytes=1 reason=no schema decoder path=commonElem.msgInfo.extBizInfo.pic.extData
23:40:37 DEBUG              [MsgPush.UnknownElement] wire element ignored unknownTag=18 wireType=2 count=1 bytes=1 reason=no schema decoder path=commonElem.msgInfo.extBizInfo.pic.extData
23:40:37 DEBUG              [MsgPush.UnknownElement] wire element ignored unknownTag=19 wireType=2 count=1 bytes=1 reason=no schema decoder path=commonElem.msgInfo.extBizInfo.pic.extData
23:40:37 DEBUG              [MsgPush.UnknownElement] wire element ignored unknownTag=21 wireType=2 count=1 bytes=13 reason=no schema decoder path=commonElem.msgInfo.extBizInfo.pic.extData
23:40:37 DEBUG              [MsgPush.UnknownElement] wire element ignored unknownTag=30 wireType=2 count=1 bytes=98 reason=no schema decoder path=commonElem.msgInfo.extBizInfo.pic.extData
23:40:37 DEBUG              [MsgPush.UnknownElement] wire element ignored unknownTag=31 wireType=2 count=1 bytes=1 reason=no schema decoder path=commonElem.msgInfo.extBizInfo.pic.extData
23:40:37 OK    [3868978960] [Event] 群 [NSUK模组-高级用户群(455415527)] | [【仅受理建筑相关】-苏晴晴在此-(2639131152)]: ID:-852677535 /城市核心
本mod需要放置城市核心后才能创建城市，合成表如下图 [图片] 右键它弹出起名框，为城市取名后会来第一个NPC市民。创建城市后如果住宅（用建筑盒由市民建设出来的建筑...
23:42:13 INFO  [3868978960] [Event] 群戳 [NSUK模组-高级用户群(455415527)] | [我是梦蓝咯(3630797734)] -> [【仅受理建筑相关】-苏晴晴在此-(2639131152)]
23:44:07 DEBUG              [MsgPush.UnknownElement] wire element ignored unknownTag=1 wireType=2 count=1 bytes=34 reason=no schema decoder path=body.richText
23:44:07 DEBUG              [MsgPush.UnknownElement] wire element ignored unknownTag=10 wireType=0 count=1 bytes=1 reason=no schema decoder path=elem.generalFlags
23:44:07 DEBUG              [MsgPush.UnknownElement] wire element ignored unknownTag=12 wireType=0 count=1 bytes=1 reason=no schema decoder path=elem.generalFlags
23:44:07 DEBUG              [MsgPush.UnknownElement] wire element ignored unknownTag=13 wireType=0 count=1 bytes=1 reason=no schema decoder path=elem.generalFlags
23:44:07 DEBUG              [MsgPush.UnknownElement] wire element ignored unknownTag=17 wireType=0 count=1 bytes=1 reason=no schema decoder path=elem.generalFlags
23:44:07 DEBUG              [MsgPush.UnknownElement] wire element ignored unknownTag=19 wireType=2 count=1 bytes=100 reason=no schema decoder path=elem.generalFlags
23:44:07 DEBUG              [MsgPush.UnknownElement] wire element ignored unknownTag=9 wireType=2 count=1 bytes=6 reason=no schema decoder path=elem
23:44:07 OK    [3868978960] [Event] 群 [NSUK模组-高级用户群(455415527)] | [【仅受理建筑相关】-苏晴晴在此-(2639131152)]: ID:12523661 /住宅
本模组住宅建筑使用【红色的床】来判定可以居住的市民数量，必须是红色的床！！
住宅的单位是户，...
23:45:05 DEBUG              [MsgPush.UnknownElement] wire element ignored unknownTag=1 wireType=2 count=1 bytes=34 reason=no schema decoder path=body.richText
23:45:05 DEBUG              [MsgPush.UnknownElement] wire element ignored unknownTag=10 wireType=0 count=1 bytes=1 reason=no schema decoder path=elem.generalFlags
23:45:05 DEBUG              [MsgPush.UnknownElement] wire element ignored unknownTag=12 wireType=0 count=1 bytes=1 reason=no schema decoder path=elem.generalFlags
23:45:05 DEBUG              [MsgPush.UnknownElement] wire element ignored unknownTag=13 wireType=0 count=1 bytes=1 reason=no schema decoder path=elem.generalFlags
23:45:05 DEBUG              [MsgPush.UnknownElement] wire element ignored unknownTag=17 wireType=0 count=1 bytes=1 reason=no schema decoder path=elem.generalFlags
23:45:05 DEBUG              [MsgPush.UnknownElement] wire element ignored unknownTag=19 wireType=2 count=1 bytes=110 reason=no schema decoder path=elem.generalFlags
23:45:05 DEBUG              [MsgPush.UnknownElement] wire element ignored unknownTag=9 wireType=2 count=1 bytes=8 reason=no schema decoder path=elem
23:45:05 OK    [3868978960] [Event] 群 [NSUK模组-高级用户群(455415527)] | [我是梦蓝咯(3630797734)]: ID:1629319672 /城市核心
23:45:05 DEBUG [3868978960] [Bridge.Action] send_group_msg params=group_id=455415527 message=[len=4]
23:45:05 WARN  [3868978960] [Bridge.Action] send_group_msg failed: ENOENT: no such file or directory, stat 'C:\Users\小亮傻逼\Desktop\qq-bridge-main\img\ctiy.png.png'
Error: ENOENT: no such file or directory, stat 'C:\Users\小亮傻逼\Desktop\qq-bridge-main\img\ctiy.png.png'
    at Object.statSync (node:fs:1740:25)
    at loadBinarySource (file:///C:/Users/%E5%B0%8F%E4%BA%AE%E5%82%BB%E9%80%BC/Desktop/SnowLuma-v1.14.19-win-x64/utils-tSVKpzEf.js:227:18)
    at loadImageFromSource (file:///C:/Users/%E5%B0%8F%E4%BA%AE%E5%82%BB%E9%80%BC/Desktop/SnowLuma-v1.14.19-win-x64/index.mjs:71083:23)
    at loadImage (file:///C:/Users/%E5%B0%8F%E4%BA%AE%E5%82%BB%E9%80%BC/Desktop/SnowLuma-v1.14.19-win-x64/index.mjs:71080:9)
    at uploadImageMsgInfo (file:///C:/Users/%E5%B0%8F%E4%BA%AE%E5%82%BB%E9%80%BC/Desktop/SnowLuma-v1.14.19-win-x64/index.mjs:71117:22)
    at makeImageElem (file:///C:/Users/%E5%B0%8F%E4%BA%AE%E5%82%BB%E9%80%BC/Desktop/SnowLuma-v1.14.19-win-x64/index.mjs:74943:24)
    at buildSendElems (file:///C:/Users/%E5%B0%8F%E4%BA%AE%E5%82%BB%E9%80%BC/Desktop/SnowLuma-v1.14.19-win-x64/index.mjs:75072:25)
    at MessageApi.sendGroup (file:///C:/Users/%E5%B0%8F%E4%BA%AE%E5%82%BB%E9%80%BC/Desktop/SnowLuma-v1.14.19-win-x64/index.mjs:203583:28)
    at sendGroupMessage (file:///C:/Users/%E5%B0%8F%E4%BA%AE%E5%82%BB%E9%80%BC/Desktop/SnowLuma-v1.14.19-win-x64/index.mjs:17280:47)
    at process.processTicksAndRejections (node:internal/process/task_queues:105:5)
23:45:11 DEBUG              [MsgPush.UnknownElement] wire element ignored unknownTag=1 wireType=2 count=1 bytes=33 reason=no schema decoder path=body.richText
23:45:11 DEBUG              [MsgPush.UnknownElement] wire element ignored unknownTag=10 wireType=0 count=1 bytes=1 reason=no schema decoder path=elem.generalFlags
23:45:11 DEBUG              [MsgPush.UnknownElement] wire element ignored unknownTag=12 wireType=0 count=1 bytes=1 reason=no schema decoder path=elem.generalFlags
23:45:11 DEBUG              [MsgPush.UnknownElement] wire element ignored unknownTag=13 wireType=0 count=1 bytes=1 reason=no schema decoder path=elem.generalFlags
23:45:11 DEBUG              [MsgPush.UnknownElement] wire element ignored unknownTag=17 wireType=0 count=1 bytes=1 reason=no schema decoder path=elem.generalFlags
23:45:11 DEBUG              [MsgPush.UnknownElement] wire element ignored unknownTag=19 wireType=2 count=1 bytes=109 reason=no schema decoder path=elem.generalFlags
23:45:11 DEBUG              [MsgPush.UnknownElement] wire element ignored unknownTag=9 wireType=2 count=1 bytes=8 reason=no schema decoder path=elem
23:45:11 OK    [3868978960] [Event] 群 [NSUK模组-高级用户群(455415527)] | [我是梦蓝咯(3630797734)]: ID:-593480458 /城市核心
23:45:11 DEBUG [3868978960] [Bridge.Action] send_group_msg params=group_id=455415527 message=[len=4]
23:45:11 WARN  [3868978960] [Bridge.Action] send_group_msg failed: ENOENT: no such file or directory, stat 'C:\Users\小亮傻逼\Desktop\qq-bridge-main\img\ctiy.png.png'
Error: ENOENT: no such file or directory, stat 'C:\Users\小亮傻逼\Desktop\qq-bridge-main\img\ctiy.png.png'
    at Object.statSync (node:fs:1740:25)
    at loadBinarySource (file:///C:/Users/%E5%B0%8F%E4%BA%AE%E5%82%BB%E9%80%BC/Desktop/SnowLuma-v1.14.19-win-x64/utils-tSVKpzEf.js:227:18)
    at loadImageFromSource (file:///C:/Users/%E5%B0%8F%E4%BA%AE%E5%82%BB%E9%80%BC/Desktop/SnowLuma-v1.14.19-win-x64/index.mjs:71083:23)
    at loadImage (file:///C:/Users/%E5%B0%8F%E4%BA%AE%E5%82%BB%E9%80%BC/Desktop/SnowLuma-v1.14.19-win-x64/index.mjs:71080:9)
    at uploadImageMsgInfo (file:///C:/Users/%E5%B0%8F%E4%BA%AE%E5%82%BB%E9%80%BC/Desktop/SnowLuma-v1.14.19-win-x64/index.mjs:71117:22)
    at makeImageElem (file:///C:/Users/%E5%B0%8F%E4%BA%AE%E5%82%BB%E9%80%BC/Desktop/SnowLuma-v1.14.19-win-x64/index.mjs:74943:24)
    at buildSendElems (file:///C:/Users/%E5%B0%8F%E4%BA%AE%E5%82%BB%E9%80%BC/Desktop/SnowLuma-v1.14.19-win-x64/index.mjs:75072:25)
    at MessageApi.sendGroup (file:///C:/Users/%E5%B0%8F%E4%BA%AE%E5%82%BB%E9%80%BC/Desktop/SnowLuma-v1.14.19-win-x64/index.mjs:203583:28)
    at sendGroupMessage (file:///C:/Users/%E5%B0%8F%E4%BA%AE%E5%82%BB%E9%80%BC/Desktop/SnowLuma-v1.14.19-win-x64/index.mjs:17280:47)
    at process.processTicksAndRejections (node:internal/process/task_queues:105:5)
23:45:57 DEBUG              [MsgPush.UnknownElement] wire element ignored unknownTag=1 wireType=2 count=1 bytes=34 reason=no schema decoder path=body.richText
23:45:57 DEBUG              [MsgPush.UnknownElement] wire element ignored unknownTag=10 wireType=0 count=1 bytes=1 reason=no schema decoder path=elem.generalFlags
23:45:57 DEBUG              [MsgPush.UnknownElement] wire element ignored unknownTag=12 wireType=0 count=1 bytes=1 reason=no schema decoder path=elem.generalFlags
23:45:57 DEBUG              [MsgPush.UnknownElement] wire element ignored unknownTag=13 wireType=0 count=1 bytes=1 reason=no schema decoder path=elem.generalFlags
23:45:57 DEBUG              [MsgPush.UnknownElement] wire element ignored unknownTag=16 wireType=0 count=1 bytes=1 reason=no schema decoder path=elem.generalFlags
23:45:57 DEBUG              [MsgPush.UnknownElement] wire element ignored unknownTag=17 wireType=0 count=1 bytes=2 reason=no schema decoder path=elem.generalFlags
23:45:57 DEBUG              [MsgPush.UnknownElement] wire element ignored unknownTag=19 wireType=2 count=1 bytes=111 reason=no schema decoder path=elem.generalFlags
23:45:57 DEBUG              [MsgPush.UnknownElement] wire element ignored unknownTag=9 wireType=2 count=1 bytes=6 reason=no schema decoder path=elem
23:45:57 DEBUG              [MsgPush.UnknownElement] wire element ignored unknownTag=2 wireType=2 count=1 bytes=21 reason=no schema decoder path=commonElem.msgInfo.msgInfoBody[0].hashSum
23:45:57 DEBUG              [MsgPush.UnknownElement] wire element ignored unknownTag=4 wireType=2 count=1 bytes=3 reason=no schema decoder path=commonElem.msgInfo.extBizInfo
23:45:57 DEBUG              [MsgPush.UnknownElement] wire element ignored unknownTag=3 wireType=0 count=1 bytes=1 reason=no schema decoder path=commonElem.msgInfo.extBizInfo.pic.extData
23:45:57 DEBUG              [MsgPush.UnknownElement] wire element ignored unknownTag=4 wireType=0 count=1 bytes=1 reason=no schema decoder path=commonElem.msgInfo.extBizInfo.pic.extData
23:45:57 DEBUG              [MsgPush.UnknownElement] wire element ignored unknownTag=10 wireType=0 count=1 bytes=1 reason=no schema decoder path=commonElem.msgInfo.extBizInfo.pic.extData
23:45:57 DEBUG              [MsgPush.UnknownElement] wire element ignored unknownTag=12 wireType=2 count=1 bytes=1 reason=no schema decoder path=commonElem.msgInfo.extBizInfo.pic.extData
23:45:57 DEBUG              [MsgPush.UnknownElement] wire element ignored unknownTag=18 wireType=2 count=1 bytes=1 reason=no schema decoder path=commonElem.msgInfo.extBizInfo.pic.extData
23:45:57 DEBUG              [MsgPush.UnknownElement] wire element ignored unknownTag=19 wireType=2 count=1 bytes=1 reason=no schema decoder path=commonElem.msgInfo.extBizInfo.pic.extData
23:45:57 DEBUG              [MsgPush.UnknownElement] wire element ignored unknownTag=21 wireType=2 count=1 bytes=13 reason=no schema decoder path=commonElem.msgInfo.extBizInfo.pic.extData
23:45:57 DEBUG              [MsgPush.UnknownElement] wire element ignored unknownTag=30 wireType=2 count=1 bytes=87 reason=no schema decoder path=commonElem.msgInfo.extBizInfo.pic.extData
23:45:57 DEBUG              [MsgPush.UnknownElement] wire element ignored unknownTag=31 wireType=2 count=1 bytes=33 reason=no schema decoder path=commonElem.msgInfo.extBizInfo.pic.extData
23:45:57 DEBUG              [MsgPush.UnknownElement] wire element ignored unknownTag=34 wireType=0 count=1 bytes=1 reason=no schema decoder path=commonElem.msgInfo.extBizInfo.pic.extData
23:45:57 OK    [3868978960] [Event] 群 [梦蓝的被窝(1012992000)] | [ApxeelX(2766951276)]: ID:1566874809 [图片]
23:46:18 WARN  [3868978960] [Event] 群撤回 [NSUK模组-高级用户群(455415527)] | [【仅受理建筑相关】-苏晴晴在此-(2639131152)] 被 [【仅受理建筑相关】-苏晴晴在此-(2639131152)] 撤回
23:46:24 DEBUG              [MsgPush.UnknownElement] wire element ignored unknownTag=1 wireType=2 count=1 bytes=34 reason=no schema decoder path=body.richText
23:46:24 DEBUG              [MsgPush.UnknownElement] wire element ignored unknownTag=10 wireType=0 count=1 bytes=1 reason=no schema decoder path=elem.generalFlags
23:46:24 DEBUG              [MsgPush.UnknownElement] wire element ignored unknownTag=12 wireType=0 count=1 bytes=1 reason=no schema decoder path=elem.generalFlags
23:46:24 DEBUG              [MsgPush.UnknownElement] wire element ignored unknownTag=13 wireType=0 count=1 bytes=1 reason=no schema decoder path=elem.generalFlags
23:46:24 DEBUG              [MsgPush.UnknownElement] wire element ignored unknownTag=17 wireType=0 count=1 bytes=1 reason=no schema decoder path=elem.generalFlags
23:46:24 DEBUG              [MsgPush.UnknownElement] wire element ignored unknownTag=19 wireType=2 count=1 bytes=109 reason=no schema decoder path=elem.generalFlags
23:46:24 DEBUG              [MsgPush.UnknownElement] wire element ignored unknownTag=9 wireType=2 count=1 bytes=8 reason=no schema decoder path=elem
23:46:24 OK    [3868978960] [Event] 群 [NSUK模组-高级用户群(455415527)] | [我是梦蓝咯(3630797734)]: ID:1088302217 /城市核心
23:46:24 DEBUG [3868978960] [Bridge.Action] send_group_msg params=group_id=455415527 message=[len=4]
23:46:24 WARN  [3868978960] [Bridge.Action] send_group_msg failed: ENOENT: no such file or directory, stat 'C:\Users\小亮傻逼\Desktop\qq-bridge-main\img\ctiy.png.png'
Error: ENOENT: no such file or directory, stat 'C:\Users\小亮傻逼\Desktop\qq-bridge-main\img\ctiy.png.png'
    at Object.statSync (node:fs:1740:25)
    at loadBinarySource (file:///C:/Users/%E5%B0%8F%E4%BA%AE%E5%82%BB%E9%80%BC/Desktop/SnowLuma-v1.14.19-win-x64/utils-tSVKpzEf.js:227:18)
    at loadImageFromSource (file:///C:/Users/%E5%B0%8F%E4%BA%AE%E5%82%BB%E9%80%BC/Desktop/SnowLuma-v1.14.19-win-x64/index.mjs:71083:23)
    at loadImage (file:///C:/Users/%E5%B0%8F%E4%BA%AE%E5%82%BB%E9%80%BC/Desktop/SnowLuma-v1.14.19-win-x64/index.mjs:71080:9)
    at uploadImageMsgInfo (file:///C:/Users/%E5%B0%8F%E4%BA%AE%E5%82%BB%E9%80%BC/Desktop/SnowLuma-v1.14.19-win-x64/index.mjs:71117:22)
    at makeImageElem (file:///C:/Users/%E5%B0%8F%E4%BA%AE%E5%82%BB%E9%80%BC/Desktop/SnowLuma-v1.14.19-win-x64/index.mjs:74943:24)
    at buildSendElems (file:///C:/Users/%E5%B0%8F%E4%BA%AE%E5%82%BB%E9%80%BC/Desktop/SnowLuma-v1.14.19-win-x64/index.mjs:75072:25)
    at MessageApi.sendGroup (file:///C:/Users/%E5%B0%8F%E4%BA%AE%E5%82%BB%E9%80%BC/Desktop/SnowLuma-v1.14.19-win-x64/index.mjs:203583:28)
    at sendGroupMessage (file:///C:/Users/%E5%B0%8F%E4%BA%AE%E5%82%BB%E9%80%BC/Desktop/SnowLuma-v1.14.19-win-x64/index.mjs:17280:47)
    at process.processTicksAndRejections (node:internal/process/task_queues:105:5)
23:46:29 DEBUG              [MsgPush.UnknownElement] wire element ignored unknownTag=1 wireType=2 count=1 bytes=34 reason=no schema decoder path=body.richText
23:46:29 DEBUG              [MsgPush.UnknownElement] wire element ignored unknownTag=10 wireType=0 count=1 bytes=1 reason=no schema decoder path=elem.generalFlags
23:46:29 DEBUG              [MsgPush.UnknownElement] wire element ignored unknownTag=12 wireType=0 count=1 bytes=1 reason=no schema decoder path=elem.generalFlags
23:46:29 DEBUG              [MsgPush.UnknownElement] wire element ignored unknownTag=13 wireType=0 count=1 bytes=1 reason=no schema decoder path=elem.generalFlags
23:46:29 DEBUG              [MsgPush.UnknownElement] wire element ignored unknownTag=17 wireType=0 count=1 bytes=1 reason=no schema decoder path=elem.generalFlags
23:46:29 DEBUG              [MsgPush.UnknownElement] wire element ignored unknownTag=19 wireType=2 count=1 bytes=103 reason=no schema decoder path=elem.generalFlags
23:46:29 DEBUG              [MsgPush.UnknownElement] wire element ignored unknownTag=9 wireType=2 count=1 bytes=6 reason=no schema decoder path=elem
23:46:29 OK    [3868978960] [Event] 群 [NSUK模组-高级用户群(455415527)] | [【仅受理建筑相关】-苏晴晴在此-(2639131152)]: ID:68206868 /住宅
本模组住宅建筑使用【红色的床】来判定可以居住的市民数量，必须是红色的床！！
住宅的基本单位是...
23:46:42 DEBUG              [MsgPush.UnknownElement] wire element ignored unknownTag=1 wireType=2 count=1 bytes=34 reason=no schema decoder path=body.richText
23:46:42 DEBUG              [MsgPush.UnknownElement] wire element ignored unknownTag=10 wireType=0 count=1 bytes=1 reason=no schema decoder path=elem.generalFlags
23:46:42 DEBUG              [MsgPush.UnknownElement] wire element ignored unknownTag=12 wireType=0 count=1 bytes=1 reason=no schema decoder path=elem.generalFlags
23:46:42 DEBUG              [MsgPush.UnknownElement] wire element ignored unknownTag=13 wireType=0 count=1 bytes=1 reason=no schema decoder path=elem.generalFlags
23:46:42 DEBUG              [MsgPush.UnknownElement] wire element ignored unknownTag=17 wireType=0 count=1 bytes=1 reason=no schema decoder path=elem.generalFlags
23:46:42 DEBUG              [MsgPush.UnknownElement] wire element ignored unknownTag=19 wireType=2 count=1 bytes=101 reason=no schema decoder path=elem.generalFlags
23:46:42 DEBUG              [MsgPush.UnknownElement] wire element ignored unknownTag=9 wireType=2 count=1 bytes=8 reason=no schema decoder path=elem
23:46:42 DEBUG              [MsgPush.UnknownElement] wire element ignored unknownTag=11 wireType=0 count=1 bytes=1 reason=no schema decoder path=text.pbReserve
23:46:42 OK    [3868978960] [Event] 群 [NSUK模组-高级用户群(455415527)] | [【仅受理建筑相关】-苏晴晴在此-(2639131152)]: ID:298160556 [回复 [我是梦蓝咯(3630797734)]: /城市核心] /城市核心
23:46:42 DEBUG [3868978960] [Bridge.Action] get_msg params=message_id=-593480458
23:46:48 DEBUG              [MsgPush.UnknownElement] wire element ignored unknownTag=1 wireType=2 count=1 bytes=34 reason=no schema decoder path=body.richText
23:46:48 DEBUG              [MsgPush.UnknownElement] wire element ignored unknownTag=10 wireType=0 count=1 bytes=1 reason=no schema decoder path=elem.generalFlags
23:46:48 DEBUG              [MsgPush.UnknownElement] wire element ignored unknownTag=12 wireType=0 count=1 bytes=1 reason=no schema decoder path=elem.generalFlags
23:46:48 DEBUG              [MsgPush.UnknownElement] wire element ignored unknownTag=13 wireType=0 count=1 bytes=1 reason=no schema decoder path=elem.generalFlags
23:46:48 DEBUG              [MsgPush.UnknownElement] wire element ignored unknownTag=17 wireType=0 count=1 bytes=1 reason=no schema decoder path=elem.generalFlags
23:46:48 DEBUG              [MsgPush.UnknownElement] wire element ignored unknownTag=19 wireType=2 count=1 bytes=107 reason=no schema decoder path=elem.generalFlags
23:46:48 DEBUG              [MsgPush.UnknownElement] wire element ignored unknownTag=9 wireType=2 count=1 bytes=8 reason=no schema decoder path=elem
23:46:48 OK    [3868978960] [Event] 群 [NSUK模组-高级用户群(455415527)] | [安沐尘(3384089540)]: ID:41510561 /城市核心
23:47:17 DEBUG              [MsgPush.UnknownElement] wire element ignored unknownTag=1 wireType=2 count=1 bytes=34 reason=no schema decoder path=body.richText
23:47:17 DEBUG              [MsgPush.UnknownElement] wire element ignored unknownTag=10 wireType=0 count=1 bytes=1 reason=no schema decoder path=elem.generalFlags
23:47:17 DEBUG              [MsgPush.UnknownElement] wire element ignored unknownTag=12 wireType=0 count=1 bytes=1 reason=no schema decoder path=elem.generalFlags
23:47:17 DEBUG              [MsgPush.UnknownElement] wire element ignored unknownTag=13 wireType=0 count=1 bytes=1 reason=no schema decoder path=elem.generalFlags
23:47:17 DEBUG              [MsgPush.UnknownElement] wire element ignored unknownTag=17 wireType=0 count=1 bytes=1 reason=no schema decoder path=elem.generalFlags
23:47:17 DEBUG              [MsgPush.UnknownElement] wire element ignored unknownTag=19 wireType=2 count=1 bytes=106 reason=no schema decoder path=elem.generalFlags
23:47:17 DEBUG              [MsgPush.UnknownElement] wire element ignored unknownTag=9 wireType=2 count=1 bytes=8 reason=no schema decoder path=elem
23:47:17 OK    [3868978960] [Event] 群 [NSUK模组-高级用户群(455415527)] | [我是梦蓝咯(3630797734)]: ID:1707573101 /城市核心
23:47:23 DEBUG              [MsgPush.UnknownElement] wire element ignored unknownTag=1 wireType=2 count=1 bytes=34 reason=no schema decoder path=body.richText
23:47:23 DEBUG              [MsgPush.UnknownElement] wire element ignored unknownTag=10 wireType=0 count=1 bytes=1 reason=no schema decoder path=elem.generalFlags
23:47:23 DEBUG              [MsgPush.UnknownElement] wire element ignored unknownTag=12 wireType=0 count=1 bytes=1 reason=no schema decoder path=elem.generalFlags
23:47:23 DEBUG              [MsgPush.UnknownElement] wire element ignored unknownTag=13 wireType=0 count=1 bytes=1 reason=no schema decoder path=elem.generalFlags
23:47:23 DEBUG              [MsgPush.UnknownElement] wire element ignored unknownTag=17 wireType=0 count=1 bytes=1 reason=no schema decoder path=elem.generalFlags
23:47:23 DEBUG              [MsgPush.UnknownElement] wire element ignored unknownTag=19 wireType=2 count=1 bytes=107 reason=no schema decoder path=elem.generalFlags
23:47:23 DEBUG              [MsgPush.UnknownElement] wire element ignored unknownTag=9 wireType=2 count=1 bytes=6 reason=no schema decoder path=elem
23:47:23 DEBUG              [MsgPush.UnknownElement] wire element ignored unknownTag=2 wireType=2 count=1 bytes=21 reason=no schema decoder path=commonElem.msgInfo.msgInfoBody[0].hashSum
23:47:23 DEBUG              [MsgPush.UnknownElement] wire element ignored unknownTag=4 wireType=2 count=1 bytes=3 reason=no schema decoder path=commonElem.msgInfo.extBizInfo
23:47:23 OK    [3868978960] [Event] 群 [NSUK模组-高级用户群(455415527)] | [安沐尘(3384089540)]: ID:464398973 [图片]
23:47:25 DEBUG [3868978960] [Bridge.Action] send_group_msg params=group_id=455415527 message=[len=4]
23:47:25 DEBUG [3868978960] [Highway.Image] uploading 57497 bytes md5=be7f2dee... → group 455415527
23:47:25 DEBUG [3868978960] [Highway] image fast-upload hit for sub=top (server reusing cached resource)
23:47:25 DEBUG [3868978960] [Highway] image fast-upload hit (server already had bytes)
23:47:26 INFO               [OneBot] 群聊 455415527 | 发送：本mod需要放置城市核心后才能创建城市，合成表如下图
 [图片] 
右键它弹出起名框，为城市取名后会来第一个NPC市民。
创建城市后如果住宅（用建筑盒由市民建设出来的...
23:47:26 DEBUG [3868978960] [Bridge.Action] send_group_msg params=group_id=455415527 message=[len=4]
23:47:26 DEBUG [3868978960] [Highway.Image] uploading 57497 bytes md5=be7f2dee... → group 455415527
23:47:26 DEBUG              [MsgPush.UnknownElement] wire element ignored unknownTag=1 wireType=2 count=1 bytes=34 reason=no schema decoder path=body.richText
23:47:26 DEBUG              [MsgPush.UnknownElement] wire element ignored unknownTag=9 wireType=2 count=1 bytes=5 reason=no schema decoder path=elem
23:47:26 DEBUG              [MsgPush.UnknownElement] wire element ignored unknownTag=10 wireType=0 count=1 bytes=1 reason=no schema decoder path=elem.generalFlags
23:47:26 DEBUG              [MsgPush.UnknownElement] wire element ignored unknownTag=12 wireType=0 count=1 bytes=1 reason=no schema decoder path=elem.generalFlags
23:47:26 DEBUG              [MsgPush.UnknownElement] wire element ignored unknownTag=13 wireType=0 count=1 bytes=1 reason=no schema decoder path=elem.generalFlags
23:47:26 DEBUG              [MsgPush.UnknownElement] wire element ignored unknownTag=19 wireType=2 count=1 bytes=94 reason=no schema decoder path=elem.generalFlags
23:47:26 OK    [3868978960] [Event] [自身] 群 [NSUK模组-高级用户群(455415527)] | [机器人测试账号(3868978960)]: ID:1199955209 @2639131152 本mod需要放置城市核心后才能创建城市，合成表如下图 [图片] 右键它弹出起名框，为城市取名后会来第一个NPC市民。
创建城市后如果住宅（用建筑盒由市民建设出来的...
23:47:26 DEBUG [3868978960] [Highway] image fast-upload hit for sub=top (server reusing cached resource)
23:47:26 DEBUG [3868978960] [Highway] image fast-upload hit (server already had bytes)
23:47:27 INFO               [OneBot] 群聊 455415527 | 发送：本mod需要放置城市核心后才能创建城市，合成表如下图
 [图片] 
右键它弹出起名框，为城市取名后会来第一个NPC市民。
创建城市后如果住宅（用建筑盒由市民建设出来的...
23:47:27 DEBUG [3868978960] [Bridge.Action] send_group_msg params=group_id=455415527 message=[len=4]
23:47:27 DEBUG [3868978960] [Highway.Image] uploading 57497 bytes md5=be7f2dee... → group 455415527
23:47:27 DEBUG              [MsgPush.UnknownElement] wire element ignored unknownTag=1 wireType=2 count=1 bytes=34 reason=no schema decoder path=body.richText
23:47:27 DEBUG              [MsgPush.UnknownElement] wire element ignored unknownTag=9 wireType=2 count=1 bytes=5 reason=no schema decoder path=elem
23:47:27 DEBUG              [MsgPush.UnknownElement] wire element ignored unknownTag=10 wireType=0 count=1 bytes=1 reason=no schema decoder path=elem.generalFlags
23:47:27 DEBUG              [MsgPush.UnknownElement] wire element ignored unknownTag=12 wireType=0 count=1 bytes=1 reason=no schema decoder path=elem.generalFlags
23:47:27 DEBUG              [MsgPush.UnknownElement] wire element ignored unknownTag=13 wireType=0 count=1 bytes=1 reason=no schema decoder path=elem.generalFlags
23:47:27 DEBUG              [MsgPush.UnknownElement] wire element ignored unknownTag=19 wireType=2 count=1 bytes=90 reason=no schema decoder path=elem.generalFlags
23:47:27 OK    [3868978960] [Event] [自身] 群 [NSUK模组-高级用户群(455415527)] | [机器人测试账号(3868978960)]: ID:208862296 @3384089540 本mod需要放置城市核心后才能创建城市，合成表如下图 [图片] 右键它弹出起名框，为城市取名后会来第一个NPC市民。
创建城市后如果住宅（用建筑盒由市民建设出来的...
23:47:27 DEBUG [3868978960] [Highway] image fast-upload hit for sub=top (server reusing cached resource)
23:47:27 DEBUG [3868978960] [Highway] image fast-upload hit (server already had bytes)
23:47:28 DEBUG              [MsgPush.UnknownElement] wire element ignored unknownTag=1 wireType=2 count=1 bytes=33 reason=no schema decoder path=body.richText
23:47:28 DEBUG              [MsgPush.UnknownElement] wire element ignored unknownTag=9 wireType=2 count=1 bytes=5 reason=no schema decoder path=elem
23:47:28 DEBUG              [MsgPush.UnknownElement] wire element ignored unknownTag=10 wireType=0 count=1 bytes=1 reason=no schema decoder path=elem.generalFlags
23:47:28 DEBUG              [MsgPush.UnknownElement] wire element ignored unknownTag=12 wireType=0 count=1 bytes=1 reason=no schema decoder path=elem.generalFlags
23:47:28 DEBUG              [MsgPush.UnknownElement] wire element ignored unknownTag=13 wireType=0 count=1 bytes=1 reason=no schema decoder path=elem.generalFlags
23:47:28 DEBUG              [MsgPush.UnknownElement] wire element ignored unknownTag=19 wireType=2 count=1 bytes=91 reason=no schema decoder path=elem.generalFlags
23:47:28 OK    [3868978960] [Event] [自身] 群 [NSUK模组-高级用户群(455415527)] | [机器人测试账号(3868978960)]: ID:-1747852251 @3630797734 本mod需要放置城市核心后才能创建城市，合成表如下图 [图片] 右键它弹出起名框，为城市取名后会来第一个NPC市民。
创建城市后如果住宅（用建筑盒由市民建设出来的...
23:47:28 INFO               [OneBot] 群聊 455415527 | 发送：本mod需要放置城市核心后才能创建城市，合成表如下图
 [图片] 
右键它弹出起名框，为城市取名后会来第一个NPC市民。
创建城市后如果住宅（用建筑盒由市民建设出来的...
23:47:45 WARN  [3868978960] [Event] 群撤回 [NSUK模组-高级用户群(455415527)] | [安沐尘(3384089540)] 被 [安沐尘(3384089540)] 撤回
23:47:53 DEBUG              [MsgPush.UnknownElement] wire element ignored unknownTag=1 wireType=2 count=1 bytes=33 reason=no schema decoder path=body.richText
23:47:53 DEBUG              [MsgPush.UnknownElement] wire element ignored unknownTag=9 wireType=2 count=1 bytes=8 reason=no schema decoder path=elem
23:47:53 DEBUG              [MsgPush.UnknownElement] wire element ignored unknownTag=10 wireType=0 count=1 bytes=1 reason=no schema decoder path=elem.generalFlags
23:47:53 DEBUG              [MsgPush.UnknownElement] wire element ignored unknownTag=12 wireType=0 count=1 bytes=1 reason=no schema decoder path=elem.generalFlags
23:47:53 DEBUG              [MsgPush.UnknownElement] wire element ignored unknownTag=13 wireType=0 count=1 bytes=1 reason=no schema decoder path=elem.generalFlags
23:47:53 DEBUG              [MsgPush.UnknownElement] wire element ignored unknownTag=19 wireType=2 count=1 bytes=98 reason=no schema decoder path=elem.generalFlags
23:47:53 OK    [3868978960] [Event] 群 [NSUK模组-高级用户群(455415527)] | [【仅受理建筑相关】-苏晴晴在此-(2639131152)]: ID:-1934367560 [聊天记录]
23:50:43 DEBUG              [MsgPush.UnknownElement] wire element ignored unknownTag=1 wireType=2 count=1 bytes=33 reason=no schema decoder path=body.richText
23:50:43 DEBUG              [MsgPush.UnknownElement] wire element ignored unknownTag=10 wireType=0 count=1 bytes=1 reason=no schema decoder path=elem.generalFlags
23:50:43 DEBUG              [MsgPush.UnknownElement] wire element ignored unknownTag=12 wireType=0 count=1 bytes=1 reason=no schema decoder path=elem.generalFlags
23:50:43 DEBUG              [MsgPush.UnknownElement] wire element ignored unknownTag=13 wireType=0 count=1 bytes=1 reason=no schema decoder path=elem.generalFlags
23:50:43 DEBUG              [MsgPush.UnknownElement] wire element ignored unknownTag=17 wireType=0 count=1 bytes=1 reason=no schema decoder path=elem.generalFlags
23:50:43 DEBUG              [MsgPush.UnknownElement] wire element ignored unknownTag=19 wireType=2 count=1 bytes=109 reason=no schema decoder path=elem.generalFlags
23:50:43 DEBUG              [MsgPush.UnknownElement] wire element ignored unknownTag=9 wireType=2 count=1 bytes=8 reason=no schema decoder path=elem
23:50:43 OK    [3868978960] [Event] 群 [NSUK模组-高级用户群(455415527)] | [我是梦蓝咯(3630797734)]: ID:2147052077 /住宅
23:50:43 DEBUG [3868978960] [Bridge.Action] send_group_msg params=group_id=455415527 message=[len=2]
23:50:43 INFO               [OneBot] 群聊 455415527 | 发送：本模组住宅建筑使用【红色的床】来判定可以居住的市民数量，必须是红色的床！！
住宅的基本单位是户，...
23:50:43 DEBUG              [MsgPush.UnknownElement] wire element ignored unknownTag=1 wireType=2 count=1 bytes=34 reason=no schema decoder path=body.richText
23:50:43 DEBUG              [MsgPush.UnknownElement] wire element ignored unknownTag=9 wireType=2 count=1 bytes=3 reason=no schema decoder path=elem
23:50:43 DEBUG              [MsgPush.UnknownElement] wire element ignored unknownTag=10 wireType=0 count=1 bytes=1 reason=no schema decoder path=elem.generalFlags
23:50:43 DEBUG              [MsgPush.UnknownElement] wire element ignored unknownTag=12 wireType=0 count=1 bytes=1 reason=no schema decoder path=elem.generalFlags
23:50:43 DEBUG              [MsgPush.UnknownElement] wire element ignored unknownTag=13 wireType=0 count=1 bytes=1 reason=no schema decoder path=elem.generalFlags
23:50:43 DEBUG              [MsgPush.UnknownElement] wire element ignored unknownTag=19 wireType=2 count=1 bytes=94 reason=no schema decoder path=elem.generalFlags
23:50:43 OK    [3868978960] [Event] [自身] 群 [NSUK模组-高级用户群(455415527)] | [机器人测试账号(3868978960)]: ID:1595406555 @3630797734 本模组住宅建筑使用【红色的床】来判定可以居住的市民数量，必须是红色的床！！
住宅的基本单位是户，...
23:57:44 DEBUG              [MsgPush.UnknownElement] wire element ignored unknownTag=1 wireType=2 count=1 bytes=34 reason=no schema decoder path=body.richText
23:57:44 DEBUG              [MsgPush.UnknownElement] wire element ignored unknownTag=10 wireType=0 count=1 bytes=1 reason=no schema decoder path=elem.generalFlags
23:57:44 DEBUG              [MsgPush.UnknownElement] wire element ignored unknownTag=12 wireType=0 count=1 bytes=1 reason=no schema decoder path=elem.generalFlags
23:57:44 DEBUG              [MsgPush.UnknownElement] wire element ignored unknownTag=13 wireType=0 count=1 bytes=1 reason=no schema decoder path=elem.generalFlags
23:57:44 DEBUG              [MsgPush.UnknownElement] wire element ignored unknownTag=16 wireType=0 count=1 bytes=1 reason=no schema decoder path=elem.generalFlags
23:57:44 DEBUG              [MsgPush.UnknownElement] wire element ignored unknownTag=17 wireType=0 count=1 bytes=3 reason=no schema decoder path=elem.generalFlags
23:57:44 DEBUG              [MsgPush.UnknownElement] wire element ignored unknownTag=19 wireType=2 count=1 bytes=118 reason=no schema decoder path=elem.generalFlags
23:57:44 DEBUG              [MsgPush.UnknownElement] wire element ignored unknownTag=9 wireType=2 count=1 bytes=8 reason=no schema decoder path=elem
23:57:44 DEBUG              [MsgPush.UnknownElement] wire element ignored unknownTag=2 wireType=2 count=1 bytes=21 reason=no schema decoder path=commonElem.msgInfo.msgInfoBody[0].hashSum
23:57:44 DEBUG              [MsgPush.UnknownElement] wire element ignored unknownTag=4 wireType=2 count=1 bytes=3 reason=no schema decoder path=commonElem.msgInfo.extBizInfo
23:57:44 DEBUG              [MsgPush.UnknownElement] wire element ignored unknownTag=3 wireType=0 count=1 bytes=1 reason=no schema decoder path=commonElem.msgInfo.extBizInfo.pic.extData
23:57:44 DEBUG              [MsgPush.UnknownElement] wire element ignored unknownTag=4 wireType=0 count=1 bytes=1 reason=no schema decoder path=commonElem.msgInfo.extBizInfo.pic.extData
23:57:44 DEBUG              [MsgPush.UnknownElement] wire element ignored unknownTag=10 wireType=0 count=1 bytes=1 reason=no schema decoder path=commonElem.msgInfo.extBizInfo.pic.extData
23:57:44 DEBUG              [MsgPush.UnknownElement] wire element ignored unknownTag=12 wireType=2 count=1 bytes=1 reason=no schema decoder path=commonElem.msgInfo.extBizInfo.pic.extData
23:57:44 DEBUG              [MsgPush.UnknownElement] wire element ignored unknownTag=18 wireType=2 count=1 bytes=1 reason=no schema decoder path=commonElem.msgInfo.extBizInfo.pic.extData
23:57:44 DEBUG              [MsgPush.UnknownElement] wire element ignored unknownTag=19 wireType=2 count=1 bytes=1 reason=no schema decoder path=commonElem.msgInfo.extBizInfo.pic.extData
23:57:44 DEBUG              [MsgPush.UnknownElement] wire element ignored unknownTag=21 wireType=2 count=1 bytes=13 reason=no schema decoder path=commonElem.msgInfo.extBizInfo.pic.extData
23:57:44 DEBUG              [MsgPush.UnknownElement] wire element ignored unknownTag=30 wireType=2 count=1 bytes=87 reason=no schema decoder path=commonElem.msgInfo.extBizInfo.pic.extData
23:57:44 DEBUG              [MsgPush.UnknownElement] wire element ignored unknownTag=31 wireType=2 count=1 bytes=33 reason=no schema decoder path=commonElem.msgInfo.extBizInfo.pic.extData
23:57:44 DEBUG              [MsgPush.UnknownElement] wire element ignored unknownTag=34 wireType=0 count=1 bytes=1 reason=no schema decoder path=commonElem.msgInfo.extBizInfo.pic.extData
23:57:44 OK    [3868978960] [Event] 群 [NSUK模组-高级用户群(455415527)] | [我是梦蓝咯(3630797734)]: ID:1426033650 [图片]
